opis_id,name,address,city,state,retail_price,latitude,longitude
7,WOODSHED OF BIG CABIN,"I-44, EXIT 283 & US-69",Big Cabin,OK,3.00733333,36.534000,-95.224600
9,KWIK TRIP #796,"I-94, EXIT 143 & US-12 & SR-21",Tomah,WI,3.28733333,43.983800,-90.473300
20,PILOT TRAVEL CENTER #1243,"I-8, EXIT 119 & SR-85",Gila Bend,AZ,3.899,32.930600,-112.746800
20,PILOT #1243,"I-8, EXIT 119 & SR-85",Gila Bend,AZ,3.899,32.930600,-112.746800
28,LITTLEFIELD EXPRESS #2,"I-540, EXIT 12 & US-71",Fort Smith,AR,3.399,35.367131,-94.396023
35,ACI TRUCK STOP,US-46,Columbia,NJ,3.079,40.938800,-75.055000
36,SHENANDOAH TRUCK CENTER,"I-81, EXIT 273 & SR-703/SR-292",Mount Jackson,VA,2.899,38.785700,-78.680300
44,CIRCLE K #2612042,"I-35,  EXIT 271",Jarrell,TX,2.919,30.811900,-97.594200
46,PETRO STOPPING CENTER #348,"I-85,  EXIT 22 & CR-138",Shorter,AL,3.154,32.383600,-85.916200
49,TA SEYMOUR TRAVEL CENTER,"I-65, EXIT 50 & US-50 & US-31",Seymour,IN,3.959,38.957100,-85.882500
50,TA COUNCIL BLUFFS TRAVEL CENTER,"I-29 & I-80, EXIT 3",Council Bluffs,IA,3.72566666,41.251967,-95.853667
56,TOPS TRUCK STOP,"I-94, EXIT 182 & US-83",Sterling,ND,3.51566666,46.843600,-100.274400
75,Good 2 Go #709,US-50,Montrose,CO,3.424,38.437700,-107.899767
77,OASIS TRAVEL PLAZA,US-13,Laurel,DE,3.229,38.553700,-75.563100
79,DELAWARE TRUCK PLAZA,US-13 & US-40,New Castle,DE,3.249,39.606500,-75.604933
81,One9 #89,"I-75, EXIT 224",Ellenton,FL,3.439,27.538200,-82.500600
85,DOWNIEVILLE FUEL STOP,"I-70, EXIT 234",Dumont,CO,3.459,39.764700,-105.600300
91,MOLLYS FOOD & FUEL,"I-20 & ST 22, EXIT 55",Crawfordville,GA,3.499,33.570800,-82.887200
105,TA SAGINAW I 75 TRAVEL CENTER,"I-75, EXIT 144-B",Bridgeport,MI,3.269,43.355300,-83.854900
105,TA SAGINAW I 75 TRAVEL CENTER,"I-75, EXIT 144-B",Bridgeport,MI,3.339,43.355300,-83.854900
105,TA SAGINAW I 75 TRAVEL CENTER,"I-75, EXIT 144-B",Bridgeport,MI,3.429,43.355300,-83.854900
105,TA SAGINAW I 75 TRAVEL CENTER,"I-75, EXIT 144-B",Bridgeport,MI,3.289,43.355300,-83.854900
105,TA SAGINAW I 75 TRAVEL CENTER,"I-75, EXIT 144-B",Bridgeport,MI,3.399,43.355300,-83.854900
105,TA SAGINAW I 75 TRAVEL CENTER,"I-75, EXIT 144-B",Bridgeport,MI,3.299,43.355300,-83.854900
118,Lupton Truck Stop #567,"I-40, EXIT 359",Lupton,AZ,3.299,35.353900,-109.053700
121,PETRO STOPPING CENTER #306,"I-10, EXIT 200",Eloy,AZ,3.474,32.750900,-111.583300
127,CIRCLE K #4700095,US-41,Henderson,KY,3.609,37.817300,-87.581150
128,THE EFFINGHAM CHROME SHOP,"I-57 & I-70, EXIT 159",Effingham,IL,3.399,39.121700,-88.561100
128,THE EFFINGHAM CHROME SHOP,"I-57 & I-70, EXIT 159",Effingham,IL,3.349,39.121700,-88.561100
128,THE EFFINGHAM CHROME SHOP,"I-57 & I-70, EXIT 159",Effingham,IL,3.549,39.121700,-88.561100
135,LOVES TRAVEL STOP #766,"I-80, EXIT 27",Atkinson,IL,3.589,41.416200,-90.022500
135,LOVES TRAVEL STOP #766,"I-80, EXIT 27",Atkinson,IL,3.389,41.416200,-90.022500
135,LOVES TRAVEL STOP #766,"I-80, EXIT 27",Atkinson,IL,3.449,41.416200,-90.022500
147,SPEEDWAY #8039,"I-69, EXIT 234 & SR-67",Daleville,IN,3.624,40.125700,-85.511000
149,RAYS TRUCK WASH,"I-69, EXIT 309 & US-30",Fort Wayne,IN,3.59233333,41.089977,-85.100156
151,CUBBYS #2101,"I-80, EXIT 211 & SR-47",Gothenburg,NE,3.13233333,40.940000,-100.154700
159,PILOT TRAVEL CENTER #87,"I-10, EXIT 343",Jacksonville,FL,3.859,30.311931,-81.653317
159,PILOT TRAVEL CENTERS #87,"I-10, EXIT 343",Jacksonville,FL,3.859,30.311931,-81.653317
160,PILOT TRAVEL CENTERS #79,"I-12, EXIT 10 AT MILE 10",Denham Springs,LA,3.23233333,30.468333,-90.883300
164,FLYING J TRAVEL PLAZA #650,"I-94, EXIT 15 B",Lake Station,IN,3.809,41.568600,-87.262200
167,FLYING J TRAVEL PLAZA #653,RT 2 & I-65 EXIT 240,Hebron,IN,3.43566666,41.315500,-87.208800
174,Hop-In Food Stores,US-59 & SR-224,Nacogdoches,TX,2.859,31.651680,-94.616300
184,SAPP BROS TRAVEL CENTER,"I-29 & I-80, EXIT 1B",Council Bluffs,IA,3.719,41.251967,-95.853667
186,COFFEE CUP FUEL STOP #5,"I-90, EXIT 154 & US-16",Moorcroft,WY,3.239,44.415400,-104.838900
187,DUDLEYS CORNER,"I-35, EXIT 165 & SR-3",Latimer,IA,3.23233333,42.759800,-93.351800
191,KUM & GO #0302,"I-35, EXIT 193 & SR 106",Clear Lake,IA,3.18566666,43.140600,-93.385000
192,Brew Stuart Truckstop,"I-80, EXIT 93",Stuart,IA,3.099,41.503300,-94.318600
195,PETRO STOPPING CENTER #311,"I-40 & I-55, EXIT 280",West Memphis,AR,3.36733333,35.147450,-90.181200
198,SINCLAIR,"I-76, EXIT 115",Atwood,CO,3.299,40.508200,-103.274900
199,PETRO STOPPING CENTER #366,"I-70, EXIT 252",Salina,KS,3.80566666,38.832000,-97.626750
203,PILOT TRAVEL CENTER #31,"I-80/94, EXIT 2",Highland,IN,3.829,41.550000,-87.456900
203,PILOT TRAVEL CENTERS #31,"I-80/94, EXIT 2",Highland,IN,3.799,41.550000,-87.456900
207,MARATHON,SR-32,Sardinia,OH,3.56566666,38.983200,-83.796600
216,CIRCLE K #2721593,"I-10, EXIT 50",Ocean Springs,MS,3.41566666,30.425850,-88.803950
217,NORTH 9TH 24/7,"I-70, EXIT 252",Salina,KS,3.02566666,38.832000,-97.626750
231,DERBY CITYS TRUCK PLAZA,"I-75, EXIT 62 & US-25",Mount Vernon,KY,2.999,37.398300,-84.337900
235,PILOT TRAVEL CENTERS #92,"I-75, EXIT 358",Ocala,FL,3.359,29.170300,-82.148907
235,PILOT TRAVEL CENTER #92,"I-75, EXIT 358",Ocala,FL,3.41233333,29.170300,-82.148907
240,LA 1 SOUTH TRUCKSTOP,"I-10, EXIT 153 & SR-1",Port Allen,LA,3.039,30.472000,-91.254100
243,SAVE,US-41 & SR-10,Lake Village,IN,3.179,41.138700,-87.445400
244,BIG D TRUCK TRAVEL PLAZA,"I-10, EXIT 92 & SR-95",Duson,LA,2.98233333,30.191200,-92.152500
248,Mardi Gras Truck Stop,"I-10, EXIT 236",New Orleans,LA,3.729,29.957052,-90.070359
250,GOLDEN OX TRUCK STOP,"I-70/US-40, EXIT 159 & US-183",Hays,KS,3.499,38.878200,-99.334800
253,LOVES TRAVEL STOP #450,"I-40, EXIT 280 & I-55, EXIT 4",West Memphis,AR,3.32566666,35.147450,-90.181200
256,BFS FOODS #66,"I-68/US-40, EXIT 22 & US-219",Grantsville,MD,3.899,39.655100,-79.124100
257,PILOT TRAVEL CENTER #917- TOWN PUMP,I-15 & 31ST STREET EXIT 277,Great Falls,MT,3.63566666,47.526960,-111.280840
263,CASEYS #3956,I-94 EXIT 16,Bridgman,MI,3.559,41.936200,-86.554300
267,CORNER MARKET #117,SR-154 & SR-129,Dodge City,KS,3.399,37.756900,-100.024100
269,PILOT TRAVEL CENTERS #24,"I-75, EXIT 15",Monroe,MI,3.299,41.918650,-83.458350
269,PILOT TRAVEL CENTERS #24,"I-75, EXIT 15",Monroe,MI,3.249,41.918650,-83.458350
269,PILOT TRAVEL CENTERS #24,"I-75, EXIT 15",Monroe,MI,3.439,41.918650,-83.458350
269,PILOT TRAVEL CENTERS #24,"I-75, EXIT 15",Monroe,MI,3.349,41.918650,-83.458350
269,PILOT TRAVEL CENTERS #24,"I-75, EXIT 15",Monroe,MI,3.559,41.918650,-83.458350
278,CARLISLE PLAZA,US-41,Carlisle,IN,3.499,38.976300,-87.366700
281,CIRCLE K #4700065,"I-65, EXIT 76 & US-31",Taylorsville,IN,3.399,39.295300,-85.949800
289,LOVES TRAVEL STOP #173,"I-70, MM 209",Lawrence,KS,3.229,38.967180,-95.251060
292,PETES #56,US-169 & CR-5000,Cherryvale,KS,3.23233333,37.266800,-95.559000
293,LOVES TRAVEL STOP #176,"I-35, MILE MARKER 97",Matfield Green,KS,3.25566666,38.144800,-96.554100
304,FL Roberts,"I-91, EXIT 4",Springfield,MA,3.599,42.124379,-72.572732
309,QUIKTRIP #231,"I-635, EXIT 3",Kansas City,KS,3.199,39.104587,-94.692920
323,SAPP BROS TRAVEL CENTER,"I-80, EXIT 126",Ogallala,NE,3.46566666,41.127500,-101.710700
326,FLYING J TRAVEL PLAZA #748,"I-15, EXIT 357",Willard,UT,3.749,41.398900,-112.031700
341,TA JACKSONVILLE SOUTH TRAVEL CENTER,"I-95, EXIT 329",Saint Johns,FL,3.469,30.081500,-81.547700
347,7-ELEVEN #40514,I-90/80-IN TOLL RD MM 22E,Portage,IN,3.99066666,41.567200,-87.175700
358,TA BINGHAMTON TRAVELCENTER,"I-81N, EXIT 2W & I-81S, EXIT 3",Binghamton,NY,3.769,42.113000,-75.893600
358,TA BINGHAMTON TRAVELCENTER,"I-81N, EXIT 2W & I-81S, EXIT 3",Binghamton,NY,3.689,42.113000,-75.893600
358,TA BINGHAMTON TRAVELCENTER,"I-81N, EXIT 2W & I-81S, EXIT 3",Binghamton,NY,3.699,42.113000,-75.893600
358,TA BINGHAMTON TRAVELCENTER,"I-81N, EXIT 2W & I-81S, EXIT 3",Binghamton,NY,3.739,42.113000,-75.893600
361,CIRCLE K #2726293,"I-295, EXIT 25",Jacksonville,FL,3.31566666,30.311931,-81.653317
368,WILTON TRAVEL PLAZA,"I-87, EXIT 16",Gansevoort,NY,3.749,43.180300,-73.705300
368,WILTON TRAVEL PLAZA,"I-87, EXIT 16",Gansevoort,NY,3.799,43.180300,-73.705300
372,GAS DEPOT,"I-94, EXIT 5",Hammond,IN,3.999,41.575180,-87.469720
381,7-Eleven #41830,US-69 & US-135,Jacksonville,TX,2.91566666,31.961800,-95.270300
387,Circle K #2709664,"I-8, EXIT 12",Yuma,AZ,3.489,32.680540,-114.558540
388,Pilot Travel Centers #14,"I-71, EXIT 131",Sunbury,OH,3.719,40.265500,-82.851100
391,PILOT TRAVEL CENTERS #13,"I-71, EXIT 209",Seville,OH,3.699,41.022700,-81.856200
403,TRUCKOMAT OF HEBRON,"I-70, EXIT 126 & SR-37",Hebron,OH,3.429,39.953500,-82.491900
407,FUEL MART #641,"I-80 & I-280, EXIT 71",Perrysburg,OH,3.499,41.549950,-83.609950
421,PETRO STOPPING CENTER #316,"I-40 & I-35, EXIT 127",Oklahoma City,OK,3.30233333,35.494951,-97.488642
424,E EXPRESS,"I-40, EXIT 166",Choctaw,OK,2.899,35.471800,-97.272600
425,Neighbors Express,"I-16, EXIT 51",Dublin,GA,3.299,32.499700,-82.926550
442,WESTERN COOP,US-385 & SR-2,Alliance,NE,3.324,42.114900,-102.888000
455,MR FUEL #753,"I-95, EXIT 104 & SR-207",Ruther Glen,VA,3.26566666,37.945100,-77.471400
456,THE COUNTRY OASIS,US-24,Woodburn,IN,3.399,41.125300,-84.853300
458,HAPPY HILLS GAS & COFFEE,I-29 EXIT 110,Rock Port,MO,3.399,40.430600,-95.527400
460,TRUCK STOP 44,I-20 EXIT 44,Gilbert,SC,3.079,33.958100,-81.391400
461,SPINX #271,"I-26, EXIT 145 & US-601",Orangeburg,SC,3.26233333,33.514425,-80.866075
469,LOAF N JUG #750010,US-160 & SR-17,Alamosa,CO,3.259,37.473150,-105.880200
474,KEWANEE 1 STOP,"I-20, EXIT 169 & US-80",Toomsuba,MS,3.299,32.429600,-88.489200
478,GASTRAK OF PEMBINA,"I-29, EXIT 215",Pembina,ND,3.299,48.859000,-97.288600
483,ALLSUPS #2387,US-54/SR-136/SR-3 & US-64,Guymon,OK,2.97566666,36.696100,-101.477800
486,LA NORIA CONV STORES,"I-35 N, EXIT 4",Laredo,TX,3.299,27.518557,-99.461743
489,EDDIES CORNER,US-87 & US-191,Moore,MT,3.749,46.975500,-109.696900
491,One9 #403,"I-75, EXIT 117",Heiskell,TN,2.999,36.115000,-84.043800
496,PILOT TRAVEL CENTERS #270,"I-40 & I-75, EXIT 374",Knoxville,TN,3.439,35.971652,-83.964548
509,LOVES TRAVEL STOPS #256,"I-10, EXIT 140B",Van Horn,TX,3.649,31.039100,-104.824500
509,LOVES TRAVEL STOP #256,"I-10, EXIT 140B",Van Horn,TX,3.649,31.039100,-104.824500
522,GO MART FOOD STORE #57,"I-70 & ST-285, EXIT 186",Lore City,OH,3.179,40.045900,-81.447900
523,CIRCLE K #2723322,"I-985, EXIT 20 & SR-60",Gainesville,GA,3.26566666,34.308060,-83.863040
525,FASTBREAK,US-45 ALT,West Point,MS,3.059,33.607600,-88.650300
546,PLAZA 30,US-30,Wanatah,IN,3.499,41.384500,-86.876400
557,SAPP BROS TRAVEL CENTER,"I-80, EXIT 73",Peru,IL,3.389,41.333000,-89.126500
557,SAPP BROS TRAVEL CENTER,"I-80, EXIT 73",Peru,IL,3.589,41.333000,-89.126500
557,SAPP BROS TRAVEL CENTER,"I-80, EXIT 73",Peru,IL,3.449,41.333000,-89.126500
557,SAPP BROS TRAVEL CENTER,"I-80, EXIT 73",Peru,IL,3.289,41.333000,-89.126500
559,SHELL MORGAN ROAD TRUCK STOP,"I-40, EXIT 142",Maumelle,AR,3.20733333,34.849100,-92.405900
566,TA GARY TRAVEL CENTER,"I-80/I-94, EXIT 6",Gary,IN,3.83066666,41.579437,-87.339713
567,TA ELOY TRAVEL CENTER,"I-10 & I-8, EXIT 203",Eloy,AZ,3.459,32.750900,-111.583300
572,PILOT TRAVEL CENTER #881,"I-69, EXIT 309A",Fort Wayne,IN,3.899,41.089977,-85.100156
572,PILOT TRAVEL CENTERS #881,"I-69, EXIT 309A",Fort Wayne,IN,3.879,41.089977,-85.100156
576,PETRO STOPPING CENTER #343,"I-10, EXIT 76",Egan,LA,3.624,30.251000,-92.500200
578,LOVES TRAVEL STOP #449,"I-84, EXIT 17",Troutdale,OR,3.779,45.525400,-122.373900
579,FLYING J TRAVEL PLAZA #764,"I-80, EXIT 104 & US-191",Rock Springs,WY,3.67066666,41.596750,-109.216450
586,AMERISTAR TRAVEL PLAZA #120,"I-82, EXIT 80",Prosser,WA,4.399,46.223200,-119.771000
586,AMERISTAR TRAVEL PLAZA #120,"I-82, EXIT 80",Prosser,WA,4.559,46.223200,-119.771000
588,TA TUSCALOOSA TRAVEL CENTER,"I-20/I-59, EXIT 77",Cottondale,AL,2.964,33.176700,-87.387100
591,TA Concordia Travel Plaza,"I-70, EXIT 58 & SR-23",Concordia,MO,3.22566666,38.977600,-93.581200
599,Sapp Bros Travel Center,"I-80, EXIT 59 & SR-17J",Sidney,NE,3.50066666,41.179250,-102.990750
602,JIFFY MART EXIT 18 TRUCK STOP,"I-89/SR-120, EXIT 18 & SR-120",Lebanon,NH,3.599,43.643500,-72.247300
614,TA MAYBROOK TRAVEL CENTER,"I-84, EXIT 5",Montgomery,NY,4.359,41.533300,-74.253400
628,KWIK FILL #227,"I-90,  EXIT 218",Geneva,OH,3.15233333,41.802900,-80.947400
636,UNION 76,"I-5, EXIT 233 E",Albany,OR,3.379,44.639000,-123.095150
651,ONE9 #1366,"I-40, EXIT 126 & US-641",Holladay,TN,2.98566666,35.895100,-88.091200
652,TA KNOXVILLE EAST TRAVEL CENTER,"I-40 & I-75, EXIT 374",Knoxville,TN,3.42566666,35.971652,-83.964548
669,PETRO STOPPING CENTER #350,"I-10,  EXIT 4",Canutillo,TX,3.499,31.934400,-106.592900
672,CROWN POINT TRUCK STOP,"I-295/US-130,EXIT 22",Thorofare,NJ,3.549,39.845700,-75.194300
680,TA EXPRESS SUMMIT,"I-29, EXIT 207 & US-12",Summit,SD,3.20566666,45.352100,-97.042700
684,7-ELEVEN #35101,"I-86/SR-17, EXIT 16",Randolph,NY,4.499,42.163100,-78.960000
689,FLYING EAGLE,"I-235, EXIT 4",Wichita,KS,3.499,37.694591,-97.341863
692,BP,US-63,Ottumwa,IA,3.399,41.030900,-92.409800
739,Arco #364420,US-23,Greenup,KY,3.649,38.536800,-82.919100
748,QUIKTRIP #4231,US-85,Evans,CO,3.17233333,40.380300,-104.697100
769,AYERCO #26,US-61/US-136,Alexandria,MO,3.01566666,40.344500,-91.515400
815,Kwik Trip #1508,"US-18/SR-151, EXIT 58",Barneveld,WI,3.489,43.015800,-89.904200
855,SPEEDWAY #7459,US-41 & SR-137,North Chicago,IL,3.379,42.379000,-87.816500
855,SPEEDWAY #7459,US-41 & SR-137,North Chicago,IL,3.499,42.379000,-87.816500
855,SPEEDWAY #7459,US-41 & SR-137,North Chicago,IL,3.289,42.379000,-87.816500
863,Ocean Fuel,US-301/SR-73,Sylvania,GA,3.499,32.743900,-81.628700
906,PILOT TRAVEL CENTERS #429,"I-40, EXIT 280",West Memphis,AR,3.499,35.147450,-90.181200
906,PILOT TRAVEL CENTER #429,"I-40, EXIT 280",West Memphis,AR,3.291,35.147450,-90.181200
908,CIRCLE K #2704888,"I-65, EXIT 246 & SR-119",Pelham,AL,3.46566666,33.293200,-86.768000
912,PETRO STOPPING CENTER #319,"I-20/59,  EXIT 100",Mc Calla,AL,3.12566666,33.284500,-87.102400
936,CASEYS #4254,"I-40, EXIT 129",Conway,AR,3.03233333,35.094275,-92.400425
970,CIRCLE K #2702885,"I-17/SR-60, EXIT 199A",Phoenix,AZ,3.39233333,33.491612,-112.079255
977,PILOT TRAVEL CENTER #328,"I-10, EXIT 17",Quartzsite,AZ,3.959,33.698050,-114.216050
977,PILOT TRAVEL CENTERS #328,"I-10, EXIT 17",Quartzsite,AZ,3.959,33.698050,-114.216050
981,STINKER #85,"I-15, EXIT 93",Blackfoot,ID,3.53233333,43.194300,-112.361500
982,CIRCLE K #2701948,"I-8, EXIT 7 & SR-195",Yuma,AZ,3.56566666,32.680540,-114.558540
1028,FOUR STATES TRUCK STOP,"I-495, EXIT 4 & SR-9",New Castle,DE,3.449,39.606500,-75.604933
1028,FOUR STATES TRUCK STOP,"I-495, EXIT 4 & SR-9",New Castle,DE,3.399,39.606500,-75.604933
1042,Union 76,US-441 & SR-100A,Lake City,FL,3.56233333,30.181375,-82.648025
1043,ONE9 #1401,I-75 EXIT 414  & US-41,Lake City,FL,3.259,30.181375,-82.648025
1043,SHELL DBA ONE9 #1401,I-75 EXIT 414  & US-41,Lake City,FL,3.244,30.181375,-82.648025
1047,TA MARIANNA TRAVEL CENTER,"I-10/SR-8, EXIT 142 & SR-71",Marianna,FL,3.60733333,30.744933,-85.214567
1075,PILOT TRAVEL CENTER #68,"I-16 /SR-404, EXIT 51 & US-441",Dublin,GA,3.43233333,32.499700,-82.926550
1075,PILOT TRAVEL CENTERS #68,"I-16 /SR-404, EXIT 51 & US-441",Dublin,GA,3.399,32.499700,-82.926550
1106,CIRCLE K #2705367,"I-20, EXIT 172",Thomson,GA,3.399,33.477400,-82.494200
1112,BC AMPRIDE TRUCK PLAZA,US-59/SR-141,Denison,IA,3.399,42.019600,-95.363600
1115,KWIK STAR #704,SR-57/SR-14,Parkersburg,IA,3.58233333,42.571400,-92.768800
1121,TRAVELERS OASIS,"I-84, EXIT 182",Eden,ID,3.799,42.586800,-114.246700
1128,TA CHICAGO NORTH TRAVEL CENTER,"I-94/US-41, EXIT 1",Wadsworth,IL,3.819,42.446000,-87.904000
1128,TA CHICAGO NORTH TRAVEL CENTER,"I-94/US-41, EXIT 1",Wadsworth,IL,3.879,42.446000,-87.904000
1128,TA CHICAGO NORTH TRAVEL CENTER,"I-94/US-41, EXIT 1",Wadsworth,IL,3.779,42.446000,-87.904000
1128,TA CHICAGO NORTH TRAVEL CENTER,"I-94/US-41, EXIT 1",Wadsworth,IL,3.769,42.446000,-87.904000
1132,SPEEDWAY #7423,"I-57, EXIT 83",Ina,IL,3.249,38.152700,-88.889400
1136,PILOT TRAVEL CENTER #171,"I-74, EXIT 206",Oakwood,IL,3.399,40.116700,-87.782500
1136,PILOT TRAVEL CENTER #171,"I-74, EXIT 206",Oakwood,IL,3.499,40.116700,-87.782500
1136,PILOT TRAVEL CENTER #171,"I-74, EXIT 206",Oakwood,IL,3.599,40.116700,-87.782500
1140,CIRCLE K #4701398,"I-55, EXIT 82 & SR-104",Divernon,IL,3.499,39.569200,-89.662600
1149,PILOT TRAVEL CENTER #30,"I-70, EXIT 96",Greenfield,IN,3.959,39.790200,-85.814100
1149,PILOT TRAVEL CENTERS #30,"I-70, EXIT 96",Greenfield,IN,3.959,39.790200,-85.814100
1151,SPEEDWAY #8061,"I-70, EXIT 115 & SR-109",Knightstown,IN,3.759,39.806000,-85.526100
1154,CIRCLE K #2704691,SR-71 & CR-214,Cedar Creek,TX,3.199,30.096600,-97.497600
1156,CIRCLE K #4700028,"I-74/US-421, EXIT 116 & SR-44",Shelbyville,IN,3.599,39.504300,-85.787500
1157,One9 #297,"I-70, EXIT 11 & SR-46",Terre Haute,IN,3.43566666,39.467675,-87.389000
1158,PILOT TRAVEL CENTERS #36,US-30  & SR-49,Valparaiso,IN,3.869,41.471933,-87.073333
1158,PILOT TRAVEL CENTER #36,US-30  & SR-49,Valparaiso,IN,3.859,41.471933,-87.073333
1163,SHORT STOP #13,US-54,Emporia,KS,2.839,38.418400,-96.187100
1176,PILOT TRAVEL CENTERS #353,"I-75, EXIT 129",Georgetown,KY,3.20566666,38.211700,-84.556200
1179,PILOT TRAVEL CENTERS #399,"I-65, EXIT 105",Lebanon Junction,KY,3.609,37.851100,-85.724600
1196,SOUTHERN BELLE TRUCK STOP,US-61 & SR-964,Saint Francisville,LA,3.384,30.869400,-91.418600
1199,ALLTOWN MARKETS #306,"I-190, EXIT 7",Leominster,MA,3.68233333,42.527400,-71.756300
1202,ONE9 #290,"I-95, EXIT 93 & SR-222",Perryville,MD,3.599,39.564900,-76.059200
1204,PETRO STOPPING CENTER #321,"I-70 & I-57, EXIT 159",Effingham,IL,3.549,39.121700,-88.561100
1204,PETRO STOPPING CENTER #321,"I-70 & I-57, EXIT 159",Effingham,IL,3.349,39.121700,-88.561100
1204,PETRO STOPPING CENTER #321,"I-70 & I-57, EXIT 159",Effingham,IL,3.439,39.121700,-88.561100
1204,PETRO STOPPING CENTER #321,"I-70 & I-57, EXIT 159",Effingham,IL,3.399,39.121700,-88.561100
1208,D AVENUE FUEL PLAZA,US-131,Kalamazoo,MI,3.499,42.286470,-85.578710
1208,D AVENUE FUEL PLAZA,US-131,Kalamazoo,MI,3.099,42.286470,-85.578710
1210,ROADHAWK TRAVEL CENTER,"I-94, EXIT 56 & SR-51",Paw Paw,MI,3.599,42.234900,-85.900500
1210,ROADHAWK TRAVEL CENTER,"I-94, EXIT 56 & SR-51",Paw Paw,MI,3.559,42.234900,-85.900500
1217,KWIK TRIP #250,"I-90, EXIT 179",Austin,MN,3.374,43.669500,-92.978400
1218,CASEYS #3658,SR-210,Pillager,MN,3.299,46.360700,-94.489500
1225,AYERCO #35,US-61 & US-61 BUS,Bowling Green,MO,3.01566666,39.334600,-91.196200
1234,Lamar Travel Plaza,US-71 & US-160,Lamar,MO,3.199,37.519100,-94.336400
1236,AYERCO #44,US-36 & US-24,Palmyra,MO,3.01566666,39.791300,-91.536800
1240,TEMP STOP #103,US-65,Sedalia,MO,3.199,38.700300,-93.230300
1247,SNAPPY MART #11,US-63 & SR-14,West Plains,MO,3.299,36.728400,-91.871700
1251,MAPCO #3009,US-72,Corinth,MS,3.154,34.898200,-88.556700
1256,DOUBLE QUICK #89,US-82/US-278,Greenville,MS,3.25566666,33.366600,-90.995675
1265,JOE JOES TRAVEL CENTER,US-78 & RED BANKS RD S,Red Banks,MS,2.97233333,34.893700,-89.564900
1304,LOVES TRAVEL STOP #667,"I-85, EXIT 152",Mebane,NC,3.94733333,36.097900,-79.271900
1315,CIRCLE K #2720218,US-421 BUS & US-15/US-501/US-1,Sanford,NC,3.08233333,35.465533,-79.163333
1325,SCOTCHMAN #3303,US-421 & US-74,Wilmington,NC,3.629,34.199792,-77.886400
1326,SPEEDWAY #7949,US-301/US-264 ALT & CR-1674,Wilson,NC,3.199,35.733550,-77.931675
1333,PUMP & PANTRY #15,US-30,Grand Island,NE,3.30733333,40.907667,-98.410167
1340,BORDENTOWN VALERO,"NJ TNPK, EXIT 7 & US-206",Bordentown,NJ,3.499,40.143100,-74.703200
1342,Delta,"I-80, EXIT 47B",Fairfield,NJ,3.20233333,40.882200,-74.296000
1344,BOLLA TRUCK STOP #193,US-202 & SR-17,Mahwah,NJ,3.53233333,41.092800,-74.175250
1348,GLOBAL,SR-73,Palmyra,NJ,3.359,40.003700,-75.025700
1356,LOVES TRAVEL STOP #257,"I-40 & HORIZON, EXIT 79",Milan,NM,3.59066666,35.169800,-107.890900
1364,7- ELEVEN #40507,"I-80/I-90, MM 56 WB",Rolling Prairie,IN,3.98233333,41.722900,-86.584100
1372,PILOT TRAVEL CENTER #469,"I-77, EXIT 101 & SR-627",Canton,OH,3.62233333,40.814772,-81.382900
1376,FUEL MART #782,"I-75, EXIT 118",Lima,OH,3.08566666,40.747333,-84.122250
1379,TA LODI TRAVEL CENTER,"I-71, EXIT 209 & I-76/US-224, EXIT 1",Seville,OH,3.739,41.022700,-81.856200
1384,SUNOCO,"I-80/I-90, EXIT 13 & US-20ALT/SR-15",Montpelier,OH,3.41566666,41.598200,-84.614700
1391,ONCUE EXPRESS #2045,"I-35, EXIT 203 & SR-15",Billings,OK,3.21566666,36.524600,-97.418900
1395,DOMINO FOOD AND FUEL #1,"I-40, EXIT 66",Clinton,OK,3.099,35.511500,-98.979500
1404,ONE9 #339,"I-74, EXIT 4 & SR-63",Covington,IN,3.26233333,40.132600,-87.381900
1414,SAC SHOP #507,"I-70, EXIT 12/161",Breezewood,PA,4.099,39.990500,-78.245300
1424,GETTYSBURG TRAVEL PLAZA,US-15 & SR-394,Gettysburg,PA,3.899,39.832000,-77.222300
1428,CIRCLE K #4702408,"I-65, EXIT 168 & SR-38/SR-25",Lafayette,IN,3.43233333,40.376883,-86.871600
1432,KWIK FILL #259,"I-81, EXIT 57",Mechanicsburg,PA,4.049,40.195600,-77.015050
1444,PILOT TRAVEL CENTERS #346,"I-20, EXIT 92 & US-601",Lugoff,SC,3.43233333,34.229600,-80.714700
1445,PILOT TRAVEL CENTERS #402,"I-80, EXIT 367",Cheyenne,WY,3.709,41.151850,-104.793900
1447,HOT SPOT #3005,US-221,Chesnee,SC,3.199,35.115400,-81.867800
1453,EXPRESS STOP,US-278/SR-101/SR-6 & SR-113,Rockmart,GA,3.319,33.997900,-85.059400
1455,PETRO FLORENCE,"I-95, EXIT 169",Florence,SC,3.32566666,34.137967,-79.706250
1461,CIRCLE K #2705370,"I-26, EXIT 15 & US-176",Inman,SC,3.099,35.052800,-82.054000
1464,CIRCLE K #2723254,"I-20, EXIT 55 & SR-6",Lexington,SC,3.199,33.939033,-81.235733
1470,CIRCLE K #2705348,US-1,Beech Island,SC,3.159,33.470700,-81.863900
1479,TA SPARTANBURG TRAVEL CENTER,"I-85, EXIT 63 & SR-290",Duncan,SC,3.43233333,34.917600,-82.125800
1487,ROADRUNNER MARKET #6019,"I-81, EXIT 36 NORTH",Greeneville,TN,3.499,36.181800,-82.849267
1492,MAPCO #3538,"I-24, EXIT 174",Chattanooga,TN,2.899,35.041390,-85.283515
1507,CIRCLE K #4703941,"I-55, EXIT 5A",Memphis,TN,3.189,35.159839,-89.969254
1516,LOVES TRAVEL STOP #261,I-27 EXIT 116,Amarillo,TX,3.23233333,35.253452,-101.865656
1531,CircleK #4702365,"I-74, EXIT 112 & SR-9",Shelbyville,IN,3.509,39.504300,-85.787500
1533,YESWAY #1157,US-62,Brownfield,TX,2.99233333,33.169800,-102.276200
1546,SHELL,"I-35, EXIT 86 & SR-85",Dilley,TX,3.099,28.678200,-99.174700
1548,TOOT N TOTUM #107,US-287,Dumas,TX,3.03233333,35.882300,-101.968000
1552,STRIPES #40911,US-59 & SR-16,Freer,TX,3.099,27.880000,-98.606100
1555,SEIBERT TRAVEL PLAZA,"I-70, EXIT 405 & SR-59",Seibert,CO,3.499,39.318300,-102.882200
1560,CATTREZ,US-20 & SR-5,Irving,NY,2.899,42.573900,-79.059600
1560,CATTREZ,US-20 & SR-5,Irving,NY,2.999,42.573900,-79.059600
1562,I MART #108,"I-40, EXIT 108",Wildersville,TN,3.099,35.769800,-88.438800
1567,KUM & GO #4110,"I-235, EXIT 11",Des Moines,IA,3.02733333,41.650284,-93.586047
1579,FLYING J TRAVEL PLAZA #924- TOWN PUMP,"I-15, EXIT 122 & I-90 MM220",Butte,MT,3.56566666,45.963120,-112.624960
1582,LOVES TRAVEL STOP #250,I-40 EXIT 60,Amarillo,TX,3.314,35.253452,-101.865656
1585,Stripes 7Fleet #42498,US-385 & CR-1910,Andrews,TX,3.369,32.320100,-102.540900
1590,ROAD RANGER #240,"I-80 & I-94, EXIT 15-A",Lake Station,IN,3.559,41.568600,-87.262200
1596,FLYING J #305,"I-40, EXIT 39",Jamestown,NM,3.44233333,35.480900,-108.176700
1597,7-ELEVEN #36156,"I-70 & SR-519, EXIT 25/333",Eighty Four,PA,4.999,40.186800,-80.062700
1599,ONVO TRAVEL PLAZA,"I-81, EXIT 10",Mc Graw,NY,3.439,42.594800,-76.082000
1599,ONVO TRAVEL PLAZA,"I-81, EXIT 10",Mc Graw,NY,3.459,42.594800,-76.082000
1602,CIRCLE K #2723387,US-98,Beaumont,MS,3.56566666,31.169300,-88.920000
1606,DONNAS TRAVEL PLAZA,"I-5, EXIT 202",Marysville,WA,4.559,48.081100,-122.177100
1610,TA BALTIMORE TRAVEL CENTER,"I-95, EXIT 57",Baltimore,MD,4.759,39.301857,-76.620995
1618,GO MART FOOD STORE #33,US-33,Ripley,WV,3.499,38.809000,-81.702000
1621,CIRCLE K #2709337,"I-65, EXIT 262B",Birmingham,AL,3.489,33.516468,-86.843787
1622,RACEWAY #6973,US-380 & SR-114/SR-101,Bridgeport,TX,2.78233333,33.187000,-97.781000
1623,SAPP BROS TRAVEL CENTER,"I-70 & I-270, EXIT 278",Commerce City,CO,3.389,39.817100,-104.922600
1625,PILOT TRAVEL CENTERS #60,"I-26, EXIT 159",Bowman,SC,3.43233333,33.347500,-80.670900
1632,PILOT TRAVEL CENTERS #266,"I-10, EXIT 139 & SR-292",Las Cruces,NM,3.19066666,32.379678,-106.769089
1633,7-ELEVEN #36302,"I-35, EXIT 144",Von Ormy,TX,3.109,29.275000,-98.667700
1634,PILOT TRAVEL CENTERS #40,"I-94, EXIT 322",Oak Creek,WI,3.889,42.889200,-87.902700
1644,ALLSUPS CONVENIENCE STORE #2414,"I-20, EXIT 235",Roscoe,TX,2.929,32.427600,-100.539100
1646,SPEEDWAY #8310,US-6  & US-31,Plymouth,IN,3.609,41.353000,-86.301500
1647,SPEEDWAY #8305,US-41 & SR-312,Hammond,IN,3.76566666,41.575180,-87.469720
1653,ROAD RANGER #187,"I-55, EXIT 289",Chicago,IL,3.569,41.854213,-87.676050
1653,ROAD RANGER #187,"I-55, EXIT 289",Chicago,IL,3.599,41.854213,-87.676050
1654,CEFCO #3,US-77/US190/SR-36,Cameron,TX,2.989,30.852700,-96.976600
1661,CHEVRON,"I-20, EXIT 101 & SR-151",Calhoun,LA,3.159,32.524800,-92.329900
1669,BETTY BEAVERS TRUCKSTOP,"I-90, EXIT 28",Fultonville,NY,3.149,42.903600,-74.359800
1669,BETTY BEAVERS TRUCKSTOP,"I-90, EXIT 28",Fultonville,NY,3.189,42.903600,-74.359800
1670,Petro Stopping Center #54,"I-44, EXIT 4 & SR-3",Joplin,MO,3.449,37.077950,-94.510500
1671,LOVES TRAVEL STOP #412,"I-95, EXIT 77",Dunn,NC,3.699,35.311400,-78.612000
1672,HANA TRAVEL PLAZA,"I-40,  EXIT 77",Amarillo,TX,2.899,35.253452,-101.865656
1699,ALLENS FOOD MART280,US-280/US-231/SR-53/SR-38 & CR-8/CR-34,Sylacauga,AL,3.799,33.173650,-86.314350
1700,TOPPS FUEL STOPS,US-259/SR-49,Daingerfield,TX,3.109,33.031300,-94.735900
1720,TOOT N TOTUM #120,US-54 & S WESTERN AVE,Liberal,KS,3.01566666,37.032700,-100.933300
1749,HIGHWAY 96 FUEL STOP,US-96 & SR-62/FM-1004,Buna,TX,3.149,30.413200,-93.991300
1753,PWI #169,"I-35/US-77, EXIT 359 & CR-1304",Abbott,TX,2.899,31.891600,-97.067100
1773,M-46 AUTO TRUCK PLAZA,"US-131, EXIT 120 & SR-46",Howard City,MI,3.199,43.408300,-85.485600
1773,M-46 AUTO TRUCK PLAZA,"US-131, EXIT 120 & SR-46",Howard City,MI,3.599,43.408300,-85.485600
1773,M-46 AUTO TRUCK PLAZA,"US-131, EXIT 120 & SR-46",Howard City,MI,3.099,43.408300,-85.485600
1791,PILOT TRAVEL CENTERS #257,"I-20, EXIT 126 & FM-1788",Midland,TX,3.56566666,31.939173,-102.066982
1807,LOVES TRAVEL STOP #229,I-40 EXIT 96 & SR-207,Panhandle,TX,3.314,35.380800,-101.430400
1810,KENT KWIK #804,US-83,Perryton,TX,2.999,36.374800,-100.815600
1829,PILOT TRAVEL CENTERS #96,"SR- 60 & FL TURNPIKE, EXIT 193",Okeechobee,FL,3.719,27.288133,-80.872067
1829,PILOT TRAVEL CENTER #96,"SR- 60 & FL TURNPIKE, EXIT 193",Okeechobee,FL,3.699,27.288133,-80.872067
1832,CORNER FUEL CENTER,US-49,Hattiesburg,MS,3.299,31.249550,-89.325133
1834,PUMP N PANTRY #15,"I-20, EXIT 617 & US-59",Marshall,TX,2.899,32.531733,-94.351467
1849,Stripes #42457,US-67/US-277,San Angelo,TX,3.244,31.460629,-100.443057
1855,EXIT 76 AUTO TRUCK PLAZA,US-131,Byron Center,MI,3.499,42.801600,-85.713600
1858,FLYING J TRAVEL PLAZA #737,"I-10, EXIT 583",San Antonio,TX,3.224,29.464699,-98.498407
1859,GO MART FOOD STORE #44,"I-79, EXIT 67 & US-19/SR-4",Sutton,WV,3.559,38.654100,-80.676000
1860,MR FUEL #278,"I-75/71, EXIT 175 & SR-338",Walton,KY,3.019,38.887500,-84.632800
1861,PETRO STOPPING CENTER #315,"I-40, EXIT 66",Kingman,AZ,3.899,35.219767,-113.929767
1866,PRI MART FUEL CENTER,"I-94, EXIT 29",Benton Harbor,MI,3.799,42.112650,-86.438800
1866,PRI MART FUEL CENTER,"I-94, EXIT 29",Benton Harbor,MI,3.499,42.112650,-86.438800
1873,JDS TRUCKSTOP,"US-12 & US-31, EXIT 3",Niles,MI,3.749,41.820200,-86.236800
1873,JDS TRUCKSTOP,"US-12 & US-31, EXIT 3",Niles,MI,3.849,41.820200,-86.236800
1874,CIRCLE K #2744529,US-175,Seagoville,TX,2.95066666,32.652500,-96.558000
1879,HOLIDAY STATIONSTORE #3552,"I-35, EXIT 81 & SR-70",Lakeville,MN,3.549,44.674900,-93.257800
1888,STRIPES 7FLEET #42449,US-87,Sterling City,TX,3.28066666,31.835100,-101.001700
1889,TOOT N TOTUM #105,US-54 & US-287,Stratford,TX,2.96566666,36.333500,-101.988600
1893,MIKE MCDONALD TRUCK STOP,"I-20, EXIT 509",Terrell,TX,2.87066666,32.742350,-96.239050
1894,CIRCLE K #2741544,"I-37 & SR-72, EXIT 69",Three Rivers,TX,3.06566666,28.475600,-98.178200
1897,YESWAY #1077,"I-20/US-84, EXIT 278",Tye,TX,2.87566666,32.447700,-99.868400
1905,LUCKY TRUCK STOP,US-82,Whitesboro,TX,2.88566666,33.659000,-96.879000
1909,RALLYSTOP #1,"I-15, EXIT 62",Cedar City,UT,3.459,37.677500,-113.061900
1914,LOVES TRAVEL STOP #792,"I-70, EXIT 160",Green River,UT,3.709,39.000200,-110.159800
1921,BELL TRUCK STOP,"I-80, EXIT 146",Park City,UT,3.45233333,40.674433,-111.518433
1923,SCENIC QUIK STOP,"I-70, EXIT 54 & US-89",Salina,UT,3.459,38.956000,-111.881100
1930,CASEYS #3058,"I-35, EXIT 19 & US-160 E",Wellington,KS,3.299,37.277800,-97.391000
1931,RBS ONE STOP,"I-15, EXIT 320",Woods Cross,UT,3.459,40.887400,-111.902700
1934,CIRCLE K #2723710,"I-77, EXIT 24",Austinville,VA,3.24066666,36.819500,-80.858300
1936,QUICK STOP MARKET #36,"I-81, EXIT 10 & US-11",Bristol,VA,3.399,36.613400,-82.190760
1940,7-ELEVEN #40063,"I-81, EXIT 98 & SR-100",Dublin,VA,3.199,37.105700,-80.685300
1944,LOVES TRAVEL STOPS #399,"I-77, EXIT 1 & SR-620",Lambsburg,VA,3.589,36.577500,-80.760100
1944,LOVES TRAVEL STOP #399,"I-77, EXIT 1 & SR-620",Lambsburg,VA,3.589,36.577500,-80.760100
1950,7-ELEVEN #34515,"I-81, EXIT 205",King George,VA,3.399,38.281100,-77.126000
1951,CIRCLE K #2723713,"I-81, EXIT 205",Staunton,VA,3.38566666,38.158350,-79.064000
1953,FAS MART #3555,"I-64, EXIT 136 & US-15",Gordonsville,VA,3.699,38.175900,-78.181500
1954,Joe's Kwik Mart #8409,US-58 & CR-645,Suffolk,VA,3.03233333,36.780400,-76.596350
1956,PILOT TRAVEL CENTER #4642,"I-81, EXIT 291",Toms Brook,VA,3.659,38.947600,-78.433100
1958,SPEEDWAY #4618,"I-81 & I-77, EXIT 77",Wytheville,VA,3.41233333,36.940700,-81.094100
1960,MAPLEWOOD IRVING,"I-89, EXIT 7",Montpelier,VT,3.699,44.251614,-72.578857
1962,SUPER QUIK,"I-64, EXIT 172 & SR-1/SR-7",Grayson,KY,3.799,38.332600,-82.948500
1976,One9 #963,"I-90, EXIT 276",Spokane,WA,3.989,47.664696,-117.398543
1976,One9 #963,"I-90, EXIT 276",Spokane,WA,3.959,47.664696,-117.398543
1977,GEE CEES TRUCK STOP,"I-5, EXIT 57",Toledo,WA,3.839,46.439600,-122.826600
1983,KWIK TRIP #427,"US-53, EXIT 110 & SR-40",Bloomer,WI,3.41566666,45.102500,-91.490000
1985,Camp Douglas BP,"I-90 & I-94, EXIT 55",Camp Douglas,WI,3.154,43.988500,-90.239300
2000,RIVER CITY TRAVEL PLAZA,US-41,Marinette,WI,3.399,45.087400,-87.669700
2002,KWIK TRIP #222,US-53/US-2,Superior,WI,3.339,46.701600,-92.091200
2009,KWIK TRIP #139,"I-43, EXIT 120 & CR-V/CR-OK",Sheboygan,WI,3.29066666,43.758967,-87.703133
2020,BFS FOODS #72,"I-68, EXIT 23 & SR-26",Bruceton Mills,WV,3.499,39.645400,-79.615900
2021,GO MART FOOD STORE #59,"I-64, EXIT 15 & US-60",Huntington,WV,3.499,38.414740,-82.341750
2022,GO MART FOOD STORE #86,"I-79, EXIT 40 & SR-16",Ivydale,WV,3.599,38.535700,-81.034800
2029,HOMAX SERVICE,"I-25, EXIT 188",Mills,WY,3.169,42.840500,-106.365900
2030,GHOST TOWN FUEL STOP,US-26/US-20,Casper,WY,3.429,42.853740,-106.331380
2034,TA CHEYENNE TRAVEL CENTER,"I-80, EXIT 377 & SR-217/CR-140",Cheyenne,WY,3.699,41.151850,-104.793900
2040,Fast Stop Travel Centers #1133,"I-25, EXIT 126 & US-18/20",Douglas,WY,3.499,42.762600,-105.385500
2041,PINE BLUFFS SINCLAIR,"I-80, EXIT 401 & US-30",Pine Bluffs,WY,3.699,41.178800,-104.066600
2044,One9 #1251,"I-80, EXIT 173",Wamsutter,WY,3.499,41.658300,-108.151700
2074,STRIPES #40522,"I-10, EXIT 550",San Antonio,TX,3.059,29.464699,-98.498407
2076,ALLSUPS CONVENIENCE STORE #2159,US-283 BUS/US-277 BUS & SR-422,Seymour,TX,3.299,33.591400,-99.258700
2078,ALLSUPS CONVENIENCE STORE #2366,US-84 & CR-3300,Slaton,TX,2.969,33.437300,-101.643500
2084,Main Street Market #112,"I-20, EXIT 73",Wickett,TX,2.879,31.569200,-103.006700
2087,LWS TRUCK STOP,SR-30,Logan,UT,3.42566666,41.724900,-111.840100
2088,FLYING J TRAVEL PLAZA #773,"I-70, EXIT 40",Richfield,UT,3.699,38.738800,-112.074400
2089,FLYING J TRAVEL PLAZA #774,"I-84, EXIT 7",Snowville,UT,3.749,41.966000,-112.726900
2115,KWIK TRIP #838,SR-23/SR-33,Reedsburg,WI,3.194,43.462700,-89.975900
2125,BIG D #44,"I-80, EXIT 311 & SR-130",Laramie,WY,3.249,41.370550,-105.623725
2144,Mountain View Truck Stop,US-15,Thurmont,MD,4.099,39.610900,-77.398900
2152,SPEEDWAY #4709,"I-90, EXIT 102",Fairmont,MN,3.299,43.637600,-94.451000
2167,PILOT TRAVEL CENTERS #134,"I-94, EXIT 171 (CR 75)",Saint Cloud,MN,3.28733333,45.559164,-94.164900
2182,PILOT TRAVEL CENTER #4649,"I-64 & I-81, EXIT 205",Raphine,VA,3.659,37.937400,-79.221900
2192,GO MART FOOD STORE #51,US-19/SR-129,Mount Nebo,WV,3.599,38.165300,-80.797600
2194,A AND A TRUCKSTOP,US-35 & CR-41,Jackson,OH,3.799,39.042800,-82.647200
2196,Certified Oil #400410,I-76 EXIT 43,Ravenna,OH,3.31566666,41.164900,-81.233700
2204,NATURAL BRIDGE SHELL,US-278 & SR-5,Lynn,AL,3.68233333,34.053000,-87.539800
2209,Roadrunner #471,"I-40/US-65, EXIT 142 & SR-365",North Little Rock,AR,3.03233333,34.786022,-92.285700
2219,PILOT TRAVEL CENTER #66,"I-85, EXIT 129",Braselton,GA,3.27233333,34.138900,-83.781200
2219,PILOT TRAVEL CENTERS #66,"I-85, EXIT 129",Braselton,GA,3.27233333,34.138900,-83.781200
2223,PO JOS GAS N GO,"I-16 SR-404, EXIT 116 & US-301/SR-73",Register,GA,3.23233333,32.338200,-81.872800
2227,SPEEDWAY #7448,SR-59,Naperville,IL,3.299,41.769683,-88.144900
2227,SPEEDWAY #7448,SR-59,Naperville,IL,3.359,41.769683,-88.144900
2231,QUIKTRIP #605,"I-270, EXIT 33",Saint Louis,MO,2.899,38.640271,-90.286310
2255,S&G #36,"I-280, EXIT 2 & SR-795",Millbury,OH,3.49233333,41.561100,-83.438100
2267,Circle K #4703917,"I-65, EXIT 112 & SR-25",Cross Plains,TN,2.949,36.553100,-86.676100
2283,CIRCLE K #2707321,SR-60,Bartow,FL,3.52233333,27.896050,-81.827900
2287,SAC SHOP #511,"I-76/I-70, EXIT 146 & I-99/US-220 EXIT 1",Bedford,PA,4.099,39.990800,-78.526100
2306,SCOTCHMAN #3894,"I-77, EXIT 73 & SR-901",Rock Hill,SC,3.079,34.972200,-81.119580
2310,MAPCO #3686,"I-24, EXIT 175",Chattanooga,TN,2.889,35.041390,-85.283515
2311,SHELL,"I-24 & EPPS MILL RD, EXIT 89",Christiana,TN,3.13233333,35.696000,-86.368000
2331,PINNERS POINT,SR-135,Portsmouth,VA,3.499,36.840063,-76.343537
2336,FLYING J TRAVEL PLAZA #754,"I-77 & I-81, EXIT 77",Wytheville,VA,3.549,36.940700,-81.094100
2340,RSTORE #4478,SR-8 & SR-13,Prentice,WI,3.039,45.548200,-90.294200
2557,PWI #106,"I-30, EXIT 77B",Royse City,TX,2.899,32.962800,-96.364800
2602,PILOT TRAVEL CENTERS #9,"I-75, EXIT 36",Franklin,OH,3.35233333,39.535700,-84.303000
2623,TA JANESVILLE TRAVEL CENTER,"I-90/I-39, EXIT 171B & US-14",Janesville,WI,3.299,42.704650,-89.050450
2626,WEST END SINCLAIR,"I-80, EXIT 211",Rawlins,WY,3.319,41.795100,-107.234900
2629,PILOT TRAVEL CENTERS #253,"I-295 & NJ TRNPK,  EXIT 2B",Penns Grove,NJ,3.989,39.699400,-75.449500
2635,FLYING J #584,"I-5, EXIT 278",Aurora,OR,3.859,45.228400,-122.803900
2638,PIT STOP TRAVEL CENTER,US-789,Riverton,WY,4.399,43.035100,-108.202400
2640,LITTLE NASHVILLE,"I-64, EXIT 50 & SR-127",Nashville,IL,3.399,38.335200,-89.384100
2640,LITTLE NASHVILLE,"I-64, EXIT 50 & SR-127",Nashville,IL,3.299,38.335200,-89.384100
2644,FREDERICKS TRAVEL CENTER,"I-25/US-87, EXIT 235 & SR-52",Erie,CO,3.499,40.059700,-105.068600
2756,PAR MAR FOOD STORE #89,"I-77/SR-2, EXIT 170 & SR-14 E",Mineral Wells,WV,3.499,39.208767,-81.503233
2761,PONY EXPRESS SERVICE CENTER,US-36 & SR-148,Hanover,KS,2.95566666,39.892700,-96.868900
2764,LOVES TRAVEL STOP #046,US-64/54 & SR-94,Hooker,OK,3.56233333,36.810900,-101.216300
2765,LOVES TRAVEL STOP #023,US-50 & US-287,Lamar,CO,3.46233333,38.084100,-102.619200
2772,PILOT TRAVEL CENTERS #29,"I- 80, EXIT 144; I-69, EXIT 357",Fremont,IN,3.899,41.733100,-84.945200
2772,PILOT TRAVEL CENTER #29,"I- 80, EXIT 144; I-69, EXIT 357",Fremont,IN,3.899,41.733100,-84.945200
2779,Stinker #121,I-84 & EXIT 208,Heyburn,ID,3.56066666,42.559900,-113.770900
2788,JIFFY MART #451,"I-91, EXIT 17 & SR-302",Wells River,VT,3.569,44.152400,-72.053000
2805,Fast Stop Travel Centers #1145,"I-15,  EXIT 31",Downey,ID,3.799,42.418100,-112.109000
2807,SUDDEN SERVICE #25,"I-24, EXIT 11",Clarksville,TN,3.30733333,36.525360,-87.354700
2811,KWIK FILL #22,"I-90, EXIT 40 & SR-34/SR-31",Weedsport,NY,3.899,43.048900,-76.542500
2817,Chevron #382354,"I-5/US-12, EXIT 72",Chehalis,WA,4.299,46.638200,-122.965800
2848,TA TONOPAH TRAVEL CENTER,"I-10, EXIT 103",Tonopah,AZ,3.939,33.422800,-112.952800
2851,SPEEDWAY #2958,"I-8, EXIT 12",Yuma,AZ,3.479,32.680540,-114.558540
2862,TA TALLULAH TRAVEL CENTER,"I-20, EXIT 171 & US-65",Tallulah,LA,3.209,32.420550,-91.125650
2864,KUM & GO #0493,I-49 BUS/SR-59,Neosho,MO,3.059,36.870600,-94.386200
2875,CIRCLE K #2744138,"I-25, EXIT 101 & US-50/SR-47",Pueblo,CO,3.399,38.230442,-104.604475
2883,PILOT TRAVEL CENTER #293,"I-75, EXIT 341 & CR-484",Ocala,FL,3.41233333,29.170300,-82.148907
2883,PILOT TRAVEL CENTERS #293,"I-75, EXIT 341 & CR-484",Ocala,FL,3.359,29.170300,-82.148907
2885,SP Truckstop & Travel Center,US-84/SR-38,Bainbridge,GA,3.599,30.908833,-84.575967
2889,MOULTON COWBOYS,SR-157,Moulton,AL,3.099,34.505800,-87.222400
2891,PETRO STOPPING CENTER #338,"I-80, EXIT 21",Sparks,NV,3.949,39.582757,-119.727200
2895,EAGLE TRUCK STOP,I-77 EXIT 81,New Philadelphia,OH,3.31566666,40.484500,-81.435800
2896,NORTH LEWISTON DYNAMART,US-12 & SR 128,Lewiston,ID,3.669,46.364600,-116.860900
2897,GAS N GO #15,"I-80, EXIT 41",Lyman,WY,3.46566666,41.329100,-110.292600
2910,FLYING J TRAVEL PLAZA #685,"I-29 & I- 94, EXIT 349",Fargo,ND,3.569,46.869769,-96.801908
2913,ONE9#226,"I-40, EXIT 417 & SR-92",Dandridge,TN,3.259,36.000800,-83.423300
2915,TP TRUCK STOP,"I-15, EXIT 80",Fort Hall,ID,3.519,43.033100,-112.428500
2917,GOLDYS TRUCK PLAZA,US-29,Rustburg,VA,3.519,37.254500,-79.121500
2922,LOVES TRAVEL STOP #210,"I-40, EXIT 158",Albuquerque,NM,3.52066666,35.077348,-106.644838
2923,LOVES TRAVEL STOP #435,"I-95, EXIT 104 & SR-207",Ruther Glen,VA,3.611,37.945100,-77.471400
2923,LOVES TRAVEL STOPS #435,"I-95, EXIT 104 & SR-207",Ruther Glen,VA,3.589,37.945100,-77.471400
2924,HWY 190 FUEL STOP,US-190,Jasper,TX,3.13233333,30.867300,-93.997700
2926,EXIT 77 TRAVEL PLAZA,"I-81, EXIT 77 & SR-39",Harrisburg,PA,3.499,40.278123,-76.863158
2929,TA EXPRESS STEELE,"I-94, EXIT 200 & SR- 3",Steele,ND,3.599,46.852400,-99.933600
2935,CIRCLE K #2726163,"I-295, EXIT 22",Jacksonville,FL,3.299,30.311931,-81.653317
2937,FLYING J TRAVEL PLAZA #664,"I-75, EXIT 171",Walton,KY,3.08566666,38.887500,-84.632800
2956,PILOT TRAVEL CENTERS #275,"I-85, EXIT 39 I-77, EXIT 13",Charlotte,NC,3.55233333,35.228770,-80.823747
2963,SUPERPUMPER #26,"I-94, EXIT 258 & US-281",Jamestown,ND,3.629,46.937700,-98.801700
2967,PETRO STOPPING CENTER #317,"I-57, EXIT 71",Perrysburg,OH,3.78566666,41.549950,-83.609950
2968,E-Z MART #4460,"I-20,  EXIT 124",Monroe,LA,3.129,32.499870,-92.109780
2977,DISCOUNT FUEL,"I-90, EXIT 150 & SR-73",Kadoka,SD,3.229,43.844600,-101.552300
2982,CIRCLE K #2723726,"I-59/I-20, EXIT 52 & US-11/US-43/SR-7",Knoxville,AL,3.089,32.982400,-87.791900
3003,CHEVRON,"I-20, EXIT 186",Delta,LA,2.994,32.325700,-90.927000
3008,BUSY BEE,"I-10, EXIT 283 & US-129",Live Oak,FL,3.779,30.235750,-83.007400
3022,TA GREENCASTLE TRAVEL CENTER,"I-81, EXIT 5",Greencastle,PA,3.959,39.781800,-77.747000
3030,Mr Ts Riverside,US-412,Cardwell,MO,3.199,36.043400,-90.290700
3064,PORTS TO PLAINS TRAVEL PLAZA,US-50 & US-287,Lamar,CO,3.399,38.084100,-102.619200
3086,SPEEDWAY #4638,US-29,Madison Heights,VA,3.49566666,37.453100,-79.114100
3093,RSTORE #4488,US-51,Merrill,WI,3.24066666,45.180900,-89.690700
3096,HOBO PANTRY #6,US-431/SR-210,Dothan,AL,3.959,31.202760,-85.399620
3118,MOBIL,"I-87, EXIT 42 & US-11",Champlain,NY,3.799,44.977300,-73.446600
3128,TA ATLANTA SOUTH TRAVEL CENTER,"I-75, EXIT 201 & SR-36",Jackson,GA,3.334,33.282000,-83.978400
3138,TA EXPRESS #6264,"I-70, EXIT 26 & US-50",Grand Junction,CO,4.049,39.061714,-108.530514
3139,CHEROKEE TRAVEL MART,"I-40,  EXIT 108",Calumet,OK,3.10566666,35.547600,-98.151200
3148,YESWAY #1038,US-60 & SR-86,Neosho,MO,3.059,36.870600,-94.386200
3155,QUIK MART #18,US-72/SR-157,Tuscumbia,AL,3.00733333,34.687400,-87.683300
3163,QUIKTRIP #71,"I-44, EXIT 238",Tulsa,OK,3.039,36.138438,-95.970035
3164,QUIKTRIP #102,"I-44, EXIT 222A",Tulsa,OK,3.039,36.138438,-95.970035
3165,LOVES TRAVEL STOP #213,"I-35, EXIT 211",Tonkawa,OK,3.584,36.680600,-97.306300
3167,JASPER FOOD MART,US-78,Jasper,AL,3.229,33.867575,-87.257275
3171,One9 #265,"I-40, EXIT 287 & SR-136",Cookeville,TN,3.084,36.177620,-85.497580
3176,BP,US-6 & SR-15,New Paris,IN,3.65733333,41.491700,-85.833800
3178,ERNIES FUEL STOP #1605,SR-167,Kent,WA,4.599,47.381300,-122.211714
3179,MR FUEL #1020,"I-80 & I-94, EXIT 15B",Lake Station,IN,3.56566666,41.568600,-87.262200
3191,BUSY CORNER TRUCK STOP AND MARKET,"I-24, EXIT 105 & US-41/SR-2",Manchester,TN,3.049,35.496700,-86.078200
3205,CROSSROADS TRUCK STOP STATION,"I-29 & SR 34, MM 109",Colman,SD,3.159,43.955800,-96.818900
3206,PERHAM OASIS,US-10 & SR-78,Perham,MN,3.499,46.603100,-95.581800
3215,SHELL TRUCKSTOP,"I-4, EXIT 44",Polk City,FL,3.449,28.198700,-81.808300
3216,MAXS #124,"I-24, EXIT 86 & US-41",Oak Grove,KY,3.04233333,36.665200,-87.425500
3221,Pilot #1440,"US-67, EXIT 55 & US-64/US-167 & SR-367",Bald Knob,AR,3.399,35.311300,-91.550200
3221,Southern Travel Plaza,"US-67, EXIT 55 & US-64/US-167 & SR-367",Bald Knob,AR,3.391,35.311300,-91.550200
3222,POMPANO TRUCK STOP,"I-95, EXIT 36B",Pompano Beach,FL,3.759,26.256837,-80.174900
3226,ONE9 #245,"I-81, EXIT 77 & SR-39",Harrisburg,PA,3.609,40.278123,-76.863158
3227,ONE9 MR FUEL #64,"I-26 & US-17, EXIT 199",Summerville,SC,3.219,33.006100,-80.189825
3227,MR FUEL DBA ONE9 #64,"I-26 & US-17, EXIT 199",Summerville,SC,3.219,33.006100,-80.189825
3230,STRIPES #40815,US-281 & US-285,Falfurrias,TX,3.299,27.224200,-98.140800
3264,TA WEST MEMPHIS TRAVEL CENTER,"I-40/US-63, EXIT 260 & SR-149",Earle,AR,3.36733333,35.279900,-90.450300
3280,OUTPOST TRUCK STOP,US-85 & US-18/US-20,Lusk,WY,3.689,42.766000,-104.465100
3281,AMERICAN TRUCK PLAZA,I-80 EXIT 215 & SR-254,Milton,PA,3.799,41.016800,-76.839800
3284,CASEYS #4390,"I-49/US-71, EXIT 77 & US-160",Lamar,MO,3.199,37.519100,-94.336400
3297,SAPP BROS TRAVEL CENTER,"I-80, EXIT 370",Cheyenne,WY,3.70066666,41.151850,-104.793900
3316,TRUCKOMAT OF N LITTLE ROCK,"I-40, EXIT 161 & SR-391",North Little Rock,AR,3.249,34.786022,-92.285700
3326,MIRABITO #61,"I-81, EXIT 32",Central Square,NY,4.299,43.309000,-76.184900
3330,TA # 211 GREENLAND TRAVEL CENTER,"I-95, EXIT 3A & US-101",Greenland,NH,3.759,43.035300,-70.847500
3349,QUEEN CITY TRUCK STOP,"I-20 & I-59, EXIT150",Meridian,MS,2.939,32.415414,-88.670443
3383,E-Express at Central Truck Stop,"I-35, EXIT 137",Oklahoma City,OK,2.879,35.494951,-97.488642
3386,LONGMONT TRUCK STOP,"I-25/US-87, EXIT 240 & SR-119",Longmont,CO,3.239,40.157900,-105.078900
3401,POPS Mart #333,"I-77, EXIT 48 & SR-200",Winnsboro,SC,3.09066666,34.381000,-81.109000
3413,COUNTRY GIRL TRUCK STOP,US-167 & SR-156,Winnfield,LA,3.319,31.921400,-92.636600
3415,JAYS EL CHEAPO FUEL STOP,"I-16, EXIT 104",Metter,GA,3.249,32.401000,-82.060700
3418,Par Mar Store #164,"I-79, EXIT 105 & CR-7",Jane Lew,WV,3.999,39.110000,-80.431100
3421,ERNIES TRUCK STOP,"I-5, EXIT 142",Federal Way,WA,4.599,47.316000,-122.274825
3422,PWI #167,"I-10, EXIT 601",Seguin,TX,2.889,29.586550,-97.967000
3427,JOHNNYS MARKET,"I-69, EXIT 357",Fremont,IN,3.699,41.733100,-84.945200
3432,PILOT TRAVEL CENTER #34,"I-65, EXIT 201 & US-231",Remington,IN,3.709,40.766700,-87.159900
3432,PILOT TRAVEL CENTERS #34,"I-65, EXIT 201 & US-231",Remington,IN,3.659,40.766700,-87.159900
3435,PWI #168,"I-35, EXIT 266 & SR-195",Georgetown,TX,2.799,30.656125,-97.713325
3444,Acme Truck Stop,US-441/SR-500,Orlando,FL,3.449,28.517785,-81.307466
3460,CHROME TRUCK STOP,US-18 & US-169,Algona,IA,3.499,43.066000,-94.230600
3464,BOISE PETROLEUM LLC,"I-84,  EXIT 71",Boise,ID,3.379,43.539279,-116.228175
3471,MR FUEL DBA ONE9 #72,"I-16, EXIT 160",Savannah,GA,3.13233333,32.017756,-81.094239
3471,ONE9 MR FUEL #72,"I-16, EXIT 160",Savannah,GA,3.119,32.017756,-81.094239
3475,PILOT TRAVEL CENTERS #56,"I-85, EXIT 63",Kannapolis,NC,3.499,35.444367,-80.592833
3477,CIRCLE K #4707404,"I-91, EXIT 7",Springfield,VT,3.699,43.303400,-72.477800
3479,FAST MARKET #4550,"I-75/SR-401, EXIT 136 & US-341",Perry,GA,3.099,32.460500,-83.728300
3493,CIRCLE K #2723675,"I-75, EXIT 290 & SR-20",Cartersville,GA,3.08566666,34.197450,-84.793850
3519,PILOT TRAVEL CENTERS #431,"I-10, EXIT 873",Orange,TX,3.309,30.113800,-93.814467
3522,SUNMART #308,US-59,Livingston,TX,2.859,30.750400,-94.883350
3526,JOE STOP 99,"I-75, EXIT 99 & SR-119",Anna,OH,3.064,40.405100,-84.210300
3530,SPARKYS ONE STOP #22,"I-35, EXIT 111B & US-30",Jefferson,IA,3.23233333,42.009300,-94.388800
3536,PETRO STOPPING CENTER #307,I-40 EAST & S LAKESIDE Dr,Amarillo,TX,3.279,35.253452,-101.865656
3539,Bigs 211,"I-10, EXIT 620 & SR-123",Seguin,TX,3.099,29.586550,-97.967000
3545,STOCKMENS TRUCK PLAZA,"I-494, EXIT 64A",South Saint Paul,MN,3.499,44.888100,-93.046000
3580,STINKER I 80 TRAVEL PLAZA,"I-80, EXIT 221 & SR-76",Sinclair,WY,3.759,41.780200,-107.117200
3585,CHEVRON,"I-80, EXIT 129",Lovelock,NV,3.499,40.181900,-118.468900
3588,BINGO TRUCK STOP,"I-10, EXIT 829 & SR-124",Winnie,TX,2.999,29.815700,-94.339500
3592,TA BRIDGER TRAVEL CENTER #188,"I-80, EXIT 30 & CR-202",Fort Bridger,WY,3.71566666,41.316600,-110.384300
3593,TA Parowan Travel Center,"I-15, EXIT 78",Parowan,UT,3.70566666,37.844900,-112.832300
3605,SPEEDYS #6,"I-35, EXIT 33",Saint Joseph,MO,3.169,39.749525,-94.836650
3608,FUEL MART #787,"I-57, EXIT 212 & US-36",Tuscola,IL,3.199,39.799500,-88.281600
3614,PILOT TRAVEL CENTERS #35,"I-80/90, EXIT 72 & US-31",South Bend,IN,3.799,41.663575,-86.263838
3614,PILOT TRAVEL CENTER #35,"I-80/90, EXIT 72 & US-31",South Bend,IN,3.799,41.663575,-86.263838
3616,PILOT TRAVEL CENTERS #15,"I-75, EXIT 210",Toledo,OH,3.77233333,41.675647,-83.530619
3619,ROAD RANGER #141,"I-70, EXIT 23",Brazil,IN,3.659,39.521000,-87.127800
3620,One9 #16,"I-71 & US-68, EXIT 50",Wilmington,OH,3.14233333,39.448800,-83.841700
3645,SNOW SHOE TRAVEL PLAZA,"I-80, EXIT 147 & SR-144",Snow Shoe,PA,3.469,41.037600,-77.952300
3678,TIMES MARKET #299,US-281 BUS,Alice,TX,3.099,27.747700,-98.076650
3688,SPEEDWAY #2314,"I-94, EXIT 243 & SR-29",New Baltimore,MI,3.559,42.683400,-82.798000
3688,SPEEDWAY #2314,"I-94, EXIT 243 & SR-29",New Baltimore,MI,3.579,42.683400,-82.798000
3692,CHARLOTTE TRAVEL PLAZA,"I-77,  EXIT 16B",Charlotte,NC,3.53233333,35.228770,-80.823747
3699,WARREN TRAVEL PLAZA,"I-69, EXIT 278 & SR-5",Warren,IN,3.399,40.688600,-85.418300
3702,BEARS DEN TRADING POST #101,ST 37 11 MI E OF MASSENA,Hogansburg,NY,3.649,44.982500,-74.662600
3707,SPEEDWAY #4704,"I-90, EXIT 154",Albert Lea,MN,3.299,43.653700,-93.370700
3718,SPEEDWAY #4706,"I-90, EXIT 265",Chamberlain,SD,3.299,43.803050,-99.321250
3719,KEYSTONE TRUCK STOP,US-22 & SR-164,Loretto,PA,3.999,40.510500,-78.629400
3725,GENEVA TRUCK STOP,"I-79, EXIT 35/141",Cochranton,PA,3.81566666,41.520500,-80.057300
3728,PLAZA 23 TRUCK STOP,"I-787, EXIT 2",Albany,NY,3.799,42.658598,-73.763798
3737,JORDAN'S KWIK STOP #70,US-49,West Helena,AR,3.399,34.549600,-90.654500
3745,PILOT TRAVEL CENTER #906-TOWN PUMP,"I-90, EXIT 408 & SR-78",Columbus,MT,3.58066666,45.626200,-109.257100
3759,EXXON,US-67 & SR-18,Newport,AR,4.13233333,35.598800,-91.257100
3767,SIMMONS TRAVEL CENTER,"I-95, EXIT 8 & US-301",Emporia,VA,3.099,36.685700,-77.563000
3772,Brake Time Corner Market,"I-25, EXIT 240",Burlington,CO,3.499,39.310600,-102.258300
3774,SINCLAIR,"I-70, EXIT 438",Burlington,CO,3.889,39.310600,-102.258300
3781,REATTA TRAVEL STOP,"I-76, EXIT 149 & SR-55/CR-81",Crook,CO,3.38233333,40.874700,-102.847200
3783,CIRCLE K #2744095,"I-25, EXIT 215",Denver,CO,3.299,39.738727,-104.981688
3794,SPEEDWAY #4701,"I-90, EXIT 73",Jackson,MN,3.299,43.645700,-94.993800
3817,FAST MARKET,"I-25, EXIT 158",Colorado Springs,CO,3.159,38.844228,-104.767930
3843,ONCUE EXPRESS #61,"I-35, EXIT 185 & US-77",Perry,OK,3.21566666,36.287500,-97.284200
3868,SHORE STOP #279,US-13,Greenwood,DE,3.239,38.817500,-75.593500
3868,SHORE STOP #279,US-13,Greenwood,DE,3.259,38.817500,-75.593500
3888,Fics Plaza,"I-90, EXIT 184",Deer Lodge,MT,3.519,46.388100,-112.747600
3889,CIRCLE K #2701686,"I-75, EXIT 220",Bradenton,FL,3.439,27.449547,-82.495940
3907,SUNOCO,US-46 & SR-93,Palisades Park,NJ,3.279,40.846200,-73.995400
3908,SEMINOLE TRUCK STOP,"I-75, EXIT 354",Fort Lauderdale,FL,3.699,26.127551,-80.212219
3927,MICCOSUKEE SERVICE PLAZA,"I-75, EXIT 49 & SR-84",Fort Lauderdale,FL,3.66566666,26.127551,-80.212219
3936,Uncle Petes Truck  Stop,"I-40, EXIT 239 & US-70/SR-26",Lebanon,TN,2.989,36.178800,-86.285500
3946,Fast Lane,US-24 & US-63,Moberly,MO,3.469,39.420200,-92.435800
3949,SUNSTOP #337,"I-10/SR-8, EXIT 303 & US-441",Lake City,FL,3.699,30.181375,-82.648025
3956,CIRCLE K #2707451,US-27/SR-25 & SR-70,Lake Placid,FL,3.399,27.293800,-81.363900
3964,SPEEDWAY #6604,"I-94, EXIT 66",Mattawan,MI,3.489,42.245100,-85.794300
3964,SPEEDWAY #6604,"I-94, EXIT 66",Mattawan,MI,3.499,42.245100,-85.794300
3970,EXXON - Pilot #1293,"I-30, EXIT 61",Garland,TX,2.84233333,32.908978,-96.639167
3973,LOVES TRAVEL STOP #205,"I-35 & I-44, EXIT 137",Oklahoma City,OK,3.319,35.494951,-97.488642
3974,LOVES TRAVEL STOP #201,I-40 EXIT 41,Elk City,OK,3.12566666,35.411200,-99.412700
3975,SUNSTOP #334,"I-10, EXIT 335 & SR-121",Macclenny,FL,3.459,30.273700,-82.132500
3979,PETRO GARY 369,"I-80 & I-94, EXIT 9",Gary,IN,3.83066666,41.579437,-87.339713
4006,MISSILE MART #1,US-167 & SR-7,El Dorado,AR,3.499,33.207450,-92.664600
4008,BALDWIN TRAVEL PLAZA,"I-94, EXIT 19 & US HWY 63",Baldwin,WI,3.503,44.965700,-92.365500
4025,BP,"I-85, EXIT 21  & US-178",Anderson,SC,2.909,34.481933,-82.701850
4035,PILOT TRAVEL CENTER #430,"I-40,  EXIT 84",Russellville,AR,3.375,35.323100,-93.097725
4035,PILOT TRAVEL CENTERS #430,"I-40,  EXIT 84",Russellville,AR,3.399,35.323100,-93.097725
4062,DUDLEYS TRUCK STOP RESTAURANT,US-220,Rocky Mount,VA,3.299,36.989100,-79.884000
4063,STUCKEY'S,"I-59, EXIT 67 & US-49",Hattiesburg,MS,2.999,31.249550,-89.325133
4080,SHELL DBA PILOT DEALER #874,US-41,Miami,FL,3.699,25.768995,-80.258580
4080,PILOT TRAVEL CENTERS #874,US-41,Miami,FL,3.699,25.768995,-80.258580
4101,E-Z MART #4411,HIGHWAY 69 & COBBLESTONE DR,Pryor,OK,3.099,36.292300,-95.267850
4113,ASAP GENERAL STORE #330,US-412/SR-15,Enid,OK,3.08233333,36.382640,-97.868320
4115,QUIKTRIP #707,"I-85 , EXIT 96",Atlanta,GA,3.34066666,33.817077,-84.380226
4119,JET FOOD STORE #82,US-441 & CR-13,Douglas,GA,3.44066666,31.487067,-82.850833
4156,PETRO STOPPING CENTER #305,"I-10, EXIT 582",San Antonio,TX,3.20733333,29.464699,-98.498407
4161,EL CHEAPO,I-95 & EXIT 76,Midway,GA,3.52566666,31.801800,-81.390900
4164,CIRCLE K #2723897,"I-75, EXIT 138",Thomasville,GA,3.23566666,30.841325,-83.953875
4169,TA KINGMAN TRAVEL CENTER,"I-40, EXIT 48 & US-93",Kingman,AZ,3.899,35.219767,-113.929767
4171,PETRO SERVE USA #11,US-2 & US-71,Bemidji,MN,3.499,47.522800,-94.840800
4172,FLYING J TRAVEL PLAZA #639,"I-90, EXIT 2",Post Falls,ID,3.76233333,47.719250,-116.943450
4179,CIRCLE K #2705352,"I-95/SR-405, EXIT 109 & SR-30/SR-21",Port Wentworth,GA,3.099,32.149100,-81.163200
4187,FLYING J TRAVEL PLAZA #632,"I-75, EXIT 320",Resaca,GA,3.29566666,34.583300,-84.906800
4193,TIGER MART #63,"I-20, EXIT 454",Grand Prairie,TX,3.599,32.694720,-97.017500
4199,PWI #574,"I-70, EXIT 193/US-40",Bunker Hill,KS,2.959,38.875800,-98.704000
4204,PILOT TRAVEL CENTERS #415,"I-59, EXIT 4",Rising Fawn,GA,3.859,34.813900,-85.501900
4204,PILOT TRAVEL CENTER #415,"I-59, EXIT 4",Rising Fawn,GA,3.819,34.813900,-85.501900
4211,FLYING J #513,"I-15, EXIT 1",Jean,NV,3.73233333,35.757850,-115.432200
4220,KENNETT TRUCK STOP,"I-275, EXIT 16",Lawrenceburg,IN,3.424,39.140100,-84.865800
4222,Circle K #4703906,"I-24, EXIT 24 & SR-49",Pleasant View,TN,2.899,36.378300,-87.039500
4223,TA PEMBROKE TRAVEL CENTER,"I-90, EXIT 48A",Corfu,NY,3.939,42.977700,-78.392900
4223,TA PEMBROKE TRAVEL CENTER,"I-90, EXIT 48A",Corfu,NY,3.889,42.977700,-78.392900
4223,TA PEMBROKE TRAVEL CENTER,"I-90, EXIT 48A",Corfu,NY,3.829,42.977700,-78.392900
4223,TA PEMBROKE TRAVEL CENTER,"I-90, EXIT 48A",Corfu,NY,3.839,42.977700,-78.392900
4227,LOVES TRAVEL STOP #203,"I-40, EXIT 140",Oklahoma City,OK,3.35566666,35.494951,-97.488642
4233,QUIKTRIP #7220,"I-20, EXIT 8",Shreveport,LA,2.89233333,32.553066,-93.759937
4239,SPEEDWAY #8256,"I-64, EXIT 94 & SR-1958 & US-60",Winchester,KY,2.92233333,37.988650,-84.179300
4241,EXXON,"I-285, EXIT 53",Conley,GA,3.999,33.636900,-84.337100
4267,CONOCO,US-30 & SR-41,Gap,PA,3.799,40.002000,-75.997800
4292,KUM & GO #0032,"I-80/US-6, EXIT 155 & SR-117",Colfax,IA,3.08233333,41.678800,-93.258800
4301,TIGER DISCOUNT TRUCKSTOP,"I-94, EXIT 64 & I-94 BUS",Dickinson,ND,3.51566666,46.842450,-102.773050
4311,Saveway Truck Plaza,"I-65, EXIT 164 & US-31",Hope Hull,AL,3.139,32.224300,-86.393200
4331,KWIK STOP C STORES,US-61/US-151,Dubuque,IA,3.559,42.498660,-90.686480
4332,PILOT TRAVEL CENTER #468,"I-57, EXIT 283 & US-24",Gilman,IL,3.399,40.768000,-87.993300
4332,PILOT TRAVEL CENTER #468,"I-57, EXIT 283 & US-24",Gilman,IL,3.559,40.768000,-87.993300
4332,PILOT TRAVEL CENTER #468,"I-57, EXIT 283 & US-24",Gilman,IL,3.439,40.768000,-87.993300
4332,PILOT TRAVEL CENTERS #468,"I-57, EXIT 283 & US-24",Gilman,IL,3.459,40.768000,-87.993300
4335,HIGHWAY 20  AUTO TRUCK PLAZA,US-20,Peosta,IA,3.489,42.443500,-90.809400
4339,ROAD RANGER #273,I-69E/US-77 & SR-107,Combes,TX,3.049,26.245100,-97.741600
4349,ROAD RANGER #144,"I-380, EXIT 68US-20, EXIT 68",Evansdale,IA,3.729,42.475500,-92.281200
4363,EL CHEAPO #4,"I-95, EXIT 87",Richmond Hill,GA,3.09566666,31.896200,-81.294000
4368,HOODS SERVICE CENTER,"I-44, EXIT 61",Bois D Arc,MO,3.074,37.221400,-93.544700
4372,GRADYS TRUCKSTOP,"I-16, EXIT 111",Pulaski,GA,3.46566666,32.390200,-81.956800
4373,KUM & GO #0043,"I-35, EXIT 43 & SR-207/CRG76",New Virginia,IA,3.114,41.188300,-93.697600
4389,TAYLOR QUIK-PIK,"I-29, EXIT 75 & US-30",Missouri Valley,IA,3.399,41.564400,-95.891300
4395,BREAK TIME #3147,"I-55, EXIT 67 & US-62",Sikeston,MO,3.499,36.891100,-89.582000
4417,TA MORIARITY TRAVEL CENTER,"I-40, EXIT 194",Moriarty,NM,3.21733333,34.988900,-106.060900
4419,CASEYS #3081,"I-35, EXIT 92 & US-136",Bethany,MO,3.06066666,40.260100,-94.018900
4427,CASEYS #2654,"I-80/US-6, EXIT 93 & CR-P28",Stuart,IA,3.099,41.503300,-94.318600
4431,CASEYS #2653,"US-63 & US-30, EXIT 202",Toledo,IA,3.349,42.007700,-92.566200
4437,UNDERWOOD TRUCK STOP I 80,"I-80, EXIT 17",Underwood,IA,3.00066666,41.360300,-95.627000
4441,PILOT TRAVEL CENTERS #51,"I-81 BAILEYTON RD, EXIT 36",Greeneville,TN,3.56233333,36.181800,-82.849267
4442,Minuteman Food Mart #58,US-74/US-76,Delco,NC,3.50733333,34.283800,-78.260700
4445,TA Rogers,"I-94/US-52, EXIT 207 & SR-101",Rogers,MN,3.274,45.171500,-93.581400
4446,LOVES TRAVEL STOP #200,I-40 EXIT 74,Amarillo,TX,3.209,35.253452,-101.865656
4451,PRAIRIE JUNCTION TRUCK STOP,"I-29, EXIT 109 & SR-34",Colman,SD,3.099,43.955800,-96.818900
4452,CASEYS #2867,US-63 & US-20,Waterloo,IA,3.499,42.483900,-92.334750
4458,KUM & GO #1443,"I-80, EXIT 216",Williamsburg,IA,3.13066666,41.639300,-92.024000
4460,EXIT 62 TRUCKSTOP,"I-71, EXIT 62 & US-127",Glencoe,KY,3.16566666,38.722900,-84.811600
4463,QUIKTRIP #7901,"I-20, EXIT 556 & US-69",Lindale,TX,2.80733333,32.506200,-95.400600
4482,FLYING J TRAVEL PLAZA #777,"I-84, EXIT 54(FEDERAL WAY)",Boise,ID,3.809,43.539279,-116.228175
4482,FLYING J FUEL STOP #777,"I-84, EXIT 54(FEDERAL WAY)",Boise,ID,3.76566666,43.539279,-116.228175
4492,3 MILE CORNER TRUCK STOP,US-2 & US-95,Bonners Ferry,ID,3.734,48.730600,-116.332200
4525,STINKER #42,US-12/US-95 & SR-128,Lewiston,ID,3.69733333,46.364600,-116.860900
4528,WENATCHEE VALLEY TRUCK STOP,US-97 ALT,Wenatchee,WA,4.199,47.424400,-120.318800
4528,WENATCHEE VALLEY TRUCK STOP,US-97 ALT,Wenatchee,WA,4.119,47.424400,-120.318800
4528,WENATCHEE VALLEY TRUCK STOP,US-97 ALT,Wenatchee,WA,4.089,47.424400,-120.318800
4533,SPEEDWAY #1449,"I-65, EXIT 262B",Birmingham,AL,2.97566666,33.516468,-86.843787
4544,BIG CHARLIES TRUCK PLAZA,"I-64, EXIT 282 & US-13",Virginia Beach,VA,3.489,36.810535,-76.053560
4555,PILOT TRAVEL CENTERS #406,"I-65, EXIT 22 & US-31A/SR-11",Cornersville,TN,3.799,35.340900,-86.828600
4560,FAST STOP TRAVEL CENTERS #1109,"I-15, EXIT 392",Plymouth,UT,3.58233333,41.883100,-112.138800
4563,PILOT TRAVEL CENTERS #299,"I-55/I-74/US-51, EXIT 160 & US-150/SR-9",Bloomington,IL,3.599,40.481850,-88.946875
4563,PILOT TRAVEL CENTERS #299,"I-55/I-74/US-51, EXIT 160 & US-150/SR-9",Bloomington,IL,3.399,40.481850,-88.946875
4563,PILOT TRAVEL CENTER #299,"I-55/I-74/US-51, EXIT 160 & US-150/SR-9",Bloomington,IL,3.399,40.481850,-88.946875
4563,PILOT TRAVEL CENTERS #299,"I-55/I-74/US-51, EXIT 160 & US-150/SR-9",Bloomington,IL,3.499,40.481850,-88.946875
4563,PILOT TRAVEL CENTER #299,"I-55/I-74/US-51, EXIT 160 & US-150/SR-9",Bloomington,IL,3.499,40.481850,-88.946875
4563,PILOT TRAVEL CENTER #299,"I-55/I-74/US-51, EXIT 160 & US-150/SR-9",Bloomington,IL,3.599,40.481850,-88.946875
4568,ONVO TRAVEL PLAZA,"I-90, EXIT 28",Fultonville,NY,3.199,42.903600,-74.359800
4568,ONVO TRAVEL PLAZA,"I-90, EXIT 28",Fultonville,NY,3.159,42.903600,-74.359800
4569,METROPOLIS TRUCK STOP,"I-24, EXIT 37 & US-45",Metropolis,IL,3.599,37.175300,-88.725200
4574,Circle K #4701432,"I-74, EXIT 174",Mahomet,IL,3.669,40.196400,-88.392800
4582,BIG CHIEF TRUCK STOP,"I-94/US-52, EXIT 61 & US-59/CR-82",Fergus Falls,MN,3.23566666,46.279500,-96.084000
4605,PILOT DEALER #898 SADLERS TRUCK STOP,"I-95, EXIT 11B & US-58",Emporia,VA,3.799,36.685700,-77.563000
4618,OUTPOST TRAVEL CENTER,"I-20, EXIT 5 & US-80",Greenwood,LA,2.899,32.442900,-93.973000
4620,PILOT TRAVEL CENTERS #95,"I-75, EXIT 329 & SR-44",Wildwood,FL,3.22566666,28.845400,-82.034700
4620,PILOT TRAVEL CENTER #95,"I-75, EXIT 329 & SR-44",Wildwood,FL,3.319,28.845400,-82.034700
4622,TA LEE HI TRAVEL PLAZA,"I-81,  EXIT 195",Lexington,VA,3.659,37.788500,-79.458100
4628,QUARLES #4601,US-29/US-17/US-15,Warrenton,VA,3.32233333,38.723567,-77.799367
4637,THORNTONS #369 DBA PILOT TRAVEL CENTER #514,"I-55, EXIT 126 & SR-10",Lincoln,IL,3.399,40.145100,-89.368400
4637,THORNTONS #369 DBA PILOT TRAVEL CENTER #514,"I-55, EXIT 126 & SR-10",Lincoln,IL,3.499,40.145100,-89.368400
4637,PILOT TRAVEL CENTER #514 - THORNTONS #369,"I-55, EXIT 126 & SR-10",Lincoln,IL,3.499,40.145100,-89.368400
4637,PILOT TRAVEL CENTER #514 - THORNTONS #369,"I-55, EXIT 126 & SR-10",Lincoln,IL,3.399,40.145100,-89.368400
4642,MARSHAL JUNCTION,"I-70, EXIT 147 & SR-1",Marshall,IL,3.199,39.422000,-87.692300
4642,MARSHAL JUNCTION,"I-70, EXIT 147 & SR-1",Marshall,IL,3.399,39.422000,-87.692300
4644,CIRCLE K #4706703,"I-80, EXIT 145A",Mokena,IL,3.399,41.534200,-87.891100
4644,CIRCLE K #4706703,"I-80, EXIT 145A",Mokena,IL,3.339,41.534200,-87.891100
4654,7-ELEVEN #35087,"I-490, EXIT 2 & SR-33 & SR-19",Bergen,NY,4.029,43.086900,-77.960300
4655,QUICKLEES TRAVEL CENTER,"I-86, EXIT 30 & CR-20",Belmont,NY,3.999,42.233400,-78.011000
4690,PWI #401,"I-20 & I-30, EXIT 1B",Aledo,TX,2.799,32.700400,-97.603900
4700,A C TRUCKSTOP,"I-80, EXIT 290",Laramie,WY,3.079,41.370550,-105.623725
4704,THE RIDGE,"I-68/US-219, EXIT 14 & US-40",Accident,MD,4.199,39.635500,-79.308500
4707,SMITHTON TRUCKSTOP,"I-70, EXIT 39 & SR-3059",Smithton,PA,3.899,40.155300,-79.738100
4729,MINIT MART #600244,"I-70, EXIT 131",Straughn,IN,3.859,39.831900,-85.272400
4742,FLYING J TRAVEL PLAZA #684,"I-94, EXIT 1 & SR-16",Beach,ND,3.96566666,46.932400,-103.984300
4750,BROOKE TRAVEL PLAZA,"I-80, EXIT 259",West Liberty,IA,2.98733333,41.570100,-91.266800
4762,TA MONROE TRAVEL CENTER,"I-75, EXIT 15",Monroe,MI,3.349,41.918650,-83.458350
4762,TA MONROE TRAVEL CENTER,"I-75, EXIT 15",Monroe,MI,3.249,41.918650,-83.458350
4762,TA MONROE TRAVEL CENTER,"I-75, EXIT 15",Monroe,MI,3.369,41.918650,-83.458350
4762,TA MONROE TRAVEL CENTER,"I-75, EXIT 15",Monroe,MI,3.299,41.918650,-83.458350
4806,TRACK AND TRAVEL,"I-20, EXIT 406",Weatherford,TX,2.91733333,32.779950,-97.772875
4818,PILOT TRAVEL CENTER #350,"I-84 & US-20, EXIT 95",Mountain Home,ID,3.799,43.139200,-115.696300
4818,PILOT TRAVEL CENTERS #350,"I-84 & US-20, EXIT 95",Mountain Home,ID,3.759,43.139200,-115.696300
4819,Alta Convenience #6333,"I-25, EXIT 11",Trinidad,CO,3.399,37.269100,-104.503800
4826,I-20 Truck Stop,"I-20, EXIT 165",Lincoln,AL,2.999,33.605900,-86.111200
4827,PETRO BEAUMONT #304,"I-10, EXIT 848",Beaumont,TX,3.33066666,30.090154,-94.144269
4837,SHELL,US-10 & SR-210,Motley,MN,3.399,46.288100,-94.563800
4856,PILOT TRAVEL CENTER #910- TOWN PUMP,"I-90, EXIT 274 & US-287",Three Forks,MT,3.59733333,45.881100,-111.543600
4858,PILOT TRAVEL CENTER #1346,"I-135, EXIT 31",Newton,KS,3.3115,38.045100,-97.343500
4858,PILOT DEALER #1346,"I-135, EXIT 31",Newton,KS,3.409,38.045100,-97.343500
4860,PILOT TRAVEL CENTER #476,"I-74, EXIT 32 & SR-17",Woodhull,IL,3.899,41.184900,-90.283300
4860,PILOT TRAVEL CENTERS #476,"I-74, EXIT 32 & SR-17",Woodhull,IL,3.899,41.184900,-90.283300
4872,TA COMMERCE TRAVEL CENTER,"I-85, EXIT 149 & US-441",Commerce,GA,3.21566666,34.195233,-83.435767
4874,PWI #110,"I-20, EXIT 112 & FM-1936",Odessa,TX,3.049,31.848278,-102.376622
4878,SHELL DBA ONE9 #1426,"I-84, EXIT 35",Nampa,ID,3.374,43.602680,-116.612120
4881,PETRO STOPPING CENTER #14,"I-295, EXIT 56",Bordentown,NJ,4.029,40.143100,-74.703200
4885,LOVES TRAVEL STOP #384,"I-70, EXIT 45",Greenville,IL,3.689,38.893300,-89.405200
4885,LOVES TRAVEL STOP #384,"I-70, EXIT 45",Greenville,IL,3.749,38.893300,-89.405200
4885,LOVES TRAVEL STOP #384,"I-70, EXIT 45",Greenville,IL,3.689,38.893300,-89.405200
4885,LOVES TRAVEL STOP #384,"I-70, EXIT 45",Greenville,IL,3.689,38.893300,-89.405200
4885,LOVES TRAVEL STOP #384,"I-70, EXIT 45",Greenville,IL,3.689,38.893300,-89.405200
4885,LOVES TRAVEL STOP #384,"I-70, EXIT 45",Greenville,IL,3.749,38.893300,-89.405200
4887,SUNOCO,"I-80 & I-90, EXIT 3",Wauseon,OH,3.699,41.566800,-84.153700
4894,CLOVERDALE TRAVEL PLAZA,"I-70, EXIT 41 & US-231",Cloverdale,IN,3.699,39.514800,-86.793900
4905,HY-MILER #2204,SR-250,Sandusky,OH,3.53233333,41.441900,-82.707150
4909,CIRCLE K #2723916,US-441/US-301/US/27/SR-500,Ocala,FL,3.459,29.170300,-82.148907
4910,PILOT TRAVEL CENTER #892,"I-70 EXIT 164, & US-50",Green River,UT,3.68566666,39.000200,-110.159800
4918,PILOT TRAVEL CENTERS #219,"I-40, EXIT 398",Knoxville,TN,3.699,35.971652,-83.964548
4920,TA LAPLACE,"I-10, EXIT 209 & US-5",La Place,LA,3.22733333,30.084450,-90.486350
4921,PILOT TRAVEL CENTERS #231,"I-75, EXIT 29",Corbin,KY,3.609,36.935900,-84.102600
4927,CIRCLE K #2704886,"I-65, EXIT 205 & US-31/SR-22",Clanton,AL,3.20733333,32.879200,-86.593750
4933,VILLAGE TRUCK STOP,"I-81, EXIT 18",Rural Retreat,VA,3.299,36.883600,-81.287900
4977,KWIK TRIP #331,SR-54,Wisconsin Rapids,WI,3.26233333,44.381950,-89.864500
4981,JOHNNYS MARKET,"I-94, EXIT 110 & US-27",Marshall,MI,3.499,42.272000,-84.958300
4983,KWIK TRIP #603,"I-94, EXIT 28 & SR-128",Wilson,WI,3.549,44.946600,-92.196500
4996,ZIP TRIP #54,"I-90, EXIT 452",Billings,MT,3.59066666,45.796836,-108.515986
5003,TRAILWAY TRUCK STOP,US-301/SR-304,Centreville,MD,3.259,39.056400,-76.045000
5006,SUNOCO,US-1/US-9,Linden,NJ,3.799,40.635400,-74.255600
5024,I 55 MOTOR PLAZA,"I-55,  EXIT 180",Pevely,MO,2.99066666,38.279900,-90.411100
5030,YESWAY #1030,US-63 & E MARY ST,Ottumwa,IA,3.399,41.030900,-92.409800
5044,TA MOUNT VERNON TRAVEL CENTER,"I-44, EXIT 46 & SR-39/SR265",Mount Vernon,MO,3.409,37.104500,-93.797600
5050,ROCK PORT TRUCK PLAZA,"I-29 & US-136, EXIT 110",Rock Port,MO,3.099,40.430600,-95.527400
5056,TREX MART #16,"I-35, EXIT, 61 & US-69",Winston,MO,3.119,39.849900,-94.148700
5057,PHILLIPS 66,"I-35, EXIT 54 & I-35 BUS/US-36",Cameron,MO,3.099,39.730900,-94.243700
5060,CRAZY FREDS TRUCK SHOP,"I-40, EXIT 44 & US-66",Kingman,AZ,3.539,35.219767,-113.929767
5064,CLARK OIL #44,"I-59, EXIT 97",Laurel,MS,2.879,31.707300,-89.080800
5079,FASTLANE TAYLOR 63,US-61 & SR-6,Taylor,MO,3.01566666,39.914500,-91.527800
5085,K AN T TRUCKSTOP,"I-79, EXIT 137 & SR-310",Fairmont,WV,3.399,39.504200,-80.219900
5111,CIRCLE K #2723385,"I-59, EXIT 67 & US-49/SR-42",Hattiesburg,MS,3.149,31.249550,-89.325133
5117,CIRCLE K #4702361,"I-65, EXIT 130 & SR-334",Whitestown,IN,3.29233333,40.000000,-86.350700
5128,CASEYS #2769,"I-80, EXIT 220 & SR-149",Williamsburg,IA,3.14233333,41.639300,-92.024000
5131,TRAILS END TRUCK STOP,"I-29, EXIT 110 & US-136",Rock Port,MO,3.40566666,40.430600,-95.527400
5132,Travel Centers of America,"I-44, EXIT 208 & SR-19",Cuba,MO,3.26566666,38.092600,-91.408100
5160,FUEL MART #727,"I-70, EXIT 193",Quaker City,OH,3.16566666,39.986600,-81.289900
5163,Blue Sky #733,"US-78, EXIT 81 & SR-178",Belden,MS,2.939,34.305700,-88.846200
5165,ONE9 #046,"I-65, EXIT 6 & SR-100",Franklin,KY,3.08566666,36.723850,-86.573600
5167,SPEEDWAY #7575,"I-65, EXIT 255",Hobart,IN,3.63233333,41.526300,-87.252500
5170,FLYING J #516,"I-76, EXIT 161 & I-70",Breezewood,PA,5.099,39.990500,-78.245300
5183,PETRO STOPPING CENTER #74,I-95 & EXIT 106,Kenly,NC,3.709,35.607700,-78.138200
5191,NORTH POINT PLAZA,"I-90 & I-94, EXIT 115",Poynette,WI,3.17233333,43.401300,-89.418900
5202,Chevron #306185,US-30,Montpelier,ID,3.699,42.352000,-111.319500
5203,OASIS TRAVEL CENTER,"I-10, EXIT 53",Robertsdale,AL,3.469,30.561600,-87.637300
5207,JJ TRAVEL PLAZA,"I-70, EXIT 70 & US-83",Oakley,KS,3.61566666,39.112100,-100.858000
5227,PILOT TRAVEL CENTERS #900,"I-95, EXIT 75",Dunn,NC,3.709,35.311400,-78.612000
5230,ONE9 #496,"I-80, EXIT 265",Atalissa,IA,3.01566666,41.561400,-91.174800
5232,CM EUNICE,US-190,Eunice,LA,3.399,30.511600,-92.398500
5234,SINCLAIR,SR-37,Monett,MO,3.29066666,36.921200,-93.925800
5236,FLYING J #875,"I-95,  EXIT 109",Elkton,MD,4.199,39.616600,-75.839550
5245,CASEYS #3842,US-36 & US-283,Norton,KS,3.15733333,39.840700,-99.887800
5247,EDGERTON TRAVEL PLAZA,"I-90, EXIT 160 & US-51",Edgerton,WI,3.199,42.838600,-89.064200
5249,Taylor's Stateline Travel Center,US-67 & SR-278,Neelyville,MO,2.999,36.571000,-90.499500
5254,TA CANDLER TRAVEL CENTER,"I-40, EXIT 37",Candler,NC,3.799,35.537600,-82.700100
5255,7-ELEVEN #35788,"I-35, EXIT 215",Olathe,KS,3.339,38.889900,-94.814900
5258,PT TRUCK STOP,"I-12, EXIT 42",Hammond,LA,3.249,30.507200,-90.475225
5282,CASEYS #3548,US-54 & US-61,Pratt,KS,3.14066666,37.650200,-98.730000
5285,TULLO TRUCK STOP,"I-95, EXIT 15E & US-1/US-9",Kearny,NJ,3.799,40.748750,-74.111300
5297,ERNIES TRUCK STOP,"I-90,  EXIT 179 & I-90 BUS/SR-17",Moses Lake,WA,3.999,47.137400,-119.289100
5297,ERNIES TRUCK STOP,"I-90,  EXIT 179 & I-90 BUS/SR-17",Moses Lake,WA,3.949,47.137400,-119.289100
5297,ERNIES TRUCK STOP,"I-90,  EXIT 179 & I-90 BUS/SR-17",Moses Lake,WA,4.179,47.137400,-119.289100
5299,Sudden Service #62,"I-65, EXIT 6 & SR-100",Franklin,KY,3.084,36.723850,-86.573600
5302,ONE9 #258,"I-81, EXIT 150 & US-220 ALT & US-11",Troutville,VA,3.03233333,37.401900,-79.878600
5306,PILOT TRAVEL CENTERS #11,"I-76, EXIT 232",North Lima,OH,3.799,40.964900,-80.654900
5309,NEWBORN TRUCK STOP,I-20 EXIT 5,Tallapoosa,GA,3.40733333,33.760200,-85.300000
5310,FLYING J #576,"I-35, EXIT 69",Northfield,MN,3.859,44.458700,-93.166800
5324,HY-MILER #2245,SR-53,Fremont,OH,3.38233333,41.349800,-83.118100
5341,KWIK STAR #1160,"US-75, EXIT 118 & SR-3",Le Mars,IA,3.299,42.796200,-96.170400
5349,JET FOOD STORE #17,US-1/SR=4/SR-540 & US-220/SR-47,Wrens,GA,3.41566666,33.210400,-82.381000
5363,SPEEDWAY #6767,"I-75, EXIT 20",Manheim,PA,4.499,40.170200,-76.416800
5389,FLYING J TRAVEL PLAZA #744,"I-15, EXIT 343",Ogden,UT,3.749,41.239508,-111.965408
5391,PWI #605,"I-10, EXIT 378",San Simon,AZ,2.959,32.042300,-109.174800
5399,FLYING J TRAVEL PLAZA #750,"I-81 & I-77, EXIT 80",Max Meadows,VA,3.549,36.905600,-80.924400
5407,CASEYS #4535,US 81,Concordia,KS,2.91233333,39.551600,-97.656800
5414,One9 #1216,"I-10 ,EXIT 200 & SR-84",Eloy,AZ,3.199,32.750900,-111.583300
5414,Pride Travel Center dba One9 #1216,"I-10 ,EXIT 200 & SR-84",Eloy,AZ,3.199,32.750900,-111.583300
5419,USA TRAVEL CENTER,"I-40, EXIT 48 & US-93",Kingman,AZ,3.399,35.219767,-113.929767
5422,K AND H TRUCK PLAZA,"I-57, EXIT 283 & US-24",Gilman,IL,3.159,40.768000,-87.993300
5422,K AND H TRUCK PLAZA,"I-57, EXIT 283 & US-24",Gilman,IL,3.099,40.768000,-87.993300
5424,WK TRUCK STOP,"US-231 & SR-9001, EXIT 75",Beaver Dam,KY,3.399,37.387000,-86.872900
5435,MEADE AUTO AND TRUCK PLAZA,US-54,Meade,KS,3.799,37.282100,-100.336400
5436,PARKWAY MARATHON,"US-79, EXIT 94",Caneyville,KY,3.73233333,37.422200,-86.470200
5446,PETRO STOPPING CENTER #308,"I-20, EXIT 8 & SR-526",Shreveport,LA,3.17566666,32.553066,-93.759937
5462,BOOZER KWIK STOP,"I-15, EXIT 118",Idaho Falls,ID,3.44733333,43.484743,-112.004357
5464,PILOT TRAVEL CENTERS #48,"I-65, EXIT 86",Glendale,KY,3.609,37.603400,-85.892100
5474,One9 #88,"I-95/SR-9, EXIT 201 & SR-520",Cocoa,FL,3.37566666,28.389800,-80.769300
5477,CHEVRON #383766,"I-5, EXIT 216",Halsey,OR,3.099,44.386200,-123.125100
5479,PILOT TRAVEL CENTERS #94,"I-75, EXIT 161",Punta Gorda,FL,3.799,26.935667,-82.001433
5479,PILOT TRAVEL CENTER #94,"I-75, EXIT 161",Punta Gorda,FL,3.799,26.935667,-82.001433
5491,49ER FUEL CENTER,"I-75, EXIT 49",East Bernstadt,KY,2.999,37.248800,-84.138000
5492,BFS FOODS #68,"I-70, EXIT 3",Hancock,MD,4.129,39.699100,-78.176200
5522,ONE9 #301,"I-55,  EXIT 40",Marston,MO,3.109,36.519000,-89.612600
5523,TA LIMON TRAVEL CENTER,"I-70, EXIT 359 & US-24",Limon,CO,3.92066666,39.267600,-103.688900
5529,FLYING J #549,"I-77, EXIT 100 & 101",Mount Airy,NC,3.599,36.500700,-80.611900
5537,HUCKS TRAVEL CENTER #51 DBA FLYING J #889,"I-57/I-64, EXIT 95 & SR-15",Mount Vernon,IL,3.459,38.317000,-88.910500
5537,HUCKS TRAVEL CENTER #51 dba FLYING J #889,"I-57/I-64, EXIT 95 & SR-15",Mount Vernon,IL,3.499,38.317000,-88.910500
5537,HUCKS TRAVEL CENTER #51 DBA FLYING J #889,"I-57/I-64, EXIT 95 & SR-15",Mount Vernon,IL,3.359,38.317000,-88.910500
5537,HUCKS TRAVEL CENTER #51 DBA FLYING J #889,"I-57/I-64, EXIT 95 & SR-15",Mount Vernon,IL,3.599,38.317000,-88.910500
5537,HUCKS TRAVEL CENTER #51 dba FLYING J #889,"I-57/I-64, EXIT 95 & SR-15",Mount Vernon,IL,3.399,38.317000,-88.910500
5554,Southfork TRUCK STOP,"I-30, EXIT 63 & SR-53",Gurdon,AR,3.459,33.912500,-93.141700
5560,MIDWAY TRAVEL PLAZA,I-70 EXIT 121 & US-40,Columbia,MO,3.539,38.961030,-92.331720
5569,TA EXPRESS NORWOOD #0450,US-60,Norwood,MO,3.449,37.068700,-92.408200
5570,PETRO STOPPING CENTER #310,"I-12, EXIT 40 & US-51 BUS",Hammond,LA,3.249,30.507200,-90.475225
5579,SAPP BROS TRAVEL CENTER,US-30,Columbus,NE,3.219,41.429700,-97.368400
5592,TA COLUMBIA NORTH,"I-20, EXIT 71 & US-21",Columbia,SC,3.439,34.016062,-81.007685
5597,CM LAKE CHARLES FUEL STOP 36,"I-10, EXIT 36 & SR-397",Lake Charles,LA,3.299,30.244355,-93.261636
5601,BP,"I-24, EXIT 16",Paducah,KY,3.429,37.061900,-88.656367
5603,TA NORTH CANTON TRAVEL CENTER,"I-77, EXIT 111",North Canton,OH,3.624,40.798900,-81.378400
5606,FLYING J #511,"I-94, EXIT 147",Mandan,ND,3.95233333,46.830600,-100.909200
5607,RICE MART,"I-45 & FM 1603, EXIT 238",Rice,TX,3.019,32.225800,-96.460600
5608,SHOP A LOTT  #3,US-84 & US-171,Mansfield,LA,3.13566666,32.023900,-93.698000
5613,CHEVRON #381108,"I-82, EXIT 36",Yakima,WA,3.999,46.593129,-120.609343
5618,MCCLURE OIL #52,"I-65/US-52, EXIT 140 & SR-32",Lebanon,IN,3.584,40.044900,-86.464100
5649,Fast Stop,"I-10, EXIT 182 & SR-22",Sorrento,LA,3.699,30.185400,-90.863100
5651,LOVES TRAVEL STOP #303,"I-64, EXIT 43 & SR-395",Waddy,KY,3.749,38.105400,-85.128800
5659,TEX-BEST #526,US-59 & US-281,George West,TX,3.299,28.320400,-98.116200
5660,Pride Convenience Store,"I-90, EXIT 51 & I-291",Chicopee,MA,3.509,42.171980,-72.589600
5661,TA Express #287,"I-40, EXIT 288 & SR-111",Cookeville,TN,3.299,36.177620,-85.497580
5667,PILOT TRAVEL CENTERS #393,"I-40, EXIT 24 & SR-209",Waynesville,NC,3.759,35.517400,-82.981600
5669,KWIK TRIP #497,I-90 EXIT 266 & CR-12,Dakota,MN,3.474,43.914800,-91.394000
5670,TA MOUNT VERNON TRAVEL CENTER,"I-57 & I-64, EXIT 95",Mount Vernon,IL,3.449,38.317000,-88.910500
5670,TA MOUNT VERNON TRAVEL CENTER,"I-57 & I-64, EXIT 95",Mount Vernon,IL,3.499,38.317000,-88.910500
5670,TA MOUNT VERNON TRAVEL CENTER,"I-57 & I-64, EXIT 95",Mount Vernon,IL,3.539,38.317000,-88.910500
5674,TA MADISON TRAVEL CENTER,"I-20, EXIT 114 & US-441",Madison,GA,3.89066666,33.594700,-83.461800
5677,YESWAY #1178,CR-13,Kadoka,SD,3.189,43.844600,-101.552300
5691,Pilot Travel Center #666,"I-94, EXIT 30",Benton Harbor,MI,3.059,42.112650,-86.438800
5700,BEACON & BRIDGE #18,US-131 BUS,Big Rapids,MI,3.559,43.689700,-85.479700
5700,BEACON & BRIDGE #18,US-131 BUS,Big Rapids,MI,3.319,43.689700,-85.479700
5700,BEACON & BRIDGE #18,US-131 BUS,Big Rapids,MI,3.339,43.689700,-85.479700
5718,TOOT N TOTUM #104,US-287,Dalhart,TX,3.199,36.073200,-102.517700
5721,TA BALTIMORE SOUTH TRAVEL CENTER,"I-95, EXIT 41A & SR-175 & US-1",Jessup,MD,4.599,39.148400,-76.792200
5729,MENOMONIE FARMERS UNION,"I-94, EXIT 45 & CR-B",Menomonie,WI,3.649,44.871800,-91.926500
5730,SCOTTS QUICK STOP,SR-53 & SR-46,Marlette,MI,3.399,43.339900,-83.057300
5739,PILOT TRAVEL CENTERS #284,"I-75, EXIT 18",Monroe,MI,3.399,41.918650,-83.458350
5739,PILOT TRAVEL CENTERS #284,"I-75, EXIT 18",Monroe,MI,3.299,41.918650,-83.458350
5739,PILOT TRAVEL CENTERS #284,"I-75, EXIT 18",Monroe,MI,3.559,41.918650,-83.458350
5739,PILOT TRAVEL CENTERS #284,"I-75, EXIT 18",Monroe,MI,3.249,41.918650,-83.458350
5739,PILOT TRAVEL CENTERS #284,"I-75, EXIT 18",Monroe,MI,3.439,41.918650,-83.458350
5751,TA LAKE PARK TRAVEL CENTER,"I-75,  EXIT 2",Lake Park,GA,3.31566666,30.690600,-83.175300
5754,ROAD TRIP OASIS PERRY,"I-69, EXIT 105 & SR-52",Perry,MI,3.799,42.820000,-84.231300
5754,ROAD TRIP OASIS PERRY,"I-69, EXIT 105 & SR-52",Perry,MI,3.699,42.820000,-84.231300
5758,SPEEDY Q MARKET #8206,"I-94, EXIT 274",Port Huron,MI,3.899,42.983350,-82.442400
5770,Kwik Trip # 1281,"I-43, EXIT 107",Belgium,WI,3.25566666,43.499500,-87.850900
5771,DUNES AUTO TRUCK PLAZA,"I-94, EXIT 12",Sawyer,MI,3.499,41.882900,-86.588500
5771,DUNES AUTO TRUCK PLAZA,"I-94, EXIT 12",Sawyer,MI,3.599,41.882900,-86.588500
5774,PJ TRAVEL PLAZA,"I-80, EXIT 192 & SR-880",Loganton,PA,3.479,41.028300,-77.320400
5780,BILLS TRUCKSTOP,"I-85, EXIT 86",Linwood,NC,3.449,35.756200,-80.374900
5799,STAPLES OIL,"I-90, EXIT 146",Alden,MN,3.299,43.646600,-93.582300
5801,TA WYTHEVILLE TRAVEL CENTER,"I-81, EXIT 72 & I-77, EXIT 41",Wytheville,VA,3.519,36.940700,-81.094100
5821,TA PORTLAND TRAVEL CENTER,"I-5,  EXIT 278",Aurora,OR,4.03233333,45.228400,-122.803900
5823,ENMARKET #863,"I-95, EXIT 8 & SR-88",Hardeeville,SC,3.08233333,32.263500,-81.066900
5830,115 TRUCKSTOP #5001,"I-94, EXIT 115",Marshall,MI,3.429,42.272000,-84.958300
5830,115 TRUCKSTOP #5001,"I-94, EXIT 115",Marshall,MI,3.499,42.272000,-84.958300
5830,115 TRUCKSTOP #5001,"I-94, EXIT 115",Marshall,MI,3.589,42.272000,-84.958300
5842,PETRO STOPPING CENTER #6367,"I-57,  EXIT 335",Monee,IL,3.459,41.419100,-87.774800
5842,PETRO STOPPING CENTER #6367,"I-57,  EXIT 335",Monee,IL,3.499,41.419100,-87.774800
5842,PETRO STOPPING CENTER #6367,"I-57,  EXIT 335",Monee,IL,3.399,41.419100,-87.774800
5860,SPEEDWAY #4610,"I-35, EXIT 59 & SR-21",Faribault,MN,3.759,44.294500,-93.281800
5873,SOUTHERN VALLEY COOP,ST 14 BYPASS,Mankato,MN,3.499,44.176700,-94.033133
5901,ROTHSAY TRUCK STOP,"I-94, EXIT 38",Rothsay,MN,3.209,46.509400,-96.288700
5903,Circle K #2746447,I-94/US-52 EXIT 127 & US-71/SR-28,Sauk Centre,MN,3.189,45.728100,-94.968200
5907,SPEEDWAY #4035,CR-101,Shakopee,MN,3.599,44.779300,-93.519700
5909,SINCLAIR,"I-90, EXIT 233",Saint Charles,MN,3.529,43.958500,-92.051700
5927,HARRISONBURG TRAVEL CENTER,"I-81,  EXIT 243 & US-11",Harrisonburg,VA,2.899,38.457475,-78.858100
5935,WESTHAMPTON VALERO,I-295 EXIT 47A,Mount Holly,NJ,3.329,40.008600,-74.789600
5942,EXPRESS MART TRUCK STOP,"I-55, EXIT 185 & US-67/US-61",Barnhart,MO,2.99733333,38.338400,-90.414200
5944,LAKE MILLS TRAVEL PLAZA,"I-94, EXIT 259 & SR- 89/CR-G",Lake Mills,WI,3.36066666,43.081600,-88.913300
5946,PILOT TRAVEL CENTERS #918,I-90 EXIT 55,Rapid City,SD,3.999,44.067300,-103.264375
5949,EXXON,US-59 & LOOP 151,Texarkana,TX,3.16566666,33.435983,-94.078233
5951,ROAD RANGER #157,I-64 EXIT 41,Okawville,IL,3.799,38.431900,-89.523000
5963,OZONA ONE STOP,"I-10, EXIT 372",Ozona,TX,2.98233333,30.716400,-101.238800
5965,TRUCK TOWNE,I-29 EXIT 47 & SR-46,Beresford,SD,3.159,43.087400,-96.781300
5971,WACO TRAVEL CENTER,SR-19,Perry,FL,3.699,30.066650,-83.637700
5979,TA LAFAYETTE TRAVEL CENTER,"I-10 & SR-182, EXIT 101",Lafayette,LA,3.134,30.208725,-92.035875
5980,THRIFT MART TRUCK PLAZA,"I-85/US-460, EXIT 63A & US-1/US-460 BUS",Petersburg,VA,3.199,37.199667,-77.419867
5990,360 TRUCK STOP,US-360,Amelia Court House,VA,3.599,37.342800,-77.984100
5996,Fast Stop Travel Centers #1134,"I-80/US-30, EXIT 99 & US-191/SR-373",Rock Springs,WY,3.499,41.596750,-109.216450
5999,PILOT TRAVEL STOP #492,"I-30, EXIT 78 & SR-7",Arkadelphia,AR,3.559,34.119033,-93.058867
5999,PILOT TRAVEL CENTER #492,"I-30, EXIT 78 & SR-7",Arkadelphia,AR,3.499,34.119033,-93.058867
6001,ALLSUPS #2392,US-70 & US-285,Roswell,NM,3.199,33.438433,-104.445000
6009,CASEYS #2652,US-65 & US-36,Chillicothe,MO,3.289,39.796600,-93.550900
6010,SEGOVIA TRUCK STOP,"I-10, EXIT 465",Junction,TX,2.999,30.475400,-99.747300
6018,TA BLOOMINGTON TRAVEL CENTER,"I-55, I-74 & I-39 , EXIT 160",Bloomington,IL,3.619,40.481850,-88.946875
6018,TA BLOOMINGTON TRAVEL CENTER,"I-55, I-74 & I-39 , EXIT 160",Bloomington,IL,3.649,40.481850,-88.946875
6018,TA BLOOMINGTON TRAVEL CENTER,"I-55, I-74 & I-39 , EXIT 160",Bloomington,IL,3.599,40.481850,-88.946875
6018,TA BLOOMINGTON TRAVEL CENTER,"I-55, I-74 & I-39 , EXIT 160",Bloomington,IL,3.449,40.481850,-88.946875
6018,TA BLOOMINGTON TRAVEL CENTER,"I-55, I-74 & I-39 , EXIT 160",Bloomington,IL,3.539,40.481850,-88.946875
6033,EMERY'S,US-54,Deerfield,MO,3.349,37.819700,-94.560800
6037,CRYSTAL OIL,"I-129/US-20/US-75,  EXIT 2",South Sioux City,NE,3.549,42.465600,-96.418200
6041,COCKERHAM FUEL CENTER #4,"I-77, EXIT 14 & US-58/US-221",Hillsville,VA,3.28233333,36.744200,-80.719700
6047,FAST LANE #26,US-61,Eolia,MO,3.099,39.243100,-91.009300
6051,CIRCLE K #2709846,"I-25, EXIT 240",Longmont,CO,3.05733333,40.157900,-105.078900
6057,PILOT TRAVEL CENTER #903,"I-70/US-40, EXIT 252",Salina,KS,3.759,38.832000,-97.626750
6057,PILOT TRAVEL CENTERS #903,"I-70/US-40, EXIT 252",Salina,KS,3.779,38.832000,-97.626750
6058,MOTOR INN AUTO TRUCK STOP,I-75 EXIT 110,Mendon,OH,3.199,40.677700,-84.515200
6068,AYERCO #24,US-61 & CR MM,Hannibal,MO,3.099,39.706400,-91.383900
6082,Palmetto Truck Plaza,US-27/SR-25 & SR-826,Hialeah,FL,3.399,25.875530,-80.304200
6083,BP,"I-35, EXIT 33",Holt,MO,3.049,39.428900,-94.368900
6087,BREAK TIME #3173,US-54 & CR-HH,Fulton,MO,3.299,38.851800,-91.960500
6093,ONE9 #901,"I-80 & US-183, EXIT 257",Elm Creek,NE,2.96566666,40.730100,-99.372800
6096,Waverly Travel Center,US-23,Waverly,OH,3.41566666,39.126400,-83.004900
6097,SAPP BROS TRAVEL CENTER,"I-80, EXIT 263",Elm Creek,NE,3.18733333,40.730100,-99.372800
6106,TA HUNTINGTON,"I-84, EXIT 353",Huntington,OR,3.639,44.381100,-117.309700
6111,HAWGS EXXON,US-167/SR-25,Batesville,AR,3.359,35.758600,-91.584750
6150,CIRCLE K #2723707,"I-81,  EXIT 150",Troutville,VA,3.06566666,37.401900,-79.878600
6154,TA MOBILE TRAVEL CENTER,"I-10,  EXIT 4",Grand Bay,AL,3.13566666,30.498300,-88.328200
6164,PILOT TRAVEL CENTER #268,"I-80/US-6, EXIT 284",Walcott,IA,3.859,41.645300,-90.725600
6164,PILOT TRAVEL CENTERS #268,"I-80/US-6, EXIT 284",Walcott,IA,3.88566666,41.645300,-90.725600
6165,TEMP STOP #117,I-70 & GRAIN VALLEY RD EXIT 24,Grain Valley,MO,2.959,39.027400,-94.208700
6167,PILOT TRAVEL CENTERS #167,US-71,Nevada,MO,3.49566666,37.840900,-94.357100
6172,SPEEDWAY #2319,"I-96, EXIT 77",Portland,MI,3.699,42.862400,-84.913900
6172,SPEEDWAY #2319,"I-96, EXIT 77",Portland,MI,3.549,42.862400,-84.913900
6173,PILOT TRAVEL CENTERS #21,"I-94, EXIT 167",Dexter,MI,3.659,42.358300,-83.900000
6173,PILOT TRAVEL CENTERS #21,"I-94, EXIT 167",Dexter,MI,3.599,42.358300,-83.900000
6173,PILOT TRAVEL CENTERS #21,"I-94, EXIT 167",Dexter,MI,3.579,42.358300,-83.900000
6173,PILOT TRAVEL CENTERS #21,"I-94, EXIT 167",Dexter,MI,3.649,42.358300,-83.900000
6175,ONVO TRAVEL PLAZA - MIFFLINTOWN,US-322/US-22 & SR-35,Mifflintown,PA,3.479,40.572700,-77.376100
6179,HENDERSON TRAVEL PLAZA,"I-10, EXIT 115 & SR-347",Breaux Bridge,LA,3.38566666,30.294800,-91.829600
6180,Circle #4703923,"I-24, EXIT 180B & US-27",Chattanooga,TN,2.78566666,35.041390,-85.283515
6182,Exxon,"I-20, EXIT 205 & SR-46",Heflin,AL,3.01566666,33.611500,-85.588500
6188,SIGNAL FOOD STORE #112,US-65 & SR-J,Ozark,MO,2.999,37.016900,-93.202200
6198,DAVIS TRAVEL CENTER #102,"I-95/US-301, EXIT 33 & SR-602",Stony Creek,VA,3.06566666,36.936100,-77.444300
6200,KWIK FILL #388,"I-80, EXIT 29 & SR-8",Harrisville,PA,3.404,41.163100,-79.979600
6206,PETRO PORTAGE,"I-90 & I-94, EXIT 108-A",Portage,WI,3.80733333,43.550100,-89.471400
6212,MR FUEL,"I-55, EXIT 180",Pevely,MO,3.01566666,38.279900,-90.411100
6214,PIONEER Travel Plaza,"I-41, EXIT 60 & SR-145",Richfield,WI,3.21566666,43.273900,-88.215500
6215,FUEL HUB,"I-87, EXIT 21B",West Coxsackie,NY,3.599,42.402900,-73.828300
6218,LOVES TRAVEL STOP #215,"I-40, EXIT 16 & US-40 BUS/US-66",Gallup,NM,3.43733333,35.494833,-108.751500
6219,SCHATZ CROSSROADS,US-2 /US-52,Minot,ND,3.549,48.259375,-101.302900
6221,LOVES TRAVEL STOP #214,I-10 EXIT 37,El Paso,TX,3.07566666,31.722307,-106.343082
6222,QUIKTRIP #236,"I-29/US-71, EXIT 18 & SR-92",Platte City,MO,2.999,39.360200,-94.789000
6227,MARLOWS FUEL CENTER,"I-20, EXIT 479",Dallas,TX,3.24066666,32.788556,-96.787156
6229,FUEL MART #764,"I-70, EXIT 66 & SR- 54",South Vienna,OH,3.129,39.947300,-83.615700
6232,OASIS TRUCK STOP,"I-44 & SR-133, MM 145",Richland,MO,3.324,37.852800,-92.396200
6242,TA FORISTELL TRAVEL CENTER,"I-70, EXIT 203",Foristell,MO,3.019,38.762600,-90.934300
6243,GARDEN INN TRAVEL PLAZA,US-60/US-63,Cabool,MO,3.299,37.131400,-92.114400
6251,BREAUX BRIDGE VALERO #1408,"I-10 & SR-347, EXIT 115",Breaux Bridge,LA,3.499,30.294800,-91.829600
6252,PILOT TRAVEL CENTERS #12,I-80 & I-90 EXIT 71,Perrysburg,OH,3.759,41.549950,-83.609950
6258,CASEYS #6342,"I-29, EXIT 144 & US-169",Saint Joseph,MO,3.169,39.749525,-94.836650
6271,TA DENTON TRAVEL CENTER,"I-35, EXIT 471 & US-77",Denton,TX,3.254,33.205390,-97.119640
6275,TA SEATTLE EAST TRAVEL CENTER,"I-90, EXIT 34",North Bend,WA,3.959,47.475500,-121.757100
6275,TA SEATTLE EAST TRAVEL CENTER,"I-90, EXIT 34",North Bend,WA,3.899,47.475500,-121.757100
6275,TA SEATTLE EAST TRAVEL CENTER,"I-90, EXIT 34",North Bend,WA,3.859,47.475500,-121.757100
6284,7-ELEVEN #40513,I-90/80-IN TOLL RD MM 22W,Portage,IN,3.999,41.567200,-87.175700
6286,APPLE MARKET #526,"I-64, EXIT 94",Winchester,KY,2.91566666,37.988650,-84.179300
6290,FUEL KING NAPOLEON TRAVEL CENTER,"US-6/US-24/SR/CR-3, EXIT 41",Napoleon,OH,3.439,41.391000,-84.143300
6293,PETRO STOPPING CENTER #313,"I-40, EXIT 79",Milan,NM,3.57066666,35.169800,-107.890900
6296,GRAY TRUCK STOP,US-71/US-136,Maryville,MO,3.26566666,40.343400,-94.873500
6299,HWY 34 TRUCKSTOP,"US-34, EXIT 258",West Burlington,IA,3.374,40.832100,-91.179900
6305,I-95 Fuel Stop,"I-95, EXIT 126 & US-17/US-1",Fredericksburg,VA,3.264,38.304144,-77.504222
6307,QUIKTRIP #608,"I-70, MID RIVERS MALL",Saint Peters,MO,2.904,38.780200,-90.622800
6308,Pilot Travel Centers #354,"I-64, EXIT 28",Simpsonville,KY,3.759,38.231200,-85.354800
6309,WINNERS CIRCLE #1,"I-30 & US-270, EXIT 98A",Malvern,AR,3.35233333,34.355700,-92.829200
6310,CIRCLE K #2707515,US-27/SR-25 & US-98/US-700/SR-700/SR-66,Sebring,FL,3.389,27.468960,-81.428160
6315,AYERCO #25,US-24,Taylor,MO,3.01566666,39.914500,-91.527800
6318,Chisholm Corner #15,"I-35, EXIT 72 & US-19",Pauls Valley,OK,3.38733333,34.738500,-97.219500
6326,KANZA TRAVEL PLAZA,"I-35, EXIT 231 AND US-177",Braman,OK,3.02733333,36.933100,-97.308200
6327,PETRO STOPPING CENTER #312,"I-40 & I-75, EXIT 369",Knoxville,TN,3.42566666,35.971652,-83.964548
6330,TA EDINBURG TRAVEL CENTER,I-69C/US-281 & FM-2812,Edinburg,TX,3.01066666,26.373775,-98.175050
6334,231 PLAZA AND TRUCK STOP,US-231/SR-75 & SR-20,Youngstown,FL,3.494,30.326900,-85.516900
6341,TA RAWLINS TRAVEL CENTER,"I-80, EXIT 214",Rawlins,WY,3.72233333,41.795100,-107.234900
6346,SPEEDWAY #4710,US-71/SR-60,Windom,MN,3.299,43.883100,-95.137300
6351,FLYING J TRAVEL PLAZA #608,"I-10, EXIT 1",Ehrenberg,AZ,3.959,33.617700,-114.507700
6356,CIRCLE K #2721536,ST 6 EAST,Batesville,MS,3.24066666,34.311500,-89.944300
6370,TA ROCKWALL TRAVEL CENTER,"I-30/US-67, EXIT 68 & SR-205",Rockwall,TX,3.13733333,32.917600,-96.425650
6374,TA ELGIN WEST TRAVEL CENTER,I-90 &  US-20,Hampshire,IL,3.459,42.080700,-88.517000
6374,TA ELGIN WEST TRAVEL CENTER,I-90 &  US-20,Hampshire,IL,3.539,42.080700,-88.517000
6374,TA ELGIN WEST TRAVEL CENTER,I-90 &  US-20,Hampshire,IL,3.599,42.080700,-88.517000
6374,TA ELGIN WEST TRAVEL CENTER,I-90 &  US-20,Hampshire,IL,3.499,42.080700,-88.517000
6374,TA ELGIN WEST TRAVEL CENTER,I-90 &  US-20,Hampshire,IL,3.469,42.080700,-88.517000
6387,FLYING J FRANCHISE #966,"I-80, EXIT 229",Battle Mountain,NV,3.79233333,40.622000,-116.955400
6391,TOOT N TOTUM #106,US-287,Dumas,TX,3.00566666,35.882300,-101.968000
6393,PILOT TRAVEL CENTER #478,"I-64, EXIT 92",Leavenworth,IN,3.959,38.186500,-86.383800
6393,PILOT TRAVEL CENTERS #478,"I-64, EXIT 92",Leavenworth,IN,3.959,38.186500,-86.383800
6401,CIRCLE K #2723457,"I-10, EXIT 34-B",Gulfport,MS,2.989,30.414383,-89.071117
6434,AMPRIDE ALL ROUND TRUCK STOP,US-20,Fort Dodge,IA,3.299,42.508800,-94.180700
6441,GRAND OIL,"I-75, EXIT 41 & SR-80",London,KY,3.499,37.132167,-84.094900
6442,CLARK OIL #49,US-84,Laurel,MS,2.999,31.707300,-89.080800
6448,CIRCLE K #2723392,"I-59, EXIT 97 & US-84",Laurel,MS,2.95233333,31.707300,-89.080800
6462,ARCO #471770,US-281 & SR-5,Dunseith,ND,3.499,48.856100,-100.024100
6468,TA SAYRE TRAVEL CENTER,"I-40 & CEMETARY RD, EXIT 26",Sayre,OK,3.064,35.304700,-99.642900
6480,FLYING J #934,"I-84, EXIT 265",La Grande,OR,3.53566666,45.330400,-118.085200
6492,FLICKS,US-49,Richland,MS,2.999,32.228700,-90.159100
6496,SPEEDY EXPRESS #38,"I-35, EXIT 305",Mathis,TX,3.199,28.080200,-97.809700
6502,SQUAW CREEK TRAVEL PLAZA,"I-29, EXIT 79 & US-159",Forest City,MO,3.339,39.989700,-95.191600
6517,HARDYS #5,"I-80, EXIT 4   4",Wendover,UT,3.499,40.737200,-114.037500
6518,TOWN PUMP FOOD STORE #310,"I-15, EXIT 164",Boulder,MT,3.559,46.230600,-112.113800
6526,TULIP CITY TRUCK STOP,"I-196 & SR-40, EXIT 49",Holland,MI,3.739,42.790067,-86.122633
6527,ZIP TRIP #50,"I-90, EXIT 426",Park City,MT,3.584,45.632900,-108.929300
6547,FLYING J TRAVEL PLAZA #762,"I-90, EXIT 126 & SR-59",Gillette,WY,3.899,44.171633,-105.514167
6562,PILOT #1323,"I-29, EXIT 35",Faucett,MO,3.27233333,39.589100,-94.791300
6563,Road Ranger #282,"I-35, EXIT 500",Gainesville,TX,3.17566666,33.632550,-97.097600
6564,FLYING J FRANCHISE #970,US-395,Pasco,WA,4.599,46.242100,-119.099350
6565,TA Greeneville Travel Center,"I-81,  EXIT 36",Greeneville,TN,3.55233333,36.181800,-82.849267
6567,YELLOWSTONE TRUCK SHOP,"I-90, EXIT 330",Livingston,MT,3.649,45.654600,-110.560900
6577,AC & T TRAVEL CENTER,"I-81, EXIT 5 W",Hagerstown,MD,3.659,39.629750,-77.718317
6578,PILOT TRAVEL CENTER #909- TOWN PUMP,"I-15 & US-2, EXIT 363",Shelby,MT,3.63566666,48.503700,-111.839100
6588,TOWN PUMP FOOD STORE #4300,"I-90, EXIT 249",Whitehall,MT,3.659,45.877100,-112.124500
6593,LITTLE AMERICA TRAVEL CENTER,"I-40, EXIT 198",Flagstaff,AZ,3.539,35.193400,-111.644817
6607,TRANSIT TRUCK STOP,"I-97, EXIT 10",Millersville,MD,3.46566666,39.104100,-76.619000
6608,7-ELEVEN #35560,SR-16,Charlotte,NC,3.999,35.228770,-80.823747
6628,FLYING J TRAVEL PLAZA #682,"I-85, EXIT 150",Haw River,NC,3.94233333,36.091500,-79.364200
6632,TA SAVANNAH TRAVEL CENTER,"I-95/SR-405,  EXIT 87 & US-17/SR-25",Richmond Hill,GA,3.35066666,31.896200,-81.294000
6633,BAKER TRUCK CORRAL,"I-84, EXIT 304",Baker City,OR,3.42566666,44.774900,-117.834400
6640,PETRO STOPPING CENTER JOHNSTOWN,"I-25, EXIT 254",Johnstown,CO,3.42733333,40.335500,-104.923600
6642,TA VERO BEACH TRAVEL CENTER #197,"I-95/SR-9, EXIT 147 & SR-60",Vero Beach,FL,3.484,27.644930,-80.432060
6646,FAMILY EXPRESS #35 (DISCOUNT AVAILABLE),"I-65, EXIT 215 & SR-114",Rensselaer,IN,3.13233333,40.994800,-87.103700
6655,BP DBA TA ELKTON TRAVEL CENTER,"I-95,  EXIT 109B",Elkton,MD,4.969,39.616600,-75.839550
6659,GURNEE TRUCK STOP,US-41,Gurnee,IL,3.289,42.366900,-87.945200
6659,GURNEE TRUCK STOP,US-41,Gurnee,IL,3.379,42.366900,-87.945200
6661,TA FRANKLIN TRAVEL CENTER,"I-65, EXIT 61",Franklin,TN,3.839,35.924840,-86.866280
6663,TA of Mocksville,"I-40, EXIT 170 & US-601",Mocksville,NC,3.699,35.922000,-80.537000
6677,ROADWAY TRAVEL CENTER,"I-29, EXIT 73",Sioux Falls,SD,3.199,43.589987,-96.750673
6693,SAPP BROS TRAVEL CENTER,US-77,Fremont,NE,3.34566666,41.437450,-96.496300
6701,JACKS TRUCK STOP,"I-65, EXIT 304 & SR-69",Cullman,AL,3.999,34.162125,-86.842525
6704,FL Roberts,"I-91, EXIT 24",Whately,MA,3.559,42.442700,-72.652500
6716,MARATHON,"I-29/US-81, EXIT 65 & I-94 BUS/US-10",Fargo,ND,3.449,46.869769,-96.801908
6721,STAMART 1222,"I-29, EXIT 64",Fargo,ND,3.38566666,46.869769,-96.801908
6725,TA EXPRESS GRAND FORKS #948,"I-29, EXIT 141 & US-2",Grand Forks,ND,3.539,47.920933,-97.047333
6734,TOMAHAWK TRUCK STOP,"I-25, EXIT 128",Fountain,CO,3.299,38.699600,-104.700500
6736,EAGLEVILLE TRAVEL CENTER,"I-35 & ROUTE N, EXIT 106",Eagleville,MO,2.93566666,40.491200,-93.995100
6742,Holiday #3810,"I-94/US-52, EXIT 178 & SR-24",Clearwater,MN,3.22066666,45.387700,-94.045200
6744,FLYING J #550,US-2/US-52,Minot,ND,3.93566666,48.259375,-101.302900
6745,TIGER TRUCK STOP,"I-10, EXIT 139",Grosse Tete,LA,3.059,30.387900,-91.438300
6755,PETRO STOPPING CENTER #326,"I-40, EXIT 161 & SR-391",North Little Rock,AR,3.20733333,34.786022,-92.285700
6760,BETTY BEAVERS TRUCKSTOP,"I-87, EXIT 32",Lewis,NY,3.719,44.307500,-73.549100
6760,BETTY BEAVERS TRUCKSTOP,"I-87, EXIT 32",Lewis,NY,3.619,44.307500,-73.549100
6765,CIRCLE C TRAVEL PLAZA,"I-95, EXIT 68 & SR-61",Walterboro,SC,3.079,32.905200,-80.666800
6806,Onvo Travel Plaza,"I-78/US-22, EXIT 45 & SR-863",Kutztown,PA,3.32733333,40.521400,-75.777400
6810,TA RICHMOND,"I-95, EXIT 89 & SR-802",Ashland,VA,3.60566666,37.739500,-77.478400
6811,PUMP & PANTRY #24,US-6/CR-74,Hastings,NE,3.399,40.588650,-98.394150
6823,PETRO STOPPING CENTER #301,"I-10, EXIT 37",El Paso,TX,3.124,31.722307,-106.343082
6840,PETRO DEMING,"I-10, EXIT 68",Deming,NM,3.38566666,32.235800,-107.743500
6842,FLYNNS TRUCK PLAZA,"US-20, EXIT 11 & SR-140",Shrewsbury,MA,3.61566666,42.324800,-71.808700
6845,NEBRASKALAND TIRE SHOP,"I-80, EXIT 237 & US-283",Lexington,NE,2.999,40.785000,-99.751500
6850,BROKEN WHEEL TRUCK STOP,"I-25, EXIT 135",Douglas,WY,3.759,42.762600,-105.385500
6857,TA SPARKS TRAVEL CENTER,"I-80, EXIT 19 & SR-659",Sparks,NV,3.899,39.582757,-119.727200
6859,PRIME STOP,US-81,Norfolk,NE,3.229,42.030600,-97.419950
6864,JJS TRUCK STOP,"I-30, EXIT 106",Malvern,AR,3.31566666,34.355700,-92.829200
6869,TA WHEELING TRAVEL CENTER,"I-70, EXIT 11 & CR-41",Valley Grove,WV,3.529,40.094600,-80.555100
6883,PILOT TRAVEL CENTERS #517,US- 22 & SR-322,Duncannon,PA,4.199,40.408700,-77.047300
6885,GO MART FOOD STORE #31,"I-77, EXIT 95 & SR-61",Charleston,WV,3.499,38.342342,-81.613960
6886,PWI #535,"I-70, EXIT 47",Palisade,CO,3.379,39.103200,-108.368000
6897,Speedee Mart #2890,US-20 & US-83,Valentine,NE,3.329,42.806200,-100.621500
6901,PRIME STOP,US-275,Wisner,NE,3.259,41.998000,-96.917000
6915,FLITE LINE SUNOCO,"I-95, EXIT 3",Portsmouth,NH,3.69566666,43.072075,-70.773250
6927,TORCH 85 TRUCK PLAZA,"I-85, EXIT 42",Tuskegee,AL,3.27233333,32.431600,-85.686100
6944,CROSSROADS TRUCK STOP,"I-82, EXIT 1 & US-730",Umatilla,OR,3.239,45.899800,-119.355300
6948,PILOT #4563,"I-8I, EXIT 77",Harrisburg,PA,3.869,40.278123,-76.863158
6951,ARROWHEAD TRAVEL PLAZA,"I-84, EXIT 216 & SR 331,",Pendleton,OR,3.259,45.660500,-118.783100
6954,BOLLA MARKET #198,SR-17MAHWA,Mahwah,NJ,3.58566666,41.092800,-74.175250
6960,FLYING J TRAVEL PLAZA #761,"I-80 & US-189, EXIT 3",Evanston,WY,3.699,41.261400,-110.941550
6961,LITTLE AMERICA,"I-80, EXIT 358 & I-25, EXIT 9 & US-30",Cheyenne,WY,3.709,41.151850,-104.793900
6962,LITTLE AMERICA TRAVEL CENTER,"I-80, EXIT 68 & SR-374",Little America,WY,3.52566666,41.543600,-109.859000
6963,Atlantis Fresh Market #553,"I-84, EXIT 1",Montague,NJ,3.509,41.302300,-74.754000
6968,R STORE #4513,US-41,Fond Du Lac,WI,3.299,43.771400,-88.493233
6970,TA Twin City East Travel Center,I-94  EXIT 4 & US-12,Hudson,WI,3.54733333,44.984200,-92.727100
6971,KWIK TRIP #1013,"I-41, EXIT 57 & SR-167",Richfield,WI,3.39066666,43.273900,-88.215500
6975,TRUCKERS INN STOP,"I-90/I-94, EXIT 132 & US-51",De Forest,WI,3.199,43.247800,-89.343700
6976,MOASIS TRUCK CENTER,US-41,Little Chute,WI,3.199,44.284200,-88.312000
6980,TA MADISON TRAVEL CENTER,"I-90/I-94/I-39, EXIT 132 & US-51",De Forest,WI,3.839,43.247800,-89.343700
6981,Kwik Trip #1197,"US-151, EXIT 26",Belmont,WI,3.564,42.730800,-90.335900
6984,TA HURRICANE TRAVEL CENTER,"I-64, EXIT 39 & SR-34",Hurricane,WV,3.63233333,38.425700,-81.994300
6986,LOVES TRAVEL STOP #448,"I-5, EXIT 136B, SR-509",Tacoma,WA,4.589,47.226089,-122.453629
6986,LOVES TRAVEL STOPS #448,"I-5, EXIT 136B, SR-509",Tacoma,WA,4.589,47.226089,-122.453629
6987,One9 #965,"I-90, EXIT 109 & US-97",Ellensburg,WA,3.859,46.999600,-120.516300
6987,One9 #965,"I-90, EXIT 109 & US-97",Ellensburg,WA,3.839,46.999600,-120.516300
6987,One9 #965,"I-90, EXIT 109 & US-97",Ellensburg,WA,3.899,46.999600,-120.516300
6992,FLYING J #1169,"I-5, EXIT 99",Tumwater,WA,4.599,46.961600,-123.028300
6994,FLYING J FRANCHISE #967,"I-90, EXIT 286",Spokane,WA,4.059,47.664696,-117.398543
6994,FLYING J FRANCHISE #967,"I-90, EXIT 286",Spokane,WA,3.999,47.664696,-117.398543
6994,FLYING J FRANCHISE #967,"I-90, EXIT 286",Spokane,WA,4.029,47.664696,-117.398543
6994,FLYING J FRANCHISE #967,"I-90, EXIT 286",Spokane,WA,4.159,47.664696,-117.398543
6994,FLYING J FRANCHISE #967,"I-90, EXIT 286",Spokane,WA,3.929,47.664696,-117.398543
6999,SIMMONS TRAVEL CENTER,"I-85, EXIT 4 & SR-93/SR-903",Bracey,VA,3.099,36.576300,-78.105900
7003,TA ASHLAND TRAVEL CENTER,"I-95, EXIT 92 & SR-54",Ashland,VA,3.64233333,37.739500,-77.478400
7004,FRANKS TRUCKING CENTER,"I-264, EXIT 13B",Chesapeake,VA,3.449,36.750756,-76.282967
7005,PETRO STOPPING CENTER,"I-81 & I-64, EXIT 205",Raphine,VA,3.659,37.937400,-79.221900
7007,KUM & GO #0201,"I-80, EXIT 242",Coralville,IA,3.294,41.693700,-91.590600
7013,ERNIES TRUCK PLAZA,"I-15, EXIT 112",Beaver,UT,3.399,38.280700,-112.629900
7016,TA SALT LAKE CITY TRAVEL CENTER,"I-80, EXIT 99",Tooele,UT,3.769,40.545400,-112.300200
7018,FLYING J TRAVEL PLAZA #746,"I-15 & I-80 SR 201, EXIT 305",Salt Lake City,UT,3.73233333,40.709875,-111.888812
7023,TA AMARILLO WEST TRAVEL CENTER,"I-40, EXIT 74",Amarillo,TX,3.279,35.253452,-101.865656
7037,SAMS TRUCK STOP,"I-10, EXIT 138",Van Horn,TX,3.999,31.039100,-104.824500
7045,BUBBLE CITY TRUCK STOP,US-64,Farmington,NM,3.70566666,36.761400,-108.132233
7051,PILOT #887,US-84 & US-180,Snyder,TX,3.24566666,32.731500,-100.917550
7056,TA SWEETWATER TRAVEL CENTER,"I-20, EXIT 242",Sweetwater,TX,3.15233333,32.472600,-100.397900
7058,YESWAY #1125,"I-27, EXIT 1C",Lubbock,TX,2.969,33.574273,-101.871115
7059,TA BIG SPRING TRAVEL CENTER,"I-20, EXIT 177 & US-87",Big Spring,TX,3.699,32.276000,-101.415900
7064,SPEEDWAY #9804,"I-10, EXIT 25",El Paso,TX,3.41566666,31.722307,-106.343082
7066,REFUEL #328,"I-35,  EXIT 204",San Marcos,TX,2.999,29.964900,-97.972000
7072,TA ANTIOCH TRAVEL CENTER,"I-24, EXIT 62",Antioch,TN,3.50566666,36.059800,-86.665700
7077,THE TENNESSEAN TRUCKSTOP,"I-65, EXIT 22 & US-31 ALT/SR-11",Cornersville,TN,3.799,35.340900,-86.828600
7078,TA DENMARK TRAVEL CENTER,"I-40 & SR-138, EXIT 68",Denmark,TN,3.539,35.557100,-88.975900
7080,ONE9 #1422,"I-40, EXIT 197",Moriarty,NM,3.11566666,34.988900,-106.060900
7082,Chevron,"I-65, EXIT 6",Ardmore,TN,3.599,35.057400,-86.879600
7084,Holiday StationStore #2746500,US-12 & US-281,Aberdeen,SD,3.114,45.527850,-98.418800
7087,PILOT #599,"I-90, EXIT 192 & I-90 BUS/US-83",Murdo,SD,3.799,43.896100,-100.712100
7088,FLYING J FRANCHISE #931,"I-90, EXIT 61",Rapid City,SD,3.15733333,44.067300,-103.264375
7092,LOVES TRAVEL STOP #445,I-90 EXIT 399 & SR 115,Sioux Falls,SD,3.889,43.589987,-96.750673
7095,TA MANNING TRAVEL CENTER,"I-95, EXIT 119",Manning,SC,3.51733333,33.618400,-80.211600
7106,PILOT DEALER #1163,"I-80, EXIT 42",Emlenton,PA,4.03566666,41.202800,-79.747000
7112,TA HARRISBURG TRAVEL CENTER,"I-81, EXIT 77 & SR-39",Harrisburg,PA,3.81566666,40.278123,-76.863158
7116,TA MILESBURG TRAVEL CENTER,"I-80, EXIT 158",Milesburg,PA,4.049,40.941700,-77.785000
7121,TA BLOOMSBURG TRAVEL CENTER,"I-80, EXIT 232",Bloomsburg,PA,3.95733333,41.011500,-76.438400
7126,SAPP BROS TRAVEL CENTER,"I-80, EXIT 120",Clearfield,PA,3.899,41.021000,-78.443500
7128,FLYING J #518,"I-78, EXIT 10 (PA 645)",Myerstown,PA,3.869,40.378900,-76.314300
7129,TA BROOKVILLE TRAVEL CENTER,"I-80 EXIT 78, & SR-36",Brookville,PA,4.029,41.162700,-79.081600
7131,TA BREEZEWOOD TRAVEL CENTER,"I-76 & US30, EXIT 161",Breezewood,PA,4.299,39.990500,-78.245300
7132,Terrible Herbst dba/One9 #1395,"I-15, EXIT 12",Jean,NV,3.459,35.757850,-115.432200
7135,PETRO STOPPING CENTER #336,"I-81, EXIT 52 & I-76, EXIT 226",Carlisle,PA,4.149,40.209450,-77.214750
7136,TA LAMAR TRAVEL CENTER,"I-80, EXIT 173 & SR-64",Lamar,PA,4.03566666,41.016200,-77.531100
7137,TA BARKEYVILLE TRAVEL CENTER,"I-80, EXIT 29 & SR-8",Harrisville,PA,4.044,41.163100,-79.979600
7147,JUBITZ TRAVEL PLAZA,"I-5, EXIT 307",Portland,OR,3.859,45.519357,-122.664367
7148,TA TROUTDALE TRAVEL CENTER,"I-84, EXIT 17",Troutdale,OR,3.93233333,45.525400,-122.373900
7154,TA OKLAHOMA CITY WEST TRAVEL CENTER,"I-40, EXIT 140",Oklahoma City,OK,3.30233333,35.494951,-97.488642
7156,TA OKLAHOMA CITY EAST TRAVEL CENTER,"I-40, EXIT 142",Oklahoma City,OK,3.30066666,35.494951,-97.488642
7166,TA London Travel Center,"I-70 & US-42, EXIT 79",London,OH,3.49233333,39.900100,-83.443900
7169,TA YOUNGSTOWN TRAVEL CENTER,"I-80 & SR 46, EXIT 223",Youngstown,OH,3.444,41.077573,-80.680313
7170,TRUCK WORLD TRUCKSTOP,"I-80, EXIT 234",Hubbard,OH,3.259,41.162400,-80.576200
7172,TA TOLEDO EAST TRAVEL CENTER,"I-80 & I-280, EXIT 71",Perrysburg,OH,3.78066666,41.549950,-83.609950
7173,SPEEDWAY #9954,"SR-17, EXIT 66",Apalachin,NY,3.999,42.055600,-76.151900
7173,SPEEDWAY #9954,"SR-17, EXIT 66",Apalachin,NY,4.099,42.055600,-76.151900
7176,TA DAYTON TRAVEL CENTER,"I-70,  EXIT 10 & US-127",Eaton,OH,3.40066666,39.742600,-84.650800
7179,JIMS TRUCK PLAZA,"I-90, EXIT 52E",Buffalo,NY,3.799,42.869418,-78.845336
7179,JIMS TRUCK PLAZA,"I-90, EXIT 52E",Buffalo,NY,3.659,42.869418,-78.845336
7180,TA HebronTravel Center,"I-70, EXIT 126 & SR-37",Hebron,OH,3.38233333,39.953500,-82.491900
7183,TA KINGSVILLE TRAVEL CENTER,"I-90, EXIT 235 & SR-193",Kingsville,OH,3.88233333,41.872300,-80.660100
7184,TA JEFFERSONVILLE EAST TRAVEL CENTER,"I-71, EXIT 65 & SR-435 & US-35",Jeffersonville,OH,3.32733333,39.659000,-83.568700
7189,S and R Truck Plaza,"I-94, EXIT 260",Jamestown,ND,3.58566666,46.937700,-98.801700
7190,Tower Travel Center,"I-94, EXIT 307",Tower City,ND,3.51566666,46.911900,-97.659400
7196,SALUDA TRUCK PLAZA,"I-26, EXIT 28",Saluda,NC,3.099,35.238300,-82.330600
7197,7-ELEVEN #35115,"I-90, EXIT 42",Phelps,NY,4.049,42.958200,-77.047300
7197,7-ELEVEN #35115,"I-90, EXIT 42",Phelps,NY,4.019,42.958200,-77.047300
7198,LOVES TRAVEL STOP #507,"I-85, EXIT 71",Salisbury,NC,3.51066666,35.658650,-80.482425
7212,ONVO TRAVEL PLAZA,"I-90 & RTE 22, EXIT B-3",Canaan,NY,3.439,42.413200,-73.415900
7212,ONVO TRAVEL PLAZA,"I-90 & RTE 22, EXIT B-3",Canaan,NY,3.399,42.413200,-73.415900
7213,SENECA ONE STOP,"I-90, EXIT 58",Irving,NY,2.899,42.573900,-79.059600
7213,SENECA ONE STOP,"I-90, EXIT 58",Irving,NY,2.999,42.573900,-79.059600
7215,TA FULTONVILLE TRAVEL CENTER,"I-90, EXIT 28",Fultonville,NY,4.039,42.903600,-74.359800
7216,ONVO TRAVEL PLAZA - LOUNSBERRY,"SR-17, EXIT 63",Nichols,NY,3.399,42.030100,-76.354000
7216,ONVO TRAVEL PLAZA - LOUNSBERRY,"SR-17, EXIT 63",Nichols,NY,3.439,42.030100,-76.354000
7220,CUMBERLAND FARMS #001662,US-9W/SR-32,Glenmont,NY,3.799,42.597100,-73.795900
7220,CUMBERLAND FARMS #001662,US-9W/SR-32,Glenmont,NY,3.749,42.597100,-73.795900
7222,TA SANTA ROSA TRAVEL CENTER,"I-40/US-54, EXIT 277 & US-84",Santa Rosa,NM,3.45233333,34.852600,-104.589900
7225,LOVES TRAVEL STOP #329,US-60,Clovis,NM,4.089,34.408700,-103.213300
7226,TA LAS CRUCES TRAVEL CENTER,"I-10, EXIT 139",Las Cruces,NM,3.14066666,32.379678,-106.769089
7227,NATIONAL TRUCK STOP,"I-10, VADO EXIT 155",Vado,NM,2.999,32.118700,-106.649000
7228,MAVERIK COUNTRY STORE #638,"I-40, EXIT 159D & I-25/US-85, EXIT 227",Albuquerque,NM,3.20733333,35.077348,-106.644838
7229,TA GALLUP TRAVEL CENTER,"I-40, EXIT 16 & HWY 66",Gallup,NM,3.43233333,35.494833,-108.751500
7230,DEMING TRUCK STOP,"I-10, EXIT 81",Deming,NM,2.899,32.235800,-107.743500
7231,TA ALBUQUERQUE TRAVEL CENTER,"I-25, EXIT 227 OR 225",Albuquerque,NM,3.58733333,35.077348,-106.644838
7234,TA BLOOMSBURY TRAVEL CENTER,"I-78/US-22, EXIT 7 & SR-173",Bloomsbury,NJ,3.79066666,40.643700,-75.096600
7237,TA COLUMBIA TRAVEL CENTER,"I-80, EXIT 4 & SR-94",Columbia,NJ,4.099,40.938800,-75.055000
7239,TA PAULSBORO TRAVELCENTER,"I-295, EXIT 18A",Paulsboro,NJ,3.999,39.831200,-75.224200
7240,Pilot Travel Centers #190,"I-78, EXIT 12 & US-22",Hampton,NJ,3.809,40.677400,-74.962200
7244,TA LAS VEGAS TRAVEL CENTER,"I-15, EXIT 33",Las Vegas,NV,3.73566666,36.160013,-115.187527
7248,WILD WILD WEST TRAVEL PLAZA,"I-15, EXIT 37",Las Vegas,NV,3.76733333,36.160013,-115.187527
7263,FLYING J #904,"I-80, EXIT 107",Big Springs,NE,3.48233333,41.069600,-102.093300
7264,TA GRAND ISLAND WEST TRAVEL CENTER,"I-80, EXIT 305",Alda,NE,3.169,40.871100,-98.468100
7265,Fast Stop Travel Centers #1151,"I-80, EXIT 164 & CR-56C",Hershey,NE,3.499,41.210200,-101.039200
7267,TA OGALLALA TRAVEL CENTER,"I-80, EXIT 126",Ogallala,NE,3.46566666,41.127500,-101.710700
7268,SAPP BROS TRAVEL CENTER,"I-80, EXIT 440 & SR-50, EXIT 440",Omaha,NE,3.28066666,41.256250,-96.006210
7269,GRAND ISLAND TRAVEL CENTER,"I-80, EXIT 312 & US-281/US-34",Grand Island,NE,3.26566666,40.907667,-98.410167
7282,ALLTOWN FRESH,"I-87, EXIT 17N & US-9",Fort Edward,NY,3.759,43.265300,-73.582200
7282,ALLTOWN FRESH,"I-87, EXIT 17N & US-9",Fort Edward,NY,3.779,43.265300,-73.582200
7284,MURALTS TRUCK PLAZA,"I-90, EXIT 96 & US-93/SR-200",Missoula,MT,3.609,46.882263,-114.029100
7285,SENECA ONE STOP,"SR-17, EXIT 20",Salamanca,NY,3.309,42.160400,-78.730400
7286,TA MISSOULA,"I-90, EXIT 96 & US-93",Missoula,MT,3.699,46.882263,-114.029100
7288,TA LAUREL,"I-90, EXIT 437",Laurel,MT,3.61233333,45.674500,-108.769000
7289,TA STRAFFORD,"I-44, EXIT 88 & SR-125",Strafford,MO,3.36566666,37.279700,-93.106600
7291,TA OAK GROVE TRAVEL CENTER,"I-70, EXIT 28",Oak Grove,MO,3.22233333,38.998500,-94.139900
7293,TA Matthews Travel Center,"I-55, EXIT 58 & SR-80",Matthews,MO,3.20566666,36.715400,-89.628700
7299,GASPERS - FAST LANE,"I-70, EXIT 148 & US-54",Kingdom City,MO,2.959,38.955100,-91.952000
7300,B AND D AUTO TRUCK PLAZA,"I-44, EXIT 127",Lebanon,MO,3.099,37.685000,-92.655000
7310,AAA HOSPITALITY,"I-55, EXIT 220",Tillatoba,MS,2.784,33.985200,-89.894500
7312,208 FUEL PLAZA,"I-70, EXIT 208",Belmont,OH,3.419,40.032000,-81.006600
7314,TA MERIDIAN TRAVEL CENTER,"I-20 & I-59, EXIT 160",Meridian,MS,2.91233333,32.415414,-88.670443
7323,TRUCKERS INN,"I-94/US-52, EXIT 127 & US-71",Sauk Centre,MN,3.22566666,45.728100,-94.968200
7326,PETRO STOP #398,"I-35 & I-90, EXIT 11",Albert Lea,MN,4.099,43.653700,-93.370700
7327,TA TEKONSHA,"I-69,EXIT 25 & SR-60",Tekonsha,MI,3.599,42.086300,-84.992600
7327,TA TEKONSHA,"I-69,EXIT 25 & SR-60",Tekonsha,MI,3.699,42.086300,-84.992600
7327,TA TEKONSHA,"I-69,EXIT 25 & SR-60",Tekonsha,MI,3.589,42.086300,-84.992600
7331,SPEEDWAY #9266,US-52 & SR-234,Ironton,OH,3.699,38.529400,-82.665400
7332,FLYING J #895,"I-75, EXIT 32A",Trenton,MI,3.559,42.138200,-83.217900
7332,FLYING J #895,"I-75, EXIT 32A",Trenton,MI,3.299,42.138200,-83.217900
7332,FLYING J #895,"I-75, EXIT 32A",Trenton,MI,3.249,42.138200,-83.217900
7332,FLYING J #895,"I-75, EXIT 32A",Trenton,MI,3.349,42.138200,-83.217900
7332,FLYING J #895,"I-75, EXIT 32A",Trenton,MI,3.439,42.138200,-83.217900
7335,TA SAWYER TRAVEL CENTER,"I-94, EXIT 12",Sawyer,MI,3.699,41.882900,-86.588500
7335,TA SAWYER TRAVEL CENTER,"I-94, EXIT 12",Sawyer,MI,3.689,41.882900,-86.588500
7337,TA BATTLE CREEK,"I-94, EXIT 104",Battle Creek,MI,4.039,42.293533,-85.124700
7337,TA BATTLE CREEK,"I-94, EXIT 104",Battle Creek,MI,3.999,42.293533,-85.124700
7337,TA BATTLE CREEK,"I-94, EXIT 104",Battle Creek,MI,3.979,42.293533,-85.124700
7337,TA BATTLE CREEK,"I-94, EXIT 104",Battle Creek,MI,3.989,42.293533,-85.124700
7341,INTERSTATE TRAVEL PLAZA,"I-495, EXIT 14A & US-1",Wrentham,MA,3.699,42.061700,-71.339600
7344,BEST QUICK STOP,US-1,Peabody,MA,3.61566666,42.584000,-70.920150
7353,DYSARTS SERVICE,"I-95, EXIT 44",Bangor,ME,3.799,44.812700,-68.784800
7354,CIRCLE K #4707065,"I-95, EXIT 2",Kittery,ME,3.899,43.092100,-70.742900
7357,TA SLIDELL TRAVEL CENTER,"I-10, EXIT 266 & US-190",Slidell,LA,3.154,30.308660,-89.795120
7360,KINGS TRUCK STOP,ST 103,Port Barre,LA,3.189,30.547800,-91.928600
7364,Petro Stopping Center,"I-80, EXIT 226",Girard,OH,3.45233333,41.161100,-80.693300
7370,TA SMITHS GROVE,"I-65, EXIT 38 & SR-101",Smiths Grove,KY,3.43233333,37.058100,-86.193800
7371,One9 #392,"I-65, EXIT 81 & SR-84",Sonora,KY,3.19566666,37.522100,-85.923000
7372,TA WALTON #28,"I-75/I-71, EXIT 175 & SR-338",Walton,KY,3.00233333,38.887500,-84.632800
7379,KEYSTOP TRAVEL CENTER,"I-65, EXIT 2 & US-31W",Franklin,KY,2.899,36.723850,-86.573600
7382,TA FLORENCE TRAVEL CENTER,"I-75, EXIT 181",Florence,KY,3.07066666,38.978250,-84.694900
7385,WAKEENEY 24 7 STORE #3,"I-70/US-40, EXIT 127 & US-283",Wakeeney,KS,3.09066666,39.025000,-99.879600
7387,TA Oakley,"I-70, EXIT 76 & US-40/US-83",Oakley,KS,3.649,39.112100,-100.858000
7389,GO MART FOOD STORE #58,"I-77, EXIT 1 & SR-7",Marietta,OH,3.799,39.428100,-81.464400
7396,7-ELEVEN #36180,US-20/SR-18,Monroeville,OH,3.614,41.218100,-82.702300
7398,FLYING J #913,"I-80, EXIT 142 & US-65",Altoona,IA,3.35566666,41.647500,-93.472400
7398,FLYING J TRAVEL PLAZA #913,"I-80, EXIT 142 & US-65",Altoona,IA,3.34233333,41.647500,-93.472400
7403,FUEL MART #714,"I-75, EXIT 168",North Baltimore,OH,3.11233333,41.186700,-83.680600
7406,PILOT TRAVEL CENTER #594,"I-29, EXIT 143",Sioux City,IA,3.60566666,42.482356,-96.388878
7406,PILOT #594,"I-29, EXIT 143",Sioux City,IA,3.699,42.482356,-96.388878
7407,TA IOWA 80 TRAVEL PLAZA,"I-80, EXIT 284",Walcott,IA,3.90233333,41.645300,-90.725600
7408,FRIENDSHIP FOOD MART #99,US-224 & SR-61/SR-598,Willard,OH,3.63233333,41.057950,-82.727550
7410,PILOT TRAVEL CENTERS #373,"I-35 & I-80, EXIT 126",Urbandale,IA,3.35566666,41.628533,-93.735633
7410,PILOT TRAVEL CENTER #373,"I-35 & I-80, EXIT 126",Urbandale,IA,3.34233333,41.628533,-93.735633
7412,PETRO STOPPING CENTER #374,"I-69, EXIT 245 & SR-28",Gaston,IN,3.53566666,40.294800,-85.489800
7416,GOOD TO GO #40,"I-65, EXIT 215 & SR-114",Rensselaer,IN,3.20066666,40.994800,-87.103700
7417,SKY CITGO,US-30 & SR-23,Grovertown,IN,3.499,41.349600,-86.524300
7418,JJS TRAVEL PLAZA,US-31 & US-24,Peru,IN,3.444,40.749200,-86.068000
7421,MIDLAND #1901,"I-70, EXIT 137 AT MILE 137",Cambridge City,IN,3.43233333,39.818200,-85.168500
7425,Petro Brazil,"I-70,  EXIT 23",Brazil,IN,3.989,39.521000,-87.127800
7429,TA CLAYTON,"I-70, EXIT 59 & SR-39",Clayton,IN,3.939,39.668200,-86.495900
7435,PETRO STOPPING CENTER #375,"I-65, EXIT 201 & US-231/US-24",Remington,IN,3.699,40.766700,-87.159900
7436,TA WHITESTOWN,"I-65/US-52, EXIT 130",Whitestown,IN,3.57066666,40.000000,-86.350700
7437,PETRO STOPPING CENTER #379,"I-74,  EXIT 143",Greensburg,IN,3.999,39.299800,-85.491800
7457,TA EFFINGHAM TRAVEL CENTER,"I-57 & I-70, EXIT 160",Effingham,IL,3.349,39.121700,-88.561100
7457,TA EFFINGHAM TRAVEL CENTER,"I-57 & I-70, EXIT 160",Effingham,IL,3.399,39.121700,-88.561100
7457,TA EFFINGHAM TRAVEL CENTER,"I-57 & I-70, EXIT 160",Effingham,IL,3.439,39.121700,-88.561100
7457,TA EFFINGHAM TRAVEL CENTER,"I-57 & I-70, EXIT 160",Effingham,IL,3.549,39.121700,-88.561100
7459,TA Morris Travel Center,"I-80, EXIT 112 & SR-47",Morris,IL,3.849,41.367200,-88.417800
7466,PILOT #595,"I-57, EXIT 54B & SR-13",Marion,IL,3.759,37.725700,-88.929400
7466,PILOT TRAVEL CENTER #595,"I-57, EXIT 54B & SR-13",Marion,IL,3.759,37.725700,-88.929400
7469,PILOT TRAVEL CENTERS #313,"I-70/I-55, EXIT 4 & SR-203",East Saint Louis,IL,3.439,38.606043,-90.125271
7469,PILOT TRAVEL CENTER #313,"I-70/I-55, EXIT 4 & SR-203",East Saint Louis,IL,3.699,38.606043,-90.125271
7469,PILOT TRAVEL CENTER #313,"I-70/I-55, EXIT 4 & SR-203",East Saint Louis,IL,3.579,38.606043,-90.125271
7469,PILOT TRAVEL CENTER #313,"I-70/I-55, EXIT 4 & SR-203",East Saint Louis,IL,3.379,38.606043,-90.125271
7471,ROAD RANGER #185,"I-55, EXIT 145 & US-136",Mc Lean,IL,3.349,40.328200,-89.164500
7471,ROAD RANGER #185,"I-55, EXIT 145 & US-136",Mc Lean,IL,3.449,40.328200,-89.164500
7482,TA BOISE TRAVEL CENTER,"I-84, EXIT 54",Boise,ID,3.77066666,43.539279,-116.228175
7492,Mobil dba One9 #1365,"I-85, EXIT 70",Cusseta,AL,2.999,32.783100,-85.275600
7492,One9 #1365,"I-85, EXIT 70",Cusseta,AL,2.999,32.783100,-85.275600
7495,RACETRAC #2574,"I-75, EXIT 237, SR-331 & US-41",Forest Park,GA,3.109,33.556100,-84.362900
7504,TEXACO,"I-75, EXIT 306 & SR-140",Adairsville,GA,3.10566666,34.359500,-84.917600
7506,CHAPMANS TRUCK STOP,"I-85 & SR-219, EXIT 13",Lagrange,GA,3.91566666,33.031633,-85.026867
7523,EXPRESS STOP FOOD STORE #4644,"I-75, EXIT 181",Pinconning,MI,3.639,43.849100,-84.008200
7533,TA WILDWOOD TRAVEL CENTER,"I-75, EXIT 329 & SR-44",Wildwood,FL,3.214,28.845400,-82.034700
7534,TA BALDWIN TRAVEL CENTER,"I-10, EXIT 343 & US-301",Jacksonville,FL,3.899,30.311931,-81.653317
7535,GIANT #198,"I-4/SR-400, EXIT 7 & US-301/SR-41",Tampa,FL,3.25733333,27.942862,-82.462038
7543,TA NEW HAVEN TRAVEL CENTER,"I-95, EXIT 56",Branford,CT,5.069,41.280000,-72.810600
7545,CITGO,"I-95, EXIT 40",Milford,CT,3.399,41.225650,-73.064800
7546,SHELL DBA PILOT DEALER #882,"I-95, EXIT 93 & SR-216",North Stonington,CT,4.299,41.453100,-71.872700
7546,PILOT TRAVEL CENTERS #882,"I-95, EXIT 93 & SR-216",North Stonington,CT,4.299,41.453100,-71.872700
7551,PWI #525,"I-70, EXIT 295",Watkins,CO,3.139,39.762300,-104.583400
7552,TA DENVER WEST TRAVEL CENTER,"I-70, EXIT 266",Wheat Ridge,CO,3.41566666,39.770050,-105.086700
7553,BRUSH TRAVEL PLAZA,"I-76, EXIT 90B & SR-71",Brush,CO,3.699,40.260300,-103.627900
7574,108 FOOD AND FUEL,"I-40, EXIT 108 & US-66/US-281 BUS",Calumet,OK,3.13566666,35.547600,-98.151200
7611,LOVES TRAVEL STOP #167,"I-44, EXIT 83",Chickasha,OK,3.16566666,35.039700,-97.944100
7615,HOPI TRAVEL PLAZA CONOCO DBA ONE9 #1270,"I-40, EXIT 292",Holbrook,AZ,3.139,34.908500,-110.143400
7615,HOPI TRAVEL PLAZA,"I-40, EXIT 292",Holbrook,AZ,3.219,34.908500,-110.143400
7617,TUCSON TRUCK TERMINAL,"I-10, EXIT 268",Tucson,AZ,3.22233333,32.225478,-110.944676
7622,COPAN TRUCK STOP,US-75,Copan,OK,3.119,36.906200,-95.913000
7624,WILLCOX TRUCK PLAZA,"I-10, EXIT 340",Willcox,AZ,3.34066666,32.312950,-109.847550
7625,LOVES TRAVEL STOP #248,"I-40, EXIT 71",Clinton,OK,3.17233333,35.511500,-98.979500
7627,DAVIS TRADING POST,"I-35, EXIT 55",Davis,OK,2.979,34.500650,-97.110750
7629,ARNOLDS TRUCK STOP,US-72/SR-20/SR-157 & CR-59,Tuscumbia,AL,3.169,34.687400,-87.683300
7635,TA MONTGOMERY TRAVEL CENTER,"I-65, EXIT 168 & US-80/US-82/SR-6/SR-8",Montgomery,AL,3.25233333,32.302591,-86.244524
7636,PILOT TRAVEL CENTER #76,"I-20 & I-59, EXIT 76",Tuscaloosa,AL,2.999,33.238678,-87.520478
7636,PILOT TRAVEL CENTERS #76,"I-20 & I-59, EXIT 76",Tuscaloosa,AL,3.099,33.238678,-87.520478
7655,LOVES TRAVEL STOP #253,I-40 EXIT 7 & SR 30,Erick,OK,3.20566666,35.228600,-99.863500
7705,FLYING J TRAVEL PLAZA #610,"I-40, EXIT 53",Kingman,AZ,3.88233333,35.219767,-113.929767
7708,PILOT TRAVEL CENTER #352,"I-75, EXIT 139",Fort Myers,FL,3.799,26.561860,-81.852747
7708,PILOT TRAVEL CENTERS #352,"I-75, EXIT 139",Fort Myers,FL,3.799,26.561860,-81.852747
7715,LONDON AUTO TRUCK CENTER,"I-75, EXIT 41 & SR-80",London,KY,3.399,37.132167,-84.094900
7718,MR FUEL #717,"I-44, EXIT 251",Villa Ridge,MO,3.01566666,38.460100,-90.882200
7719,FLYING J TRAVEL PLAZA #674,"I-70, EXIT 188",Warrenton,MO,3.11566666,38.805000,-91.174000
7721,TRAIL STAR TRUCK STOP,"ST 16, EXIT 213",Glendive,MT,3.459,47.100800,-104.728700
7722,SAPP BROS TRAVEL CENTER,"I-80, EXIT 353 & US-81",York,NE,3.324,40.866700,-97.582500
7724,FUEL MART #767,US-6 & US-23,Bradner,OH,3.40733333,41.329800,-83.445600
7725,BELL STORES #48,US-30 & SR-94,Dalton,OH,3.38566666,40.779300,-81.700800
7733,FLYING J TRAVEL PLAZA #723,"I-40, EXIT 76",Amarillo,TX,3.26566666,35.253452,-101.865656
7746,PILOT TRAVEL CENTER #888,"I-27, EXIT 74",Tulia,TX,3.34066666,34.558300,-101.803900
7753,LOVES TRAVEL STOP #166,SR-351,Muskogee,OK,3.33733333,35.737033,-95.384000
7767,FLYING J TRAVEL PLAZA #759,"I-25, EXIT 7",Cheyenne,WY,3.709,41.151850,-104.793900
7768,BIG D #30,"I-25/US-87, EXIT 9 & I-80, EXIT 359C & I-80 BUS/US-30",Cheyenne,WY,3.204,41.151850,-104.793900
7792,FLYING J TRAVEL PLAZA #630,"I-75/SR-401, EXIT 201 & SR-36",Jackson,GA,3.384,33.282000,-83.978400
7798,CIRCLE K #2745100,"I-95, EXIT 7",Woodbine,GA,3.23233333,30.943700,-81.678300
7825,PILOT TRAVEL CENTERS #356,"I-65, EXIT 121",Shepherdsville,KY,3.609,37.996500,-85.702350
7838,PILOT #581,"US-52/SR-55, & 117TH ST, MM300",Inver Grove Heights,MN,3.579,44.828550,-93.066550
7871,STRIPES 7FLEET #42454,"US-60, US-70 & US-84",Texico,NM,3.829,34.395800,-103.061500
7873,One9 #387,"I-80, EXIT 280 & SR- 278",Carlin,NV,3.439,40.717200,-116.108200
7886,PETRO STOPPING CENTER #357,"I-70, EXIT 156B & US-40",New Paris,OH,3.48733333,39.861700,-84.779300
7930,I 24 TRUCK PLAZA,"I-24, EXIT 114 & US-41",Manchester,TN,3.099,35.496700,-86.078200
7946,PILOT TRAVEL CENTERS #289,"I-90/I-39, EXIT 158 & I-43/SR-81, EXIT 1",Beloit,WI,3.799,42.535150,-89.058900
7959,SPF #45,"I-25/US-87, EXIT 7 & US-212",Cheyenne,WY,3.22566666,41.151850,-104.793900
8840,LOVES TRAVEL STOP #211,"I-35, EXIT 120",Oklahoma City,OK,3.25566666,35.494951,-97.488642
8895,PAULS VALLEY TRAVEL CENTER,"I-35, EXIT 72  & SR-19",Pauls Valley,OK,2.999,34.738500,-97.219500
8927,LOVES TRAVEL STOP #219,"I-40, EXIT 200",Seminole,OK,3.36233333,35.238300,-96.669450
8936,CIRCLE K #107,US-220 & CR-902,Ridgeway,VA,3.399,36.587400,-79.868600
8948,PARK N PUMP CIRCLE C,"I-15, EXIT 222",Nephi,UT,3.449,39.692300,-111.835900
8961,FLYING J TRAVEL PLAZA #736,"I-20, EXIT 42 & US-285",Pecos,TX,3.46566666,31.446700,-103.579100
8977,LOVES TRAVEL STOP #168,"I-44, EXIT 20",Walters,OK,3.194,34.360500,-98.314000
8987,LOVES TRAVEL STOP #255,"I-40, EXIT 287 & SR-100",Webbers Falls,OK,3.789,35.513800,-95.165900
9160,PILOT TRAVEL CENTERS #912,"I-80, EXIT 300 & SR-40D",Wood River,NE,3.28233333,40.810600,-98.606500
9161,TREXLER PLAZA TRUCK STOP,I-78/US-22,Allentown,PA,3.63233333,40.601500,-75.510100
9206,CIRCLE K #4707005,US-2 & SR-4,Farmington,ME,3.899,44.665300,-70.132900
9216,309 TRUCK STOP,SR-309,Coopersburg,PA,3.759,40.507600,-75.388800
9241,7-ELEVEN #40286,"I-76,  EXIT 23/312",Elverson,PA,3.889,40.156800,-75.786600
9280,ONVO TRAVEL PLAZA - LAKEWOOD,"I-84, EXIT 20 & SR-507",Greentown,PA,3.54566666,41.332100,-75.281900
9289,ONVO EXPRESS,"I-81, EXIT 217 & SR-547",Harford,PA,3.609,41.776100,-75.693500
9340,LANCASTER TRAVEL PLAZA,US-30,Ronks,PA,3.899,40.023500,-76.167350
9354,BFS FOODS TRUCK PLAZA,"I-79, EXIT 1",Mount Morris,PA,4.499,39.774000,-80.024600
9365,FLYING J TRAVEL PLAZA #713,"I-95, EXIT 181",Latta,SC,3.349,34.339800,-79.441700
9381,SCOTT FUEL TRAVEL PLAZA,"I-81, EXIT 199",Dalton,PA,3.599,41.539500,-75.703700
9382,PILOT TRAVEL CENTERS #286,"I-70, EXIT 10 & SR-127",Eaton,OH,3.46233333,39.742600,-84.650800
9383,PILOT TRAVEL CENTERS #285,"I-70, EXIT 126 & SR-37",Hebron,OH,3.44566666,39.953500,-82.491900
9386,PETRO STOPPING CENTER #325,"I-75,  EXIT 167",North Baltimore,OH,3.27066666,41.186700,-83.680600
9403,PILOT TRAVEL CENTERS #280,"I-78, EXIT 7 & SR-173",Bloomsbury,NJ,3.809,40.643700,-75.096600
9415,7-ELEVEN #40287,"I-76, EXIT 24A/326",Wayne,PA,3.889,40.020800,-75.395325
9423,PETRO STOPPING CENTER #318,"I-70, EXIT 148",Kingdom City,MO,3.05733333,38.955100,-91.952000
9449,CORNER PANTRY #127,"I-26, EXIT 115 & US-321",West Columbia,SC,3.41233333,33.944250,-81.142150
9451,TA BETO JUNCTION TRAVEL CENTER,"I-35, EXIT 155 & US-75",Lebo,KS,3.23066666,38.416100,-95.822200
9467,TA PORTER TRAVEL CENTERS,"I-94, EXIT 22B & US-20",Chesterton,IN,3.849,41.614300,-87.047000
9468,TA LAKE STATION,"I-80 & I-94, EXIT 15B",Lake Station,IN,3.849,41.568600,-87.262200
9469,TA EXPRESS COWPENS #477,"I-85, EXIT 83 & SR-110",Cowpens,SC,3.399,35.039000,-81.822000
9485,PILOT TRAVEL CENTER #4559,"I-20, EXIT 26",Villa Rica,GA,3.389,33.717300,-84.929700
9485,PILOT #4559,"I-20, EXIT 26",Villa Rica,GA,3.449,33.717300,-84.929700
9513,CIRCLE K #2705350,"I-20, EXIT 5 & US-25",North Augusta,SC,3.159,33.543233,-81.959767
9525,SCOTCHMAN #3891,"I-77, EXIT 65 & SR-9",Richburg,SC,3.109,34.682200,-80.989100
9528,GO MART FOOD STORE #43,"I-64, EXIT 39 & SR-34",Teays,WV,3.499,38.475400,-81.880500
9542,SPINX #266,"I-26, EXIT 104",Columbia,SC,3.13233333,34.016062,-81.007685
9550,Mauston Interstate BP,"I-90/I-94, EXIT 69 & SR-82",Mauston,WI,3.22733333,43.793400,-90.064100
9553,LYNDON STATION BP,I-90 & 94 EXIT 79,Lyndon Station,WI,3.177,43.689900,-89.891500
9554,BIG D OIL #2,US-85 & US-34,Belle Fourche,SD,3.22733333,44.672300,-103.839600
9614,DITTYS,"I-90, EXIT 284 & SR-45",Kimball,SD,3.089,43.746700,-98.958400
9618,FLYING J #477,US-75,Anna,TX,3.239,33.344500,-96.563900
9638,PILOT TRAVEL CENTERS #62,"I-95, EXIT 170 & SR-327",Florence,SC,3.349,34.137967,-79.706250
9668,COFFEE CUP FUEL STOP #4,"I-90, EXIT 310 & SR-281",Plankinton,SD,3.02733333,43.737300,-98.469400
9675,FLYING J TRAVEL PLAZA #722,"I-75 & I-40, EXIT 369",Knoxville,TN,3.439,35.971652,-83.964548
9699,SPEEDWAY #9400,US-30/US-62 & SR-297,Canton,OH,3.369,40.814772,-81.382900
9703,PILOT TRAVEL CENTERS #2,"I-90, EXIT 223 & SR-45",Austinburg,OH,3.859,41.755400,-80.858400
9712,TA GREENSBORO TRAVEL CENTER,"I-40 & I-85, EXIT 138 & SR-61",Whitsett,NC,3.99733333,36.033000,-79.597200
9713,TA Express Vermillion #275,"I-29, EXIT 26 & SR-50",Burbank,SD,3.099,42.763800,-96.846600
9717,COFFEE CUP FUEL STOP #8,"I-90, EXIT 212 & SR-83",Vivian,SD,3.09733333,43.953500,-100.286000
9724,One9 #1339,"I-81,  EXIT 34",Parish,NY,3.799,43.415300,-76.100000
9746,TA MILL CITY TRAVEL CENTER,"I-80, EXIT 151",Imlay,NV,3.794,40.548400,-118.034400
9747,GOOD TO GO TRAVEL CENTER,"I-80, EXIT 353 & US-81",York,NE,3.31733333,40.866700,-97.582500
9763,DELUXE TRUCK STOP,SR-759,Saint Joseph,MO,3.149,39.749525,-94.836650
9783,KANGAROO CROSSING #1101,"I-55, EXIT 144",Pickens,MS,3.099,32.890500,-89.973700
9803,TA KNOXVILLE WEST TRAVEL CENTER,"I-40 & I-75, EXIT 369",Knoxville,TN,3.42566666,35.971652,-83.964548
9808,TA ANN ARBOR TRAVEL CENTER,"I-94, EXIT 167",Dexter,MI,3.699,42.358300,-83.900000
9808,TA ANN ARBOR TRAVEL CENTER,"I-94, EXIT 167",Dexter,MI,3.499,42.358300,-83.900000
9808,TA ANN ARBOR TRAVEL CENTER,"I-94, EXIT 167",Dexter,MI,3.649,42.358300,-83.900000
9808,TA ANN ARBOR TRAVEL CENTER,"I-94, EXIT 167",Dexter,MI,3.629,42.358300,-83.900000
9812,LEES FOOD MART #1398,"I-40, EXIT 398",Knoxville,TN,3.299,35.971652,-83.964548
9818,CIRCLE K #4707002,"I-95, EXIT 157",Newport,ME,3.899,44.839300,-69.267500
9821,PILOT TRAVEL CENTERS #52,"I-24, EXIT 64",La Vergne,TN,3.47233333,35.936150,-86.490500
9842,Petes #03,US-59 & US-54,Moran,KS,3.26566666,37.934200,-95.164700
9843,MAPLE HILL TRUCK STOP,"I-70, EXIT 341",Maple Hill,KS,3.05233333,39.044700,-96.039700
9851,KWIK STOP #86,US-151/US-52/US-61,Dubuque,IA,3.489,42.498660,-90.686480
9855,PILOT TRAVEL CENTER #37,"I-65, EXIT 95",Whiteland,IN,3.959,39.561100,-86.072300
9855,PILOT TRAVEL CENTERS #37,"I-65, EXIT 95",Whiteland,IN,3.959,39.561100,-86.072300
9860,PARADISE AUTO TRUCK PLAZA,US-31,Rochester,IN,3.40566666,41.065500,-86.231000
9862,PILOT TRAVEL CENTER #271,"I-80, EXIT 6",Gary,IN,3.829,41.579437,-87.339713
9862,PILOT TRAVEL CENTERS #271,"I-80, EXIT 6",Gary,IN,3.799,41.579437,-87.339713
9887,7-ELEVEN #40354,"I-95, EXIT 173",Palm Bay,FL,3.21566666,28.019314,-80.633971
9941,FLYING J TRAVEL PLAZA #609,"I-10, EXIT 208-A",Eloy,AZ,3.45233333,32.750900,-111.583300
9945,CIRCLE K #2706690,"I-85/US-29, EXIT 62 & US-280/US-431/SR-38/SR-1",Opelika,AL,2.999,32.611450,-85.354400
9959,FLYING J #876,"I-95, EXIT 104",Ruther Glen,VA,3.619,37.945100,-77.471400
9962,STRIPES #40673,"I-45, EXIT 179",Mcallen,TX,3.289,26.221640,-98.229420
9971,TA DANSVILLE TRAVEL CENTER,"I-390 & COMMERCE, EXIT 5",Dansville,NY,4.499,42.570000,-77.710900
9973,BOLLA MARKET,"I-287, EXIT 66",Mahwah,NJ,3.53233333,41.092800,-74.175250
9990,JIMS  BEST STOP,US-45 & US-64,Selmer,TN,3.174,35.169100,-88.595800
9995,LOVES TRAVEL STOP #411,"I-35 & I-80, EXIT 125 & US-6",Clive,IA,3.34066666,41.606700,-93.745700
9997,Circle K #2723687,"I-20, EXIT 11 & US-27/SR-1",Bremen,GA,3.08733333,33.730900,-85.128600
10006,FLINT HILLS FUEL MART,US-50 & US-77,Florence,KS,3.499,38.241500,-96.934600
10007,CIRCLE K #2705346,SR-307,Savannah,GA,3.03233333,32.017756,-81.094239
10014,Sudden Service #6604,"I-40, EXIT 212",Nashville,TN,3.399,36.166456,-86.785662
10015,Loves Travel Stop #429,"I-65 & I-24, EXIT 87",Nashville,TN,3.46233333,36.166456,-86.785662
10020,Maplefields,"US-4, EXIT 2 & SR-22A",Fair Haven,VT,3.599,43.623400,-73.270100
10024,MILLERS TRAVEL CENTER,US-6 & US-50,Wellington,UT,3.659,39.542300,-110.735000
10028,GOOD TO GO #10,US-35,Winamac,IN,3.914,41.056200,-86.630700
10030,LOVES TRAVEL STOP #715,I-77 EXIT 58 & SR-666 & US-52,Bastian,VA,3.59733333,37.157400,-81.198900
10033,SHELL,"I-95, EXIT 133 & US-17 BUS",Fredericksburg,VA,3.25566666,38.304144,-77.504222
10047,TOWN PUMP FOOD STORE #8929,"I-15, EXIT 339",Conrad,MT,3.599,48.178300,-111.939700
10053,BECKS #27,"I-39/US-51, EXIT 72 & US-34",Mendota,IL,3.269,41.544300,-89.108300
10057,Flying J Travel Plaza #649,"I-465, EXIT 4",Indianapolis,IN,3.899,39.800271,-86.136173
10057,Flying J TravelPlaza #649,"I-465, EXIT 4",Indianapolis,IN,3.899,39.800271,-86.136173
10058,CITGO,US-431/SR-1 & SR-27,Abbeville,AL,3.399,31.575500,-85.279000
10065,ROAD MART,US-71/US-59,Ashdown,AR,3.299,33.678700,-94.135100
10077,FLYING J TRAVEL PLAZA #607,"I-55, EXIT 4 & I-40, EXIT 280",West Memphis,AR,3.15066666,35.147450,-90.181200
10085,EL CENTRO TRAVEL CENTER,"I-8, EXIT 115 & SR-86",El Centro,CA,4.499,32.792050,-115.629600
10101,PILOT TRAVEL CENTERS #65,"I-20, EXIT 194",Augusta,GA,3.859,33.432962,-82.075146
10101,PILOT TRAVEL CENTER #65,"I-20, EXIT 194",Augusta,GA,3.859,33.432962,-82.075146
10104,GEO H GREEN OIL,"I-85/SR-403, EXIT 41 & US-27 ALT",Newnan,GA,3.199,33.369450,-84.775450
10109,GIT N GO CONVENIENCE STORE #34,"US-30, EXIT 185 & SR-14",Marshalltown,IA,3.119,42.040500,-92.912700
10110,JACKSON'S FOODS DBA ONE9 #1427,"I-84, EXIT 36",Nampa,ID,3.37066666,43.602680,-116.612120
10116,Petro Stopping Center #359,"I-39/US-51, EXIT 99 & SR-38",Rochelle,IL,3.759,41.928200,-89.071000
10122,LOVES TRAVEL STOP #417,"I-80 & I-94, EXIT 9A",Gary,IN,3.809,41.579437,-87.339713
10126,PILOT TRAVEL CENTERS #152,"I-65, EXIT 16 & MEMPHIS RD",Memphis,IN,3.959,38.464200,-85.777500
10126,PILOT TRAVEL CENTER #152,"I-65, EXIT 16 & MEMPHIS RD",Memphis,IN,3.959,38.464200,-85.777500
10128,PETES #20,US-54/SR-7 & US-69,Fort Scott,KS,3.199,37.821600,-94.714800
10135,YESWAY #1116,"I-35, EXIT 60",Mcpherson,KS,3.259,38.376300,-97.670200
10142,PILOT TRAVEL CENTERS #438,"I-65, EXIT 6 & SR-100",Franklin,KY,3.169,36.723850,-86.573600
10144,PILOT TRAVEL CENTERS #358,"I-24 & US-305, EXIT 3",Paducah,KY,3.699,37.061900,-88.656367
10146,PILOT TRAVEL CENTERS #437,"I-75, EXIT 11 & SR-92",Williamsburg,KY,3.609,36.747000,-84.139400
10150,PILOT TRAVEL CENTERS #300,"I-12, EXIT 40",Hammond,LA,3.23233333,30.507200,-90.475225
10154,I 49 TRUCK STOP,"I-49, EXIT 23 & US-167",Opelousas,LA,3.199,30.523950,-92.085600
10157,J AND  H OIL,"US-131, EXIT 72",Byron Center,MI,3.599,42.801600,-85.713600
10157,J AND  H OIL,"US-131, EXIT 72",Byron Center,MI,3.499,42.801600,-85.713600
10161,SPEEDWAY #8740,"I-69, EXIT 87",Dewitt,MI,3.759,42.842800,-84.579700
10161,SPEEDWAY #8740,"I-69, EXIT 87",Dewitt,MI,3.599,42.842800,-84.579700
10168,Express Stop,"I-94, EXIT 145",Jackson,MI,3.589,42.248200,-84.402575
10172,EXPRESS STOP FOOD STORE #4647,"I-75, EXIT 151 & SR- 81",Saginaw,MI,3.399,43.417491,-83.997509
10181,QUIKTRIP #611,I-55 EXIT 178,Herculaneum,MO,2.99066666,38.262500,-90.389600
10184,CIRCLE K #2721544,"I-55, EXIT 243 & US-278/SR-6",Batesville,MS,3.309,34.311500,-89.944300
10192,INTERSTATE STATION #8,"I-55, EXIT 78",Natchez,MS,3.399,31.526733,-91.390600
20000,BIG BOYS TRUCK STOP,"I-95, EXIT 105",Kenly,NC,3.299,35.607700,-78.138200
20003,PILOT #7976,"I-77, EXIT 42",Troutman,NC,3.659,35.686300,-80.882200
20006,CENEX C STORE,US-52,Kenmare,ND,3.46733333,48.718200,-102.085200
20009,BIG SPRINGS TRUCK AND TRAVEL,"I-80, EXIT 107",Big Springs,NE,3.074,41.069600,-102.093300
20011,CUBBYS #111,US-81,Norfolk,NE,3.209,42.030600,-97.419950
20012,FLYING J TRAVEL PLAZA #686,"I-80, EXIT 432",Gretna,NE,3.28233333,41.134500,-96.245800
20014,SIMONS EXIT 16,"I-89, EXIT 16",Enfield,NH,3.499,43.625600,-72.127000
20019,SUNOCO,"I-295, EXIT 2C & SR-140",Penns Grove,NJ,3.459,39.699400,-75.449500
20024,LOVES TRAVEL STOP #259,"I-10 & AIRPORT RD, EXIT 132",Las Cruces,NM,3.214,32.379678,-106.769089
20027,LOVES TRAVEL STOP #262,"I-40, EXIT 333",Tucumcari,NM,3.889,35.168000,-103.717900
20028,MORTONS TRUCK STOP,"I-15, EXIT 46",North Las Vegas,NV,3.399,36.252260,-115.145260
20031,FLYING J TRAVEL PLAZA #770,"I-80, EXIT 176",Winnemucca,NV,3.77733333,41.021400,-117.753450
20033,LOVES TRAVEL STOP #772,"I-86 & SR-17, EXIT 37",Bath,NY,4.489,42.357500,-77.302800
20036,SMOKIN JOES,I-90 EXIT 24,Sanborn,NY,3.699,43.141900,-78.878500
20042,FLYING J TRAVEL PLAZA #700,I-80 & I-90 EXIT 71,Perrysburg,OH,3.759,41.549950,-83.609950
20043,FRIENDSHIP FOOD MART #70,SR-2 & SR-53,Port Clinton,OH,3.939,41.512000,-82.937700
20045,PILOT TRAVEL CENTERS #281,"I-80, EXIT 226",Girard,OH,3.45233333,41.161100,-80.693300
20049,LOVES TRAVEL STOP #263,"I-44, EXIT 45 & SR-49",Lawton,OK,3.21733333,34.614720,-98.412480
20050,LOVES TRAVEL STOP #260,"I-35, EXIT 106 & SR-9 W",Norman,OK,3.254,35.213817,-97.413650
20054,Jacksons Food Stores,"I-84, EXIT 261",La Grande,OR,3.687,45.330400,-118.085200
20062,PILOT TRAVEL CENTERS #298,"I-80, EXIT 256 & SR-93",Drums,PA,3.97566666,41.025500,-75.976800
20066,KWIK FILL #228,"I-90, EXIT 45 & US-20",North East,PA,4.089,42.200800,-79.833200
20070,ONVO TRAVEL PLAZA - PROMISED LAND,"I-84, EXIT 26 & SR-390",Tafton,PA,3.54566666,41.404500,-75.183000
20072,PILOT TRAVEL CENTERS #310,"I-85, EXIT 63 & SR-290",Duncan,SC,3.43233333,34.917600,-82.125800
20079,PETRO KINGSTON SPRINGS #349,"I-40, EXIT 188",Kingston Springs,TN,3.23233333,36.095300,-87.115600
20082,GOLDEN EXPRESS TRUCK STOP,US-287/US-81 & CR-1595,Alvord,TX,3.049,33.369800,-97.688500
20083,FLYING J TRAVEL PLAZA #724,"I-10, EXIT 0",Anthony,TX,3.459,31.990700,-106.597600
20086,LOVES TRAVEL STOP #609,"I-35, EXIT 471 & US-77",Denton,TX,3.24733333,33.205390,-97.119640
20105,CEFCO #1050,"I-30, EXIT 146 & US-37",Mount Vernon,TX,2.94233333,33.170200,-95.218100
20108,TEX-BEST #501,"I-37, EXIT 125",Elmendorf,TX,2.949,29.230800,-98.372000
20109,PILOT TRAVEL CENTERS #306,"I-10, EXIT 582",San Antonio,TX,3.214,29.464699,-98.498407
20114,CROSSROADS,"I-10, EXIT 829 & SR-124",Winnie,TX,4.249,29.815700,-94.339500
20118,KWIK TRIP #648,"I-94, EXIT 116 & SR-54",Black River Falls,WI,3.23733333,44.295400,-90.831300
20119,FREMONT CITGO,US-10 & SR-110,Fremont,WI,3.399,44.237900,-88.844900
20121,GO MART FOOD STORE #50,"I-77/I-64, EXIT 44 & SR-3",Beckley,WV,3.599,37.771050,-81.215300
44228,I-69 TRUCKSTOP TRAVEL CENTER,"I-69, EXIT 184 & SR-19",Memphis,MI,3.599,42.941000,-82.804600
44228,I-69 TRUCKSTOP TRAVEL CENTER,"I-69, EXIT 184 & SR-19",Memphis,MI,3.499,42.941000,-82.804600
44228,I-69 TRUCKSTOP TRAVEL CENTER,"I-69, EXIT 184 & SR-19",Memphis,MI,3.549,42.941000,-82.804600
52040,REBEL TRUCK STOP,"I-5, EXIT 27",Kalama,WA,4.499,46.011200,-122.816600
52048,PILOT TRAVEL CENTERS #302,"I-10, EXIT 13 & CR-30",Theodore,AL,3.199,30.516200,-88.217000
52048,PILOT TRAVEL CENTER #302,"I-10, EXIT 13 & CR-30",Theodore,AL,3.159,30.516200,-88.217000
52052,EXPRESSWAY MOBIL,US-63 & US-167,El Dorado,AR,3.599,33.207450,-92.664600
52065,76 DBA ONE9 #1415,"I-75, EXIT 49",Lake Panasoffkee,FL,3.17233333,28.795300,-82.136300
52067,PETRO STOPPING CENTER #322,"I-285, EXIT 12",Atlanta,GA,3.44566666,33.817077,-84.380226
52070,FRIENDLY EXPRESS #31,US-1 & US-301,Folkston,GA,3.099,30.850800,-82.011600
52081,MCCLURE OIL #9,US-31 & SR-18,Kokomo,IN,3.839,40.472225,-86.129575
52085,RUSSELL 24/7,"I-70, EXIT 184",Russell,KS,3.00733333,38.880600,-98.859500
52088,CASEYS #4459,"I-64, EXIT 265",Mayfield,KY,3.249,36.732700,-88.650600
52089,SHELL,US-84 & SR-28,Jonesville,LA,3.399,31.686200,-91.867800
52090,SHOP A LOTT #10,"I-49, EXIT 138 & SR-6",Natchitoches,LA,3.12566666,31.752300,-93.083267
52099,BEACON & BRIDGE #7,"I-75, EXIT 126",Mount Morris,MI,3.379,43.116000,-83.689500
52103,SPRINT MART #27,US-45 & US-72,Corinth,MS,3.05566666,34.898200,-88.556700
52104,BLUE SKY #734,SR-1,Saltillo,MS,3.08233333,34.383100,-88.667400
52106,FLYING J TRAVEL PLAZA #923 -TOWN PUMP,"I-90, EXIT 455",Billings,MT,3.58066666,45.796836,-108.515986
52107,PILOT #7983,"I-85,  EXIT 71",Salisbury,NC,3.499,35.658650,-80.482425
52112,SROKAS SERVICE CENTER,SR-149,Fort Ann,NY,3.799,43.428500,-73.478400
52112,SROKAS SERVICE CENTER,SR-149,Fort Ann,NY,3.899,43.428500,-73.478400
52112,SROKAS SERVICE CENTER,SR-149,Fort Ann,NY,3.999,43.428500,-73.478400
52128,Sudden Service #8087,I-40 EXIT 238,Lebanon,TN,3.199,36.178800,-86.285500
52140,Sinclair,"I-82, EXIT 69",Sunnyside,WA,4.599,46.321300,-120.012600
52142,PILOT TRAVEL CENTERS #296,"I-94 & BAKER RD, EXIT 167",Dexter,MI,3.499,42.358300,-83.900000
52142,PILOT TRAVEL CENTERS #296,"I-94 & BAKER RD, EXIT 167",Dexter,MI,3.659,42.358300,-83.900000
52142,PILOT TRAVEL CENTERS #296,"I-94 & BAKER RD, EXIT 167",Dexter,MI,3.579,42.358300,-83.900000
52142,PILOT TRAVEL CENTERS #296,"I-94 & BAKER RD, EXIT 167",Dexter,MI,3.649,42.358300,-83.900000
52143,One9 #319,"I-75, EXIT 328",Dalton,GA,3.01566666,34.768000,-84.960725
52145,Pilot Travel Center #318,"I-465/I-74/US-52/US-40/SR-67, EXIT 4 & SR-37",Indianapolis,IN,3.899,39.800271,-86.136173
52145,Pilot Travel Centers#318,"I-465/I-74/US-52/US-40/SR-67, EXIT 4 & SR-37",Indianapolis,IN,3.899,39.800271,-86.136173
52146,FLYING J TRAVEL PLAZA #758,"I-25, EXIT 185 & SR-258",Casper,WY,3.999,42.853740,-106.331380
52149,PILOT TRAVEL CENTERS #321,"I-75/71, EXIT 175 & SR-338",Walton,KY,3.08566666,38.887500,-84.632800
52150,PILOT TRAVEL CENTERS #311,"I-90, EXIT 27 & SR-97",Erie,PA,4.21566666,42.133838,-80.072158
52152,PILOT TRAVEL CENTERS #308,"I-80 , EXIT 310",Laramie,WY,3.609,41.370550,-105.623725
52153,PILOT TRAVEL CENTER #1412,"I-94 & RUSSELL RD, EXIT 1",Wadsworth,IL,3.769,42.446000,-87.904000
52153,PILOT #1412,"I-94 & RUSSELL RD, EXIT 1",Wadsworth,IL,3.829,42.446000,-87.904000
52153,PILOT #1412,"I-94 & RUSSELL RD, EXIT 1",Wadsworth,IL,3.769,42.446000,-87.904000
52155,TA SOUTHINGTON TRAVEL CENTER,"I-84, EXIT 28 & US-65",Milldale,CT,5.199,41.565900,-72.891800
52163,PILOT TRAVEL CENTER #67,"I-75, EXIT 296",Cartersville,GA,3.56566666,34.197450,-84.793850
52163,PILOT TRAVEL CENTERS #67,"I-75, EXIT 296",Cartersville,GA,3.549,34.197450,-84.793850
52212,FLYING J TRAVEL PLAZA #763,"I-80, EXIT 209",Rawlins,WY,3.749,41.795100,-107.234900
52221,FLYING J TRAVEL PLAZA #726,"I-20, EXIT 472",Dallas,TX,3.18233333,32.788556,-96.787156
52222,FLYING J TRAVEL PLAZA #735,"I-10, EXIT 873 & SR-62",Orange,TX,3.309,30.113800,-93.814467
52230,ONE9 #294,"I-15 & I-84, EXIT 344 SR-39",Ogden,UT,3.32566666,41.239508,-111.965408
52233,SPEEDWAY #2953,"US-80, EXIT 3",Yuma,AZ,3.46566666,32.680540,-114.558540
52235,PETRO STOPPING CENTER #303,"I-80, EXIT 310",Laramie,WY,3.57566666,41.370550,-105.623725
52236,CHEVRON,US-60,Globe,AZ,4.299,33.398300,-110.787850
52239,PILOT TRAVEL CENTER #192,"I-75, EXIT 60",Tifton,GA,3.619,31.462900,-83.543600
52239,PILOT TRAVEL CENTERS #192,"I-75, EXIT 60",Tifton,GA,3.599,31.462900,-83.543600
52241,Rocket,"I-25/US-85/US-87, EXIT 161 & SR-105",Monument,CO,3.195,39.100700,-104.854200
52250,PILOT TRAVEL CENTERS #222,I-84 EXIT 1,Sturbridge,MA,4.159,42.112600,-72.084200
52255,GREATER CHICAGO I 55,"I-55, EXIT 267 & SR-53",Bolingbrook,IL,3.609,41.688300,-88.113800
52255,GREATER CHICAGO I 55,"I-55, EXIT 267 & SR-53",Bolingbrook,IL,3.319,41.688300,-88.113800
52262,CIRCLE K #2721577,US-84 & SR-21,Monroeville,AL,3.434,31.518700,-87.341050
52278,NEIGHBORS EXPRESS,US-25/SR-121/SR-23/SR-67,Millen,GA,3.38233333,32.787700,-81.961800
52297,IGA EXPRESS SHELL #874,"I-65, EXIT 20",Bowling Green,KY,2.999,36.960875,-86.420050
52299,415 TRUCK STOP,"I-10, EXIT 151 & SR-415",Port Allen,LA,3.089,30.472000,-91.254100
52302,LONGHORN TRUCK AND CAR PLAZA,"I-10, EXIT 4",Vinton,LA,3.274,30.201500,-93.572800
52304,Fast Stop,"I-10, EXIT 182 & SR-22",Sorrento,LA,3.699,30.185400,-90.863100
52307,CASEYS #3002,SR-60 & SR-30/SR-4,Saint James,MN,3.219,43.987500,-94.622900
52313,CIRCLE K #2723445,"I-20, EXIT 5A & US-61/SR-27",Vicksburg,MS,2.959,32.352250,-90.854775
52322,BOLLA MARKET,"I-95, EXIT 13",Elizabeth,NJ,3.099,40.666725,-74.215100
52323,POWER,"I-78, EXIT 58 & SR-9/SR-1",Newark,NJ,4.299,40.746235,-74.198195
52325,MIRABITO #69,"I-88, EXIT 15 & SR-23",Oneonta,NY,3.999,42.462500,-75.049100
52326,MR FUEL #715,"I-70, EXIT 203",Foristell,MO,2.92566666,38.762600,-90.934300
52334,KWIK TRIP #775,"I-90, EXIT 69 & SR-82",Mauston,WI,3.28733333,43.793400,-90.064100
52335,SHELL,"I-295, EXIT 3",Disputanta,VA,3.029,37.148300,-77.273200
52340,KWIK FILL #249,US-22,Duncansville,PA,4.07233333,40.426200,-78.438300
52344,STAMART 1224,"I-94, EXIT 166",Bismarck,ND,3.61566666,46.813229,-100.753686
52346,QUARLES #4436,"I-695, EXIT 41 & SR-151",Dundalk,MD,3.699,39.265500,-76.493500
52348,SHELL,"I-75, EXIT47 & SR-85",Detroit,MI,3.699,42.334304,-83.099896
52361,PAYLESS FUEL TRAVEL CENTER,"I-20, EXIT 470",Dallas,TX,2.98566666,32.788556,-96.787156
52363,SPEEDWAY #2376,US-131 & SR-46,Cedar Springs,MI,3.899,43.221500,-85.545200
52364,PILOT TRAVEL CENTERS #335,"I-20 & SR-137, EXIT 138",Rayville,LA,3.21233333,32.445600,-91.743300
52365,MOORES SUPER STORE,US-43/US-278/SR-171,Hamilton,AL,3.799,34.153400,-88.008500
52366,ALMA TRAVEL MART,"I-40, EXIT 13 & US-71",Alma,AR,3.33233333,35.500000,-94.207300
52367,DOSWELL TRUCK STOP,"I-95, EXIT 98 & SR-30",Doswell,VA,2.899,37.841700,-77.512500
52383,FLYING J TRAVEL PLAZA #601,"I-20/I-59, EXIT 104",Mc Calla,AL,3.17066666,33.284500,-87.102400
52384,PILOT TRAVEL CENTERS #337,"I-95, EXIT 164 & US-52",Florence,SC,3.349,34.137967,-79.706250
52385,Flying J Travel Plaza #696,"I-71, EXIT 131",Sunbury,OH,3.719,40.265500,-82.851100
52387,MARATHON,"I-55, EXIT 265 & SR-4",Senatobia,MS,3.199,34.632300,-89.885500
52388,FLYING J TRAVEL PLAZA #711,"I-85, EXIT 102",Blacksburg,SC,3.429,35.109500,-81.494200
52393,CASEYS #3004,SR-15 & CR-52,Truman,MN,3.299,43.820000,-94.431900
52400,PILOT TRAVEL CENTERS #324,"I-94/US-41, EXIT 329",Franksville,WI,3.889,42.785900,-87.987300
52401,LOVES TRAVEL STOP #267,"I-40, EXIT 107 & SR-95",Morrilton,AR,3.36066666,35.169200,-92.735400
52402,FLYING J TRAVEL PLAZA #665,"I-20, EXIT 3 & SR-79",Greenwood,LA,3.14566666,32.442900,-93.973000
52403,FLYING J TRAVEL PLAZA #676,"I-10, EXIT 31",Gulfport,MS,3.14566666,30.414383,-89.071117
52404,PETRO WELLS,"I-80, EXIT 352",Wells,NV,3.73233333,41.111600,-114.964500
52405,FLYING J TRAVEL PLAZA #636,"I-80, EXIT 292",Davenport,IA,3.87233333,41.565378,-90.591600
52411,SAPP BROS TRAVEL CENTER,"I-215, EXIT 21",Salt Lake City,UT,3.399,40.709875,-111.888812
52413,PILOT TRAVEL CENTERS #360,"I-75 & SR-613, EXIT 164",Findlay,OH,3.31566666,41.044550,-83.647800
52414,Mobil dba ONE9 #1341,"I-5, EXIT 208",Arlington,WA,3.799,48.182900,-122.112100
52421,SHEETZ #194,"I-80, EXIT 97",Falls Creek,PA,3.30733333,41.145500,-78.812800
52422,KWIK TRIP #674,"I-94, EXIT 45 & US-12/SR-29",Menomonie,WI,3.499,44.871800,-91.926500
52423,PILOT TRAVEL CENTER #908- TOWN PUMP,"I-15 & I-90, EXIT 122",Butte,MT,3.56566666,45.963120,-112.624960
52426,J MART #322,"I-65, EXIT 322",Falkville,AL,3.199,34.347700,-86.913100
52427,PILOT TRAVEL CENTERS #340,"I-80, EXIT 46",Fernley,NV,3.91566666,39.601900,-119.235000
52428,PILOT TRAVEL CENTERS #338,"I-26, EXIT 115 & US-321",West Columbia,SC,3.499,33.944250,-81.142150
52430,CHEVRON FOOD MART,"I-75, EXIT 350 & SR-2",Ringgold,GA,2.859,34.920500,-85.154900
52431,WOODBINE TRAVEL CENTER,"I-95, EXIT 14",Woodbine,GA,3.03233333,30.943700,-81.678300
52435,CM WINNERS CHOICE,"I-10 & SR-108, EXIT 23",Sulphur,LA,3.299,30.228033,-93.378033
52438,NEW MADRID,"I-55, EXIT 52/SR-P",New Madrid,MO,3.269,36.607300,-89.536600
52439,CIRCLE K #2723395,US-11,Hattiesburg,MS,3.199,31.249550,-89.325133
52441,PILOT #6990,"I-95, EXIT 106",Kenly,NC,3.709,35.607700,-78.138200
52450,PILOT #1290,"I-35, EXIT 410 & US-77",Red Oak,TX,3.299,32.518500,-96.807100
52452,PLAINVIEW TRAVEL PLAZA,"US-41, EXIT 113 & SR-26",Oshkosh,WI,3.199,44.036840,-88.593280
52454,PILOT TRAVEL CENTERS #6,"I-70, EXIT 178 & SR-209",Cambridge,OH,3.509,40.027000,-81.582000
52455,LOVES TRAVEL STOP #266,"I-35, EXIT 32",Ardmore,OK,3.649,34.206600,-97.190300
52456,PILOT TRAVEL CENTERS #317,"I-44, EXIT 4 (ST 435)",Joplin,MO,3.41233333,37.077950,-94.510500
52458,PILOT TRAVEL CENTERS #332,"I-40, EXIT 161 & SR-391",North Little Rock,AR,3.239,34.786022,-92.285700
52458,PILOT TRAVEL CENTER #332,"I-40, EXIT 161 & SR-391",North Little Rock,AR,3.237,34.786022,-92.285700
52461,FLORENCE VALERO,US-130,Burlington,NJ,3.13566666,40.068000,-74.845400
52463,PILOT TRAVEL CENTERS #341,"I-15, EXIT 48",North Las Vegas,NV,3.69566666,36.252260,-115.145260
52464,7-ELEVEN #40118,ST 220 & I-180,Muncy,PA,4.359,41.213700,-76.763300
52465,FLYING J TRAVEL PLAZA #605,"I-40, EXIT 84",Russellville,AR,3.369,35.323100,-93.097725
52466,FLYING J TRAVEL PLAZA #784,"I-95, EXIT 100 & SR-272",North East,MD,4.199,39.604500,-75.953800
52467,FLYING J TRAVEL PLAZA #712,"I-20, EXIT 70",Columbia,SC,3.43233333,34.016062,-81.007685
52468,FLYING J TRAVEL PLAZA #703,"I-40, EXIT 140",Oklahoma City,OK,3.309,35.494951,-97.488642
52469,LOVES TRAVEL STOPS #269,US-287/US-82/SR-79 & US-281,Wichita Falls,TX,3.149,33.906150,-98.504638
52469,LOVES TRAVEL STOP #269,US-287/US-82/SR-79 & US-281,Wichita Falls,TX,3.123,33.906150,-98.504638
52470,QUIKTRIP #562,"I-80, EXIT 136",Des Moines,IA,3.04733333,41.650284,-93.586047
52471,FLYING J TRAVEL PLAZA #695,"I-75, EXIT 135",Beaverdam,OH,3.33066666,40.831400,-83.975800
52472,FLYING J TRAVEL PLAZA #708,"I-81, EXIT 52",Carlisle,PA,4.109,40.209450,-77.214750
52473,FLYING J TRAVEL PLAZA #743,"I-15, EXIT 222",Nephi,UT,3.71566666,39.692300,-111.835900
52474,PILOT TRAVEL CENTERS #17,"I-94, EXIT 104",Battle Creek,MI,3.959,42.293533,-85.124700
52474,PILOT TRAVEL CENTERS #17,"I-94, EXIT 104",Battle Creek,MI,3.999,42.293533,-85.124700
52474,PILOT TRAVEL CENTERS #17,"I-94, EXIT 104",Battle Creek,MI,3.979,42.293533,-85.124700
52477,PETRO FARGO #361,"I-94, EXIT 348",Fargo,ND,3.499,46.869769,-96.801908
52478,LOVES TRAVEL STOP #418,"I-64, EXIT 172",Grayson,KY,3.75566666,38.332600,-82.948500
52479,PETRO CARNESVILLE #377,"I-85, EXIT 160",Carnesville,GA,3.154,34.363100,-83.254700
52480,LOVES TRAVEL STOP #268,US6-9 & US-75,Atoka,OK,3.489,34.344500,-96.141800
52482,KING TRAVEL PLAZA,"I-95, EXIT 6",Kingsland,GA,3.109,30.797700,-81.707500
52483,FLYING J TRAVEL PLAZA #659,"I-70, EXIT 253",Salina,KS,3.77233333,38.832000,-97.626750
52484,KWIK STAR #303,"I-80, EXIT 201 & US-21",Brooklyn,IA,3.129,41.732100,-92.428500
52510,Valero,SR-9,Maysville,KY,3.599,38.620700,-83.806700
52511,JOES JUNCTION #9,"I-65, RAYMOND EXIT",Indianapolis,IN,3.459,39.800271,-86.136173
52512,LOVES TRAVEL STOPS #270,"I-20, EXIT 349",Ranger,TX,3.189,32.468100,-98.674700
52512,LOVES TRAVEL STOP #270,"I-20, EXIT 349",Ranger,TX,3.213,32.468100,-98.674700
52513,FLYING J TRAVEL PLAZA #678,"I-20 & I-55, EXIT 47",Pearl,MS,3.149,32.267500,-90.110850
52514,FLYING J TRAVEL PLAZA #671,"I-55, EXIT 58",Matthews,MO,3.239,36.715400,-89.628700
52516,FLYING J TRAVEL PLAZA #612,"I-40, EXIT 255",Winslow,AZ,3.624,35.024200,-110.697400
52517,STRIPES 7FLEET #42562,US-84 & US-385,Littlefield,TX,3.199,33.921200,-102.320700
52520,DANDY MINI MART #19,"ROUTE 17, EXIT 59-A",Sayre,PA,3.99233333,41.984200,-76.521800
52527,PETRO STOPPING CENTER #323,"I-75, EXIT 368",Reddick,FL,3.35233333,29.375400,-82.244000
52528,QUIKTRIP #150,"I-70, EXIT 28",Oak Grove,MO,2.959,38.998500,-94.139900
52529,BIG SKY TRUCK STOP,"I-15, EXIT 56 N",Dillon,MT,3.689,45.233900,-112.640500
52531,FLYING J FUEL STOP #768,"I-435, EXIT 57",Kansas City,MO,3.38233333,39.117442,-94.567246
52534,LEES FOOD MART #1122,"I-75, EXIT 122 & SR-61",Clinton,TN,2.969,36.098450,-84.178450
52535,PWI #115,"I-45, EXIT 178",Buffalo,TX,2.899,31.412100,-95.990400
52537,TA Express Osseo #431,"I-94, EXIT 88",Osseo,WI,3.469,44.559900,-91.219100
52539,PILOT TRAVEL CENTERS #331,"I-285 , EXIT 51",Atlanta,GA,3.599,33.817077,-84.380226
52539,PILOT TRAVEL CENTER #331,"I-285 , EXIT 51",Atlanta,GA,3.599,33.817077,-84.380226
52541,PANTRY TRUCKSTOP,US-2/US-41,Rapid River,MI,3.499,45.910700,-86.884500
52541,PANTRY TRUCKSTOP,US-2/US-41,Rapid River,MI,3.319,45.910700,-86.884500
52541,PANTRY TRUCKSTOP,US-2/US-41,Rapid River,MI,3.399,45.910700,-86.884500
52542,FLYING J TRAVEL PLAZA #624,"I-75, EXIT 285 & SR-52",San Antonio,FL,3.599,28.337100,-82.288200
52546,CIRCLE K #2723910,US-84 & US-27,Bainbridge,GA,3.599,30.908833,-84.575967
52548,Henderson Fuel Mart,"I-80, EXIT 342",Henderson,NE,2.899,40.781400,-97.797900
52549,SPEEDWAY #3328,"I-77, EXIT 159 A",Cleveland,OH,3.799,41.523080,-81.655405
52550,PILOT TRAVEL CENTERS #404,"I-24, EXIT 81 SE",Murfreesboro,TN,3.47233333,35.841400,-86.414229
52551,PILOT TRAVEL CENTERS #374,"I-10, EXIT 142 & SR-71",Marianna,FL,3.599,30.744933,-85.214567
52551,PILOT TRAVEL CENTER #374,"I-10, EXIT 142 & SR-71",Marianna,FL,3.599,30.744933,-85.214567
52552,FLYING J TRAVEL PLAZA #672,"I-49/US-71, EXIT167 & CR-J",Peculiar,MO,3.42233333,38.716500,-94.440500
52553,FLYING J TRAVEL PLAZA #689,"I-40, EXIT 153",Albuquerque,NM,3.549,35.077348,-106.644838
52557,SPRINT MART #40,US-72 & SR-247,Tuscumbia,AL,3.189,34.687400,-87.683300
52558,LOVES TRAVEL STOP #271,"I-40, EXIT 37 & US-219",Ozark,AR,3.39233333,35.524600,-93.837400
52562,MOBIL,"I-87, EXIT 36",Plattsburgh,NY,3.799,44.689050,-73.456700
52563,FLYING J TRAVEL PLAZA #631,"I-75, EXIT 2",Lake Park,GA,3.32233333,30.690600,-83.175300
52564,FLYING J TRAVEL PLAZA #669,"I-44, EXIT 11A & US-71/SR-249 & SR-FF",Joplin,MO,3.41233333,37.077950,-94.510500
52565,PILOT TRAVEL CENTERS #377,"I-35, EXIT 13",Laredo,TX,3.599,27.518557,-99.461743
52566,YUMM,"I-35, EXIT 8",Laredo,TX,2.87566666,27.518557,-99.461743
52575,PILOT TRAVEL CENTERS #775,"I-15, EXIT 4",Saint George,UT,3.67566666,37.098850,-113.577600
52577,PILOT TRAVEL CENTER #329,"I-29 & I-80, EXIT 1B",Council Bluffs,IA,3.659,41.251967,-95.853667
52577,PILOT TRAVEL CENTERS #329,"I-29 & I-80, EXIT 1B",Council Bluffs,IA,3.659,41.251967,-95.853667
52580,LOVES TRAVEL STOP #405,"I-95, EXIT 29",Brunswick,GA,3.321,31.210400,-81.509100
52580,LOVES TRAVEL STOPS #405,"I-95, EXIT 29",Brunswick,GA,3.389,31.210400,-81.509100
52581,TA WILLCOX TRAVEL CENTER,"I-10, EXIT 340",Willcox,AZ,3.28233333,32.312950,-109.847550
52582,JRs Oasis,SR-50,Yankton,SD,3.149,42.882100,-97.398600
52585,SUPERPUMPER #22,"I-94, EXIT 42",Belfield,ND,3.529,46.819800,-103.126100
52587,PILOT TRAVEL CENTERS #380,"I-81, EXIT 25 & I-90, EXIT 36",Liverpool,NY,4.159,43.094700,-76.202733
52588,STRIPES #42564,US-87,Lubbock,TX,3.199,33.574273,-101.871115
52590,FLYING J TRAVEL PLAZA #661,"I-65, EXIT 2 & US-31W",Franklin,KY,3.169,36.723850,-86.573600
52591,FLYING J TRAVEL PLAZA #749,"I-95, EXIT 104",Ruther Glen,VA,3.619,37.945100,-77.471400
52594,PILOT TRAVEL CENTERS #348,"I-70, EXIT 32B",Bentleyville,PA,4.109,40.118700,-80.007000
52595,7-ELEVEN #40281,"I-476,  EXIT 35/95",Jim Thorpe,PA,3.589,40.870000,-75.739700
52597,7-ELEVEN #40278,"I-81, EXIT 44 & I-76",Plainfield,PA,3.96733333,40.203000,-77.284800
52598,7-ELEVEN #40283,"I-76, EXIT 19/247",Middletown,PA,3.97066666,40.204100,-76.733100
52599,7-ELEVEN #40285,"I-76, EXIT 21/286",Bowmansville,PA,3.97066666,40.196600,-76.016000
52601,LOVES TRAVEL STOP #236,"I-40, EXIT 161 & SR-391",North Little Rock,AR,3.22066666,34.786022,-92.285700
52602,7-ELEVEN #40277,"I-76, EXIT 16/226",Newburg,PA,4.299,40.133300,-77.566900
52603,CASEYS #3364,US-281 & SR-200,Carrington,ND,3.439,47.457300,-98.893300
52605,PILOT TRAVEL CENTER #39,"I-57, EXIT 335",Monee,IL,3.559,41.419100,-87.774800
52605,PILOT TRAVEL CENTERS #39,"I-57, EXIT 335",Monee,IL,3.459,41.419100,-87.774800
52605,PILOT TRAVEL CENTERS #39,"I-57, EXIT 335",Monee,IL,3.399,41.419100,-87.774800
52605,PILOT TRAVEL CENTER #39,"I-57, EXIT 335",Monee,IL,3.399,41.419100,-87.774800
52605,PILOT TRAVEL CENTER #39,"I-57, EXIT 335",Monee,IL,3.439,41.419100,-87.774800
52607,PILOT TRAVEL CENTERS #409,"I-40, EXIT 172",Dickson,TN,3.19233333,36.111450,-87.376250
52608,PILOT #7971,"I-40, EXIT 133",Conover,NC,3.699,35.731300,-81.216500
52610,TA HARBORCREEK TRAVEL CENTER,"I-90, EXIT 35",Erie,PA,4.199,42.133838,-80.072158
52611,STRIPES #40530,SR-239,Del Rio,TX,3.229,29.382850,-100.913275
52612,STRIPES 7FLEET #42568,US-60 & CR-G,Hereford,TX,3.35066666,34.837000,-102.405000
52615,PILOT TRAVEL CENTERS #4,"I-90, EXIT 151",Avon,OH,3.879,41.446700,-82.020400
52616,PILOT TRAVEL CENTER #28,I-69 EXIT 234,Daleville,IN,3.649,40.125700,-85.511000
52616,PILOT TRAVEL CENTERS #28,I-69 EXIT 234,Daleville,IN,3.519,40.125700,-85.511000
52618,PILOT TRAVEL CENTERS #63,"I-85, EXIT 35",Piedmont,SC,3.22233333,34.724400,-82.470200
52620,GOODLAND 24/7 STORE,"I-70, EXIT 19",Goodland,KS,3.08733333,39.349100,-101.716400
52621,CORNER MARKET #111,"I-70, EXIT 27",Goodland,KS,3.059,39.349100,-101.716400
52622,STRIPES 7FLEET #42567,I-20,Stanton,TX,3.01566666,32.140000,-101.809900
52623,TA WILLINGTON TRAVEL CENTER,"I-84, EXIT 71",Willington,CT,5.199,41.896600,-72.262200
52624,PILOT TRAVEL CENTERS #390,"I-84, EXIT 188 & US-395",Stanfield,OR,3.469,45.786000,-119.211600
52625,FLYING J TRAVEL PLAZA #673,"I-44, EXIT 226 & SR-85",Sullivan,MO,3.324,38.230700,-91.156700
52626,FLYING J TRAVEL PLAZA #627,"I-95/SR-405, EXIT 29 & US-82/US-17/SR-25/SR-520",Brunswick,GA,3.39566666,31.210400,-81.509100
52628,One9 Pride #1215,"I-10, EXIT 45",Salome,AZ,3.379,33.748100,-113.571500
52628,Pride Travel Center dba One9 #1215,"I-10, EXIT 45",Salome,AZ,3.359,33.748100,-113.571500
52629,LOVES TRAVEL STOPS #413,"I-90, EXIT 106 & US-97",Ellensburg,WA,3.889,46.999600,-120.516300
52629,LOVES TRAVEL STOP #413,"I-90, EXIT 106 & US-97",Ellensburg,WA,3.829,46.999600,-120.516300
52629,LOVES TRAVEL STOP #413,"I-90, EXIT 106 & US-97",Ellensburg,WA,3.949,46.999600,-120.516300
52629,LOVES TRAVEL STOP #413,"I-90, EXIT 106 & US-97",Ellensburg,WA,3.889,46.999600,-120.516300
52630,PILOT TRAVEL CENTERS #386,"I-5, EXIT 263",Salem,OR,3.859,44.943936,-123.009464
52632,LOVES TRAVEL STOP #451,"I-65, EXIT 95 & CR-500",Whiteland,IN,3.949,39.561100,-86.072300
52633,PILOT TRAVEL CENTERS #57,"I-40 & I-85, EXIT 152",Mebane,NC,3.959,36.097900,-79.271900
52634,PETRO STOPPING CENTER #362,"I-80, EXIT 353",York,NE,3.299,40.866700,-97.582500
52635,E EXPRESS at MLK,"I-40 & I-35, EXIT 127",Oklahoma City,OK,2.889,35.494951,-97.488642
52636,LOVES TRAVEL STOP #414,"I-64, EXIT 25B & US-41",Haubstadt,IN,3.949,38.189500,-87.579800
52638,STRIPES 7FLEET #42555,"I-20, EXIT 80 & SR-18",Monahans,TX,2.929,31.581300,-102.900300
52640,SPEEDWAY #8316,US-30 & US-41,Dyer,IN,3.649,41.492000,-87.510800
52641,PILOT TRAVEL CENTERS #71,"I-95, EXIT 109",Port Wentworth,GA,3.37233333,32.149100,-81.163200
52641,PILOT TRAVEL CENTER #71,"I-95, EXIT 109",Port Wentworth,GA,3.419,32.149100,-81.163200
52642,One9 #61,"I-26, EXIT 52 & SR-56",Clinton,SC,3.099,34.470700,-81.877200
52643,Minit Mart #3,HIGHWAY 277 & FM 1589,Eagle Pass,TX,3.199,28.690900,-100.480100
52644,ONE9 #058,"I-95, EXIT 180 & SR-48",Pleasant Hill,NC,3.399,36.521200,-77.519200
52646,FLYING J TRAVEL PLAZA #619,"I-70, EXIT 285",Aurora,CO,3.39233333,39.709118,-104.705965
52647,FLYING J TRAVEL PLAZA #699,"I-70, EXIT 122",Millersport,OH,3.44566666,39.899300,-82.528300
52648,Stripes #42566,US-67 & SR-158,Ballinger,TX,3.05566666,31.746800,-99.958900
52649,FLYING J TRAVEL PLAZA #623,"I-10, EXIT 192 & US-90",Midway,FL,3.799,30.485000,-84.476800
52651,TA NEW BRAUNFELS TRAVEL CENTER,"I-35, EXIT 193",New Braunfels,TX,3.449,29.721350,-98.130375
52652,PILOT TRAVEL CENTERS #47,"I-275, EXIT 129",Georgetown,KY,3.20566666,38.211700,-84.556200
52656,TRAVELING TIGER CENTER,"I-10, EXIT 87",Sierra Blanca,TX,3.15566666,31.193800,-105.321900
52658,LOVES TRAVEL STOP #274,"I-40, EXIT 221 & SR-27",Okemah,OK,3.35566666,35.464700,-96.328700
52659,LOVES TRAVEL STOP #276,"I-10, EXIT 20",Lordsburg,NM,3.45733333,32.316000,-108.723000
52661,LOVES TRAVEL STOP #281,"I-35 WEST, EXIT 40",Fort Worth,TX,3.18733333,32.760220,-97.314932
52663,EXXON,"I-20/I-59, EXIT 17 & SR-28",Livingston,AL,2.979,32.584300,-88.187200
52664,PETRO STOPPING CENTER #378,I-81 EXIT 178B,Pittston,PA,4.16566666,41.340033,-75.785033
52667,EXPRESS LANE TRAVEL CENTER,"I-20, EXIT 100 & US-80",Lawrence,MS,3.299,32.287600,-89.272400
52669,COLUMBIA TRUCK STOP,US-46,Columbia,NJ,3.079,40.938800,-75.055000
52674,FLYING J TRAVEL PLAZA #738,"I-20/FM707, EXIT 277",Tye,TX,3.124,32.447700,-99.868400
52675,PILOT TRAVEL CENTER #907- TOWN PUMP,"I-94, EXIT 138",Miles City,MT,3.499,46.407500,-105.833200
52676,PILOT TRAVEL CENTERS #336,"I-80, EXIT 97 & US-219",Du Bois,PA,4.034,41.126000,-78.752700
52678,STRIPES 7FLEET #42433,US-277,Bronte,TX,3.474,31.878900,-100.298800
52679,LOVES TRAVEL STOP #404,"I-295, EXIT 56 & I-95, EXIT 7",Bordentown,NJ,3.979,40.143100,-74.703200
52680,PILOT TRAVEL CENTER #91,"I-95, EXIT 329",Saint Johns,FL,3.424,30.081500,-81.547700
52680,PILOT TRAVEL CENTERS #91,"I-95, EXIT 329",Saint Johns,FL,3.499,30.081500,-81.547700
52683,PILOT TRAVEL CENTER #145,"I-40/US-71/US-62, EXIT 72 AND US-412",Springdale,AR,3.463,36.178575,-94.125325
52683,PILOT TRAVEL CENTERS #145,"I-40/US-71/US-62, EXIT 72 AND US-412",Springdale,AR,3.459,36.178575,-94.125325
52684,KWIK STAR #348,US-30/US-67,Clinton,IA,3.624,41.846275,-90.193425
52685,LOVES TRAVEL STOP #275,"I-40/US-63, EXIT 233 & SR-261",Palestine,AR,3.31566666,34.966300,-90.904900
52686,LOVES TRAVEL STOP #278,"I-40, EXIT 277",Joseph City,AZ,3.60733333,34.981400,-110.337300
52687,LOVES TRAVEL STOP #286,"I-10, EXIT 17",Quartzsite,AZ,3.949,33.698050,-114.216050
52690,LOVES TRAVEL STOP #415,"I-95 & OKEECHOBEE RD, EXIT 129",Fort Pierce,FL,3.50566666,27.427991,-80.371118
52691,PILOT TRAVEL CENTERS #312,"I-20/SR-402, EXIT 5 & SR-100",Tallapoosa,GA,3.449,33.760200,-85.300000
52691,PILOT TRAVEL CENTER #312,"I-20/SR-402, EXIT 5 & SR-100",Tallapoosa,GA,3.389,33.760200,-85.300000
52692,PILOT TRAVEL CENTER #249,"I-70/I-55, EXIT 18 & SR-162",Troy,IL,3.699,38.724300,-89.870800
52692,PILOT TRAVEL CENTERS #249,"I-70/I-55, EXIT 18 & SR-162",Troy,IL,3.439,38.724300,-89.870800
52692,PILOT TRAVEL CENTERS #249,"I-70/I-55, EXIT 18 & SR-162",Troy,IL,3.439,38.724300,-89.870800
52692,PILOT TRAVEL CENTERS #249,"I-70/I-55, EXIT 18 & SR-162",Troy,IL,3.439,38.724300,-89.870800
52692,PILOT TRAVEL CENTER #249,"I-70/I-55, EXIT 18 & SR-162",Troy,IL,3.379,38.724300,-89.870800
52692,PILOT TRAVEL CENTER #249,"I-70/I-55, EXIT 18 & SR-162",Troy,IL,3.579,38.724300,-89.870800
52697,FLYING J TRAVEL PLAZA #747,"I-15, EXIT 261",Springville,UT,3.76566666,40.162500,-111.598700
60084,SUNSTOP #625,US-84,Ashford,AL,3.599,31.188800,-85.253500
60106,SUNSTOP #619,US-84,Daleville,AL,3.399,31.281100,-85.730500
60114,SUNSTOP #606,US-84/SR-167,Enterprise,AL,3.699,31.319300,-85.872850
60136,HOBO PANTRY #18,US-431,Headland,AL,3.599,31.353400,-85.332300
60145,OCS QUICK STOP,US-43/SR-13,Mount Vernon,AL,3.699,31.097400,-88.035000
60147,HOP-IN FOOD STORES,US-82 & SR-22,Maplesville,AL,3.399,32.804500,-86.871700
60191,PILOT #1180,"I-10, EXIT 94",Tonopah,AZ,3.899,33.422800,-112.952800
60191,PILOT TRAVEL CENTER #1180,"I-10, EXIT 94",Tonopah,AZ,3.899,33.422800,-112.952800
60206,TA EXPRESS #649,"I-25, EXIT 52",Walsenburg,CO,4.259,37.646500,-104.779800
60208,BERKSHIRE PETROLEUM,"I-91, EXIT 9",North Haven,CT,3.549,41.382200,-72.858500
60220,ZELLWOOD TRUCK STOP,US-441,Zellwood,FL,3.499,28.719400,-81.576200
60224,SUNSTOP #419,US-19,Camilla,GA,3.499,31.219900,-84.229700
60226,CIRCLE K #2723903,US-82 & SR-520,Dawson,GA,3.499,31.770300,-84.523800
60229,96 TRAVEL PLAZA,"I-16, EXIT 24",Jeffersonville,GA,3.399,32.741100,-83.385900
60230,CIRCLE K #2745152,US-19,Pelham,GA,3.499,31.127200,-84.156400
60242,KWIK STAR #711,US-18/US-52,Monona,IA,3.624,43.034000,-91.393400
60243,PETRO MART,"I-29, EXIT 112",Onawa,IA,3.15733333,42.037000,-96.107200
60245,STINKER #74,"I-84, EXIT 137",Bliss,ID,3.634,42.944900,-114.910400
60248,METRO,"I-95, EXIT 12",Avenel,NJ,3.299,40.582600,-74.278500
60250,ELIZABETH TRUCK STOP,"I-95, EXIT 13A & SR-81",Elizabethport,NJ,3.399,40.650100,-74.187100
60255,HUCKS FOOD & FUEL #186,US-51/CR-1450 & US-136,Heyworth,IL,3.479,40.330700,-88.977600
60255,HUCKS FOOD & FUEL #186,US-51/CR-1450 & US-136,Heyworth,IL,3.549,40.330700,-88.977600
60256,BOLLA MARKET,"I-84, EXIT 1",Montague,NJ,3.519,41.302300,-74.754000
60270,CHUCKLES #27,SR-57,Washington,IN,3.339,38.653600,-87.170700
60273,24-7,"I-70, EXIT 53 & SR-25",Colby,KS,3.05566666,39.383000,-101.044200
60280,JUMP START #9,"I-35, EXIT 4",South Haven,KS,3.069,37.050000,-97.404200
60282,CRVS #7,SR-96 & SR-27,Tribune,KS,3.399,38.496200,-101.765600
60294,LITTLE CAPITOL EXXON,"I-10, EXIT 115",Breaux Bridge,LA,3.899,30.294800,-91.829600
60295,EXIT 80 TRAVEL PLAZA,"I-10, EXIT 80",Crowley,LA,3.109,30.221600,-92.339750
60298,BEAU CHENE TRUCK STOP,"I-49, EXIT 11",Grand Coteau,LA,3.399,30.420100,-92.046200
60313,WHITE MARSH TRUCK STOP,US-40,White Marsh,MD,3.369,39.392300,-76.413200
60316,CIRCLE K #4707001,"I-95, EXIT 264 & SR-158",Sherman,ME,3.93233333,45.873100,-68.384700
60324,FUEL MART OF AMERICA,"I-75, EXIT 59",Detroit,MI,3.499,42.334304,-83.099896
60326,SUNRISE CONVENIENCE STORE #29,"I-69, EXIT 184",Memphis,MI,3.559,42.941000,-82.804600
60326,SUNRISE CONVENIENCE STORE #29,"I-69, EXIT 184",Memphis,MI,3.499,42.941000,-82.804600
60328,SPEEDWAY #8748,"I-69, EXIT 6",Flint,MI,3.339,43.013953,-83.720471
60329,CHARLIES COUNTRY CORNER,"I-75, EXIT 271",Grayling,MI,3.899,44.677000,-84.650850
60329,CHARLIES COUNTRY CORNER,"I-75, EXIT 271",Grayling,MI,3.799,44.677000,-84.650850
60333,LAKESHORE BP,US-2,Manistique,MI,3.499,46.006200,-86.255500
60341,SNAPPY FOOD MART,ST 60,Tekonsha,MI,3.589,42.086300,-84.992600
60342,True North #254,US-31 & SR-37,Traverse City,MI,3.789,44.772375,-85.611775
60342,True North #254,US-31 & SR-37,Traverse City,MI,3.729,44.772375,-85.611775
60344,DORR TRUCK STOP,"US-131, EXIT 68",Wayland,MI,3.499,42.664300,-85.619100
60347,KWIK TRIP #875,"I-90, EXIT 157, BRIDGE ST ENTRANCE",Albert Lea,MN,3.324,43.653700,-93.370700
60358,PETRO SERVE USA #54,US-10,Glyndon,MN,3.449,46.882000,-96.558300
60372,FLYING W CONVENIENCE STORE,SR-96,Carthage,MO,3.199,37.159700,-94.311200
60373,FLYING J #571,"I-57, EXIT 12 & US-60",Charleston,MO,3.559,36.921300,-89.334200
60374,PILOT TRAVEL CENTERS #385,US-54 & SR-13,Collins,MO,3.49566666,37.881000,-93.660800
60379,FAST LANE #50,US-54/SR-19,Laddonia,MO,3.15733333,39.242500,-91.645400
60380,AMOCO,US-63/US-136,Lancaster,MO,3.249,40.525300,-92.526400
60382,WINDSTARS #5101,"I-435, EXIT 57",Kansas City,MO,3.099,39.117442,-94.567246
60383,CASEYS #4399,"I-70, EXIT 175",New Florence,MO,2.949,38.902300,-91.490900
60392,Kangaroo Crossing #1107,"I-20, EXIT 68 & SR-43",Pelahatchie,MS,3.199,32.318000,-89.791300
60398,TOWN PUMP FOOD STORE #610,"I-90, EXIT 333",Livingston,MT,3.644,45.654600,-110.560900
60400,CAN AM C STORE,SR-16,Plentywood,MT,3.499,48.778800,-104.560000
60416,MINUTEMAN FOOD MART #20,US-74 & US-76,Whiteville,NC,3.46066666,34.324100,-78.716000
60420,PUMP & PANTRY #35,US-183,Alma,NE,3.459,40.118900,-99.360100
60426,BONS BONS MOBIL,US-3,Merrimack,NH,3.699,42.866700,-71.512800
60434,ENRITE,US-9,Linden,NJ,3.34233333,40.635400,-74.255600
60442,Circle K #4706716,SR-71 & SR-47,Yorkville,IL,3.799,41.638700,-88.443800
60442,Circle K #4706716,SR-71 & SR-47,Yorkville,IL,3.499,41.638700,-88.443800
60442,Circle K #4706716,SR-71 & SR-47,Yorkville,IL,3.599,41.638700,-88.443800
60460,HAHN OIL,US-36,Coshocton,OH,3.299,40.275400,-81.866000
60461,TRUE NORTH #704,"I-75, EXIT 56A",Dayton,OH,3.799,39.746584,-84.199540
60463,Anna Truck Stop,"I-75, EXIT 99",Anna,OH,3.01566666,40.405100,-84.210300
60465,MOTOMART #4129,ST 309,Marion,OH,3.34233333,40.602100,-83.098200
60471,FUEL MART #701,"I-480/I-271, EXIT 23 & SR-8",Bedford,OH,3.529,41.392100,-81.523200
60473,BELL STORES #50,ST 3,Wooster,OH,3.599,40.809400,-81.948300
60476,PETES #11,US-75,Dewey,OK,3.154,36.801300,-95.934500
60508,FEGLEY VALERO,SR-309,Tamaqua,PA,3.599,40.798300,-75.973500
60513,CIRCLE K #2723873,US-17,Georgetown,SC,2.899,33.417250,-79.274950
60515,FLASH MARKET #302,SR-9 & SR-151,Pageland,SC,3.38566666,34.772200,-80.396600
60516,ENMARKET #892,"I-95, EXIT 150",Harleyville,SC,3.399,33.220500,-80.450100
60519,CORNER PANTRY #25,US-14,Huron,SD,3.079,44.361150,-98.215300
60538,TEXACO #380031,ST 21W,Bryan,TX,3.399,30.685714,-96.367071
60539,SHELL,US-96 & SR-62/FM-1004,Buna,TX,3.10233333,30.413200,-93.991300
60540,CIRCLE K #2706340,"I-20, EXIT 533",Canton,TX,2.77566666,32.514300,-95.904700
60551,CIRCLE K #2744522,"I-30, EXIT 201  I-30 & SR-8",New Boston,TX,2.94233333,33.461900,-94.437500
60554,CEFCO #2070,"I-27, EXIT 49",Plainview,TX,2.83233333,34.132550,-101.776450
60565,CEFCO #2006,"I-40, EXIT 163",Shamrock,TX,3.099,35.214200,-100.249000
60579,SPEEDWAY #4633,US-220/US-221/US-460,Roanoke,VA,3.399,37.283661,-79.951644
60587,BJS AUTO TRUCK PLAZA,SR-28,Rock Island,WA,4.099,47.370600,-120.137800
60587,BJS AUTO TRUCK PLAZA,SR-28,Rock Island,WA,3.999,47.370600,-120.137800
60589,RIVER COUNTRY PLAZA,"SR-29, EXIT 91",Cadott,WI,3.39733333,44.963000,-91.169900
60590,DARLINGTON MINI MART,SR-23 & SR-81,Darlington,WI,3.399,42.687800,-90.110600
60601,HOLIDAY STATIONSTORE #2746229,US-53/US-2,Superior,WI,3.339,46.701600,-92.091200
60635,EXXON ON THE RUN,US-62/US-412 & SR-126,Gassville,AR,3.695,36.317500,-92.473600
60650,SHELL DBA ONE9 #1244,"I-8, EXIT 115",Gila Bend,AZ,3.259,32.930600,-112.746800
60650,ONE9 #1244,"I-8, EXIT 115",Gila Bend,AZ,3.359,32.930600,-112.746800
60700,PWI #502,"I-70/US-40, EXIT 259",Golden,CO,3.199,39.707800,-105.229750
60707,REATA TRAVEL STOP,"I-76, EXIT 125",Sterling,CO,3.399,40.630600,-103.221200
60708,CRVS STORE #6,US-385,Wray,CO,3.449,40.068500,-102.393000
60762,BP,US-1 & US-341,Baxley,GA,3.599,31.781000,-82.348550
60768,GAS N GO FOOD STORE,"I-75, EXIT 290/US-41",Cartersville,GA,2.94233333,34.197450,-84.793850
60773,NEIGHBORS EXPRESS,US-341/SR-27 & US-129 ALT/SR-340,Hawkinsville,GA,3.399,32.277800,-83.494800
60779,Marathon,US-129,Eatonton,GA,3.399,33.321550,-83.369900
60781,JP PERRY,"I-75, EXIT 138",Perry,GA,3.08233333,32.460500,-83.728300
60783,CIRCLE K #2723324,US-441/US-23/SR-15 & SR-17A/SR-385,Clarkesville,GA,3.439,34.645000,-83.524300
60787,MARATHON,"I-20, EXIT 11",Lithia Springs,GA,2.87233333,33.765500,-84.646900
60788,SPRINT FOODS #722,US-1/SR-4/SR-17 & SR-24,Louisville,GA,4.099,33.016300,-82.383600
60791,MARATHON #9,"I-475, EXIT 1",Macon,GA,3.039,32.818930,-83.665100
60795,CIRCLE K #2745080,US-319/US-129/SR-90/SR-11,Ocilla,GA,3.62566666,31.592900,-83.256500
60797,EVANS FOOD MART,SR-20,Rome,GA,3.699,34.298300,-85.210160
60804,JET FOOD STORE #4,US-1 & SR-78,Wadley,GA,3.41566666,32.874700,-82.402500
60807,BATAVIA GARDENS AND GAS,"US-34, EXIT 203",Batavia,IA,3.379,40.990500,-92.143100
60817,KWIK STAR #712,US-218 & SR-27,Janesville,IA,3.599,42.646500,-92.479100
60822,CASEYS #3639,US-18/US-52,Postville,IA,3.599,43.003600,-91.547800
60829,BARRY TRAVEL PLAZA,"I-72, EXIT 20",Barry,IL,3.599,39.704700,-91.026500
60833,SPEEDWAY #5400,CR-11 & CR-23,Bloomingdale,IL,3.759,41.894000,-88.083450
60834,SPEEDWAY #7422,SR-43,Burbank,IL,3.619,41.744700,-87.769900
60839,FREEDOM OIL #18,"I-74, EXIT 82",Edwards,IL,3.499,40.779000,-89.723000
60839,FREEDOM OIL #18,"I-74, EXIT 82",Edwards,IL,3.399,40.779000,-89.723000
60839,FREEDOM OIL #18,"I-74, EXIT 82",Edwards,IL,3.899,40.779000,-89.723000
60846,EXPRESS LANE #50,"I-88, EXIT 10",Hillsdale,IL,3.699,41.592900,-90.226300
60846,EXPRESS LANE #50,"I-88, EXIT 10",Hillsdale,IL,3.999,41.592900,-90.226300
60846,EXPRESS LANE #50,"I-88, EXIT 10",Hillsdale,IL,3.799,41.592900,-90.226300
60851,SPEEDWAY #7382,I-355 & SR-64,Lombard,IL,3.249,41.872100,-88.016000
60851,SPEEDWAY #7382,I-355 & SR-64,Lombard,IL,3.349,41.872100,-88.016000
60851,SPEEDWAY #7382,I-355 & SR-64,Lombard,IL,3.299,41.872100,-88.016000
60857,RED ROOSTER TERMINAL,US-50/SR-250 & SR-130,Olney,IL,3.189,38.733400,-88.080900
60857,RED ROOSTER TERMINAL,US-50/SR-250 & SR-130,Olney,IL,3.249,38.733400,-88.080900
60857,RED ROOSTER TERMINAL,US-50/SR-250 & SR-130,Olney,IL,3.399,38.733400,-88.080900
60857,RED ROOSTER TERMINAL,US-50/SR-250 & SR-130,Olney,IL,3.189,38.733400,-88.080900
60857,RED ROOSTER TERMINAL,US-50/SR-250 & SR-130,Olney,IL,3.349,38.733400,-88.080900
60857,RED ROOSTER TERMINAL,US-50/SR-250 & SR-130,Olney,IL,3.399,38.733400,-88.080900
60865,Truckquest,"I-55, EXIT 286",Cicero,IL,3.599,41.837800,-87.760200
60865,Truckquest,"I-55, EXIT 286",Cicero,IL,3.649,41.837800,-87.760200
60871,WENONA BP,"I-39/US-51, EXIT 35 & SR-17",Wenona,IL,3.499,41.054800,-89.041600
60881,GAS AND STUFF,"I-64, EXIT 118",Georgetown,IN,3.799,38.302900,-85.961700
60882,SPEEDWAY #6666,US-33,Goshen,IN,3.81566666,41.602433,-85.851767
60887,STERNBERG CITGO TRUCK STOP,"I-64, EXIT 57",Jasper,IN,3.759,38.363267,-86.893967
60890,JACK FLASH,I-57 EXIT 135,Farina,IL,3.099,38.846900,-88.761400
60890,JACK FLASH,I-57 EXIT 135,Farina,IL,3.199,38.846900,-88.761400
60900,7-ELEVEN #40504,"I-80/I=90, MM 56 EB",Rolling Prairie,IN,3.999,41.722900,-86.584100
60902,SPEEDWAY #6674,"I-80/I-90, EXIT 72 & SR-31",South Bend,IN,3.69066666,41.663575,-86.263838
60913,J Mart #1,"HWY 50 E, HWY 83 N",Garden City,KS,3.529,37.976900,-100.862100
60926,CENEX,US-36 & US-83,Oberlin,KS,3.159,39.827500,-100.531400
60958,NORTH WEST TRUCK STOP,US-90 & SR-3211,Franklin,LA,3.399,29.785700,-91.502600
60979,TOBACCO PLUS #5,"I-10, EXIT 4 & US-90",Vinton,LA,2.999,30.201500,-93.572800
60988,GULF OIL LP #5020,"I-90, MM291",Blandford,MA,3.914,42.182900,-72.936100
60989,Blandford Service Plaza Westbound,"I-90, EXIT MM29",Blandford,MA,3.919,42.182900,-72.936100
60993,GULF #5165,"I-90, EXIT 12",Framingham,MA,4.06566666,42.384420,-71.447520
60997,GULF OIL #5035,I-90 MM 66.7,Ludlow,MA,3.914,42.172800,-72.471000
60998,GULF OIL #5030,"I-90, EXIT 7",Ludlow,MA,3.909,42.172800,-72.471000
61004,Applegreen,SR-15,Sturbridge,MA,3.999,42.112600,-72.084200
61006,GULF OIL LP #5155,"I-90, EXIT 11",Westborough,MA,3.909,42.267900,-71.617600
61019,MARDELA GOOSE CREEK FOOD STORE,US-50,Mardela Springs,MD,3.979,38.486400,-75.741400
61021,WESTOVER GOOSE CREEK,US-13 & SR-673,Westover,MD,3.259,38.096850,-75.814400
61028,MARATHON,"US-10, EXIT 137",Bay City,MI,3.259,43.642900,-83.921467
61028,MARATHON,"US-10, EXIT 137",Bay City,MI,3.199,43.642900,-83.921467
61030,HAGGERTY JOY MOBIL,I-275,Canton,MI,3.699,42.311500,-83.467250
61032,MARATHON,US-10/US-127,Clare,MI,3.289,43.822300,-84.763500
61032,MARATHON,US-10/US-127,Clare,MI,3.299,43.822300,-84.763500
61034,MOTOR CITY TRUCK STOP,"I-75, EXIT 43",Detroit,MI,3.499,42.334304,-83.099896
61037,HEARTLAND MOBIL,US-23,Fenton,MI,3.849,42.785100,-83.729400
61038,SPEEDWAY #8753,"I-475, EXIT 4",Burton,MI,3.399,42.995400,-83.626833
61038,SPEEDWAY #8753,"I-475, EXIT 4",Burton,MI,3.289,42.995400,-83.626833
61038,SPEEDWAY #8753,"I-475, EXIT 4",Burton,MI,3.089,42.995400,-83.626833
61038,SPEEDWAY #8753,"I-475, EXIT 4",Burton,MI,3.259,42.995400,-83.626833
61042,CITGO,"US-131, EXIT 44",Kalamazoo,MI,3.499,42.286470,-85.578710
61057,CIRCLE K #2746537,US-2 & US-41,Rapid River,MI,3.499,45.910700,-86.884500
61057,CIRCLE K #2746537,US-2 & US-41,Rapid River,MI,3.319,45.910700,-86.884500
61057,CIRCLE K #2746537,US-2 & US-41,Rapid River,MI,3.399,45.910700,-86.884500
61057,CIRCLE K #2746537,US-2 & US-41,Rapid River,MI,3.449,45.910700,-86.884500
61063,PS Food Mart,I-69 EXIT 25,Tekonsha,MI,3.589,42.086300,-84.992600
61063,PS Food Mart,I-69 EXIT 25,Tekonsha,MI,3.519,42.086300,-84.992600
61076,Holiday StationStore #2746408,"I-35, EXIT 129",Forest Lake,MN,3.399,45.268500,-92.974900
61080,CO-OP SERVICE,US-10 & CR-67,New York Mills,MN,3.499,46.555900,-95.404700
61090,Northdale Oil,US-59 & SR-1,Thief River Falls,MN,3.239,48.119100,-96.181100
61093,CIRCLE K #2746501,"I-90, EXIT 45 & SR-60",Worthington,MN,3.14233333,43.628600,-95.605900
61099,LOVES TRAVEL STOP #488,"I-55, EXIT 157 & SR-32",Bloomsdale,MO,3.38233333,38.045100,-90.280500
61102,FAST LANE #54,US-63,Columbia,MO,3.20733333,38.961030,-92.331720
61106,TEMP STOP #102,US-54 & SR-52,Eldon,MO,3.199,38.340100,-92.573600
61110,HB OF RANDOLPH,"I-435, EXIT 55B & SR-210",Kansas City,MO,3.149,39.117442,-94.567246
61111,Caseys #4540,"I-35, EXIT 40 & SR-116",Lathrop,MO,3.07566666,39.517700,-94.309300
61115,BREAK TIME #3071,US-24 & US-63,Moberly,MO,3.469,39.420200,-92.435800
61118,MIDWEST PETROLEUM #21,"I-55, EXIT 129",Perryville,MO,2.99066666,37.717400,-89.873700
61145,TEXACO,US-49 & US-98,Hattiesburg,MS,3.199,31.249550,-89.325133
61146,STUCKEYS EXPRESS #619,"I-59, EXIT 113 & SR-528",Heidelberg,MS,3.499,31.882000,-88.998100
61149,CEFCO #501,US-45,Lauderdale,MS,2.899,32.502200,-88.495600
61168,Blue Sky #717,US-72 & SR-15,Walnut,MS,3.099,34.952700,-88.905300
61171,CHEVRON CURB STORE,US-49 & SR-26,Wiggins,MS,3.499,30.860900,-89.132400
61176,TOWN PUMP FOOD STORE #8947,US-2,Chinook,MT,3.629,48.579900,-109.222500
61182,TOWN PUMP FOOD STORE #3000,US-87,Lewistown,MT,3.599,47.056300,-109.420300
61193,SPEEDWAY #8502,"I-75, EXIT 161 & CR-99",Findlay,OH,3.299,41.044550,-83.647800
61195,MINUTEMAN FOOD MART #06,SR-24,Clinton,NC,3.649,35.006500,-78.324650
61205,SPEEDWAY #6961,"I-40, EXIT 303",Garner,NC,2.92066666,35.681300,-78.597500
61210,SHEETZ #548,US-29,Greensboro,NC,2.859,36.078600,-79.803561
61254,7-ELEVEN #36075,"I-77, EXIT 65 & SR-901",Union Grove,NC,2.859,36.036900,-80.896700
61266,CENEX CONVENIENCE STORE,US-2 & SR-19,Devils Lake,ND,3.249,48.113200,-98.861600
61269,FLYING J #489,"I-29, EXIT 138",Grand Forks,ND,3.61566666,47.920933,-97.047333
61271,MARATHON,"I-94, EXIT 292",Valley City,ND,3.499,46.926800,-98.003300
61291,FLEMING OIL FOOD MART,ST 9,West Chesterfield,NH,3.899,42.895600,-72.509700
61292,ENRITE,"I-95, EXIT 14A",Jersey City,NJ,3.349,40.728808,-74.068792
61301,SUNOCO- WALT WHITMAN PLAZA #7007,"NJTP,MILE POST 30",Cherry Hill,NJ,3.899,39.906233,-74.996300
61304,A Plus MOLLY PITCHER PLAZA #7011,MILE POST 71.7 NJ TURNPIKE SO,Cranbury,NJ,3.909,40.303900,-74.506500
61305,BP,US-130,Cranbury,NJ,3.14566666,40.303900,-74.506500
61308,CARLSTADT VALERO,SR-120,Carlstadt,NJ,3.199,40.840300,-74.092500
61312,BLUE STAR,US-202 & SR-31,Flemington,NJ,3.399,40.518000,-74.845300
61326,SUNOCO JAMES F COOPER PLAZA- #7008,MILEPOST 39 NJ TURNPIKE N,Mount Laurel,NJ,3.959,39.947800,-74.903600
61328,KW RASTALL OIL,US-130,North Brunswick,NJ,3.199,40.453800,-74.482300
61333,46 GAS AND TRUCK STOP,US-46,Palisades Park,NJ,3.23566666,40.846200,-73.995400
61337,SUNOCO- JOHN FENWICK PLAZA #7006,"NJTP, MM 5",Penns Grove,NJ,3.909,39.699400,-75.449500
61339,FUEL ONE,"I-78, EXIT 3 & US-22",Phillipsburg,NJ,3.359,40.707900,-75.150700
61346,SUNOCO- ALEXANDER HAMILTON PLAZA #7016,NEW JERSEY TURNPIKE SOUTH MILEPOST 111.6,Secaucus,NJ,3.899,40.761900,-74.069450
61357,KENT KWIK #501,US-70 & US-54,Alamogordo,NM,2.98233333,32.896350,-105.954400
61364,HUNTINGTON BROADWAY CONOCO,US-64 BUS,Farmington,NM,3.799,36.761400,-108.132233
61409,104 STORE,SR-370/SR-104,Red Creek,NY,3.799,43.229100,-76.714600
61410,KWIK FILL #58,ST 15,Rochester,NY,3.969,43.198102,-77.636595
61410,KWIK FILL #58,ST 15,Rochester,NY,3.999,43.198102,-77.636595
61421,7-ELEVEN #40294,"I-80 WB, EXIT 139",Amherst,OH,3.53233333,41.361700,-82.253800
61430,7-ELEVEN #40303,"I-90, EXIT 7",Clyde,OH,3.66233333,41.302400,-82.991800
61431,7-ELEVEN #40304,"I-90, EXIT 7",Clyde,OH,3.66233333,41.302400,-82.991800
61439,7-ELEVEN #40302,"I-75, EXIT 157",Genoa,OH,3.66233333,41.530000,-83.359000
61449,7-ELEVEN #40297,"I-80, EXIT 13A",Mantua,OH,3.53233333,41.294100,-81.228300
61450,7-ELEVEN #40298,I-80,Mantua,OH,3.53233333,41.294100,-81.228300
61453,CITGO,"I-475, EXIT 6",Maumee,OH,3.499,41.581700,-83.662800
61458,7-ELEVEN #40299,OHIO TNPK MM 237 & SR-26,New Springfield,OH,3.53233333,40.926500,-80.585600
61459,7-ELEVEN #40300,"I-76, EXIT 157",New Springfield,OH,3.53233333,40.926500,-80.585600
61461,S&G,"I-280, EXIT 7",Oregon,OH,3.599,41.641800,-83.471400
61477,CHOCTAW NATION GRANT #633,US-271,Grant,OK,2.999,33.930200,-95.489300
61483,CM SILVER DOLLAR,"I-220, EXIT 7",Shreveport,LA,3.299,32.553066,-93.759937
61492,SPRINGER TRAVEL PLAZA,I-35 EXIT 40,Springer,OK,2.91566666,34.303800,-97.122300
61508,7-ELEVEN #40275,"I-70 & I-76 NB, MM 147",Bedford,PA,4.199,39.990800,-78.526100
61509,7-ELEVEN #40275,"I-70/I-76 SB, MM 147",Bedford,PA,4.199,39.990800,-78.526100
61511,MIDWAY FUEL AND TRUCK WASH,"I-78/US-22, EXIT 16",Bethel,PA,3.364,40.480800,-76.274200
61515,Carlisle Fuel Stop,"I-81, EXIT 52",Carlisle,PA,3.359,40.209450,-77.214750
61540,S&P Oil,US-13,Levittown,PA,3.81566666,40.153360,-74.846600
61559,7-ELEVEN #40273,34 MILE WEST OF EXIT 11/146,Somerset,PA,4.20733333,39.994050,-79.060850
61560,7-ELEVEN #40272,"I-70 & 76, EXIT 10",Somerset,PA,4.20733333,39.994050,-79.060850
61567,7-ELEVEN #35774,"I-76, EXIT 5/48",Verona,PA,4.20733333,40.492700,-79.834500
61569,KWIK FILL #295,US-6 BUS,Warren,PA,4.699,41.843800,-79.154200
61570,7-ELEVEN #40276,"I-76, EXIT 12/161 & SR-655",Waterfall,PA,4.199,40.127600,-78.062800
61571,7-ELEVEN #40280,MILE MARKER 55 NE EXT PENN TPKE,Allentown,PA,3.589,40.601500,-75.510100
61594,SPINX #138 (DISCOUNT AVAILABLE),"I-85, EXIT 44",Greenville,SC,3.04233333,34.855065,-82.412500
61595,CORNER MART 3338,"I-85, EXIT 44",Greenville,SC,2.907,34.855065,-82.412500
61596,HOT SPOT #2009,US-25/US-178 & SR-225,Greenwood,SC,2.939,34.197500,-82.161400
61597,SPINX #121,"I-85, EXIT 56",Greer,SC,3.16566666,34.926933,-82.238467
61598,Shell,SR-41,Hemingway,SC,3.199,33.741900,-79.448900
61599,HOT SPOT #2013,"I-26, EXIT 10",Inman,SC,3.149,35.052800,-82.054000
61605,HOT SPOT #2028,US-76/US-301,Marion,SC,2.999,34.156200,-79.389800
61616,PILOT #4578,"I-77, EXIT 48 & SC-200",Winnsboro,SC,3.409,34.381000,-81.109000
61621,CUBBYS #401,"I-90 , EXIT 332 & SR-37",Mitchell,SD,3.149,43.709400,-98.029800
61625,PRARIE STOP,US-212 & SR-20,Watertown,SD,3.279,44.904300,-97.124000
61633,ECO TRAVEL PLAZA,"I-40, EXIT 320 & SR-298",Crossville,TN,3.02566666,35.971980,-85.016060
61642,PILOT TRAVEL CENTERS #252,"I-35, EXIT 26",Kearney,MO,3.699,39.365200,-94.362100
61646,SHELL,"I-40, EXIT 35 & SR-59",Mason,TN,3.549,35.438000,-89.551800
61651,LEES FOOD MART #123,"I-81, EXIT 23 AT MILE 23",Bulls Gap,TN,3.259,36.283200,-83.037400
61654,MAJOR MARKETS #276,US-51/SR-3,Ripley,TN,3.799,35.752700,-89.535000
61656,PHILLIPS 66,US-51,Union City,TN,3.38233333,36.425250,-89.061850
61660,MARATHON,"I-40, EXIT 108",Wildersville,TN,3.099,35.769800,-88.438800
61684,WOODYS FOOD MART,"I-45 & SR-7, EXIT 164",Centerville,TX,2.84566666,31.272000,-95.921300
61730,STRIPES 7FLEET #42430,"I-20, EXIT 131",Midland,TX,3.569,31.939173,-102.066982
61747,TEX-BEST #504,"I-35, EXIT 141",Von Ormy,TX,3.15733333,29.275000,-98.667700
61751,ALLSUPS CONVENIENCE STORE #2264,SR-214,Seminole,TX,3.094,32.721000,-102.682800
61761,ALLSUPS CONVENIENCE STORE #2304,"I-40, EXIT 36 & US-385",Vega,TX,2.999,35.224100,-102.421400
61763,ALLSUPS CONVENIENCE STORE #2283,"I-20, EXIT 73",Wickett,TX,2.899,31.569200,-103.006700
61787,DUCK THRU FOOD STORE #5,US-258,Franklin,VA,3.499,36.678600,-76.939100
61796,EXXON,US-220,Martinsville,VA,3.375,36.681475,-79.866175
61799,CIRCLE K #2723712,"I-77, EXIT 52 & US-52/SR-42",Bland,VA,3.37566666,37.137600,-81.020100
61804,CARTERS ONE STOP,"I-95 & SR-301, EXIT 31 & SR-40",Stony Creek,VA,2.959,36.936100,-77.444300
61806,LANKFORD TRUCK PLAZA,US-13 & CR-646,Townsend,VA,3.399,37.188200,-75.969000
61819,CHEVRON,"I-5, EXIT 36",Longview,WA,4.499,46.151400,-122.963400
61830,APPLETON TRAVEL PLAZA,SR-96,Appleton,WI,3.40566666,44.328167,-88.425117
61832,BARRON FARMERS UNION,"US-8, EXIT 53",Barron,WI,3.639,45.400500,-91.850000
61835,BRISTOL BP,"I-94, EXIT 345 & US-45",Bristol,WI,3.719,42.532500,-88.047800
61843,KWIK TRIP #332,SR-33,Horicon,WI,3.21566666,43.446900,-88.631000
61849,KWIK TRIP #306,"I-94, EXIT 259 & SR-89",Lake Mills,WI,3.43233333,43.081600,-88.913300
61862,KWIK TRIP #781,SR-21,Redgranite,WI,3.35233333,44.043800,-89.098100
61867,KWIK TRIP #318,SR-27 & SR-16/SR-71,Sparta,WI,3.34233333,43.954000,-90.814600
61877,CASEYS #3715,SR-59,Whitewater,WI,3.299,42.827200,-88.742900
61879,KWIK TRIP #347,SR-13,Wisconsin Rapids,WI,3.31233333,44.381950,-89.864500
61880,KWIK TRIP #310,SR-13/SR-73,Wisconsin Rapids,WI,3.26233333,44.381950,-89.864500
61968,FLYING J TRAVEL PLAZA #701,"I-35, EXIT 33",Ardmore,OK,3.659,34.206600,-97.190300
62008,LOVES TRAVEL STOP #366,"I-81, EXIT 90",Jonestown,PA,3.85733333,40.436100,-76.503800
62075,FLYING J TRAVEL PLAZA #657,US-283/US-50/US-56 & US-400,Dodge City,KS,3.799,37.756900,-100.024100
62097,FLASH MARKET #17046,US-65/SR-9,Clinton,AR,3.239,35.604500,-92.475800
62211,STUBS GAS AND OIL,"I-76, EXIT 66",Wiggins,CO,3.559,40.159800,-104.046800
62238,Circle K #2726278,SR-207,Hastings,FL,3.569,29.705100,-81.490900
62283,Circle K #2745099,US-23 & US-341/SR-27,Hazlehurst,GA,3.529,31.860600,-82.590900
62316,BP,US-20,Delaware,IA,3.299,42.476600,-91.311200
62355,MINIT MART #600630,"I-39, EXIT 14",El Paso,IL,3.679,40.738900,-89.012000
62355,MINIT MART #600630,"I-39, EXIT 14",El Paso,IL,3.599,40.738900,-89.012000
62370,7-ELEVEN #34712,I-90 Exit 24,Belvidere,IL,3.739,42.259500,-88.850900
62399,Rebel Plus #882,"I-80, EXIT 101",Bristol,IN,3.57566666,41.716900,-85.826200
62462,HAWESWAY TRUCKSTOP,US-60,Owensboro,KY,3.599,37.749550,-87.115325
62467,SUPER QUIK #9,"I-64, EXIT 181",Ashland,KY,3.669,38.408650,-82.688250
62480,CM GALLIANO,US-167,Cut Off,LA,3.499,29.523200,-90.339300
62487,Fred's Food Mart,US-61,Saint Francisville,LA,3.799,30.869400,-91.418600
62500,CASH MAGIC VINTON,"I-10, EXIT 4 & SR-109",Vinton,LA,3.284,30.201500,-93.572800
62547,MARATHON,SR-32W,Gaylord,MI,3.799,45.020000,-84.673550
62550,Sunoco,"I-275, EXIT 11",New Boston,MI,3.399,42.144900,-83.358900
62550,Sunoco,"I-275, EXIT 11",New Boston,MI,3.439,42.144900,-83.358900
62559,EXPRESS FOOD DEPOT,"I-94, EXIT 266",Smiths Creek,MI,3.629,42.905100,-82.567900
62559,EXPRESS FOOD DEPOT,"I-94, EXIT 266",Smiths Creek,MI,3.659,42.905100,-82.567900
62559,EXPRESS FOOD DEPOT,"I-94, EXIT 266",Smiths Creek,MI,3.719,42.905100,-82.567900
62560,ONE9 #23,"I-96, EXIT 67",Ionia,MI,3.499,42.985900,-85.071000
62560,ONE9 #23,"I-96, EXIT 67",Ionia,MI,3.439,42.985900,-85.071000
62701,PILOT TRAVEL CENTERS #408,"I-68, EXIT 22",Grantsville,MD,4.259,39.655100,-79.124100
62710,TOWN PUMP FOOD STORE #922,"I-90, EXIT 370 &SR-10",Big Timber,MT,3.479,45.828300,-109.963100
62753,PETRO SERVE USA,US-10,West Fargo,ND,3.029,46.890700,-96.925800
62768,PUMP & PANTRY #34,US-20 & SR-27,Gordon,NE,3.449,42.806800,-102.204900
62774,MR MIKES MINI MART,SR-9,Northwood,NH,3.599,43.207000,-71.200400
62790,7-ELEVEN #40084,US-46/US-1/US-9,Palisades Park,NJ,3.099,40.846200,-73.995400
62800,A ONE TRUCK STOP,US-9,South Amboy,NJ,3.499,40.464000,-74.274200
62817,LOVES TRAVEL STOP #364,I-75 EXIT 33,Charleston,TN,3.589,35.255600,-84.766600
62824,FLYING J TRAVEL PLAZA #1005,"I-80, EXIT 48",Fernley,NV,3.91566666,39.601900,-119.235000
62841,SPEEDWAY #9912,"I-81, EXIT 10",Mc Graw,NY,4.309,42.594800,-76.082000
62844,CIRCLE K #4707612,"I-81, EXIT 14",Tully,NY,3.799,42.807000,-76.139400
62844,CIRCLE K #4707612,"I-81, EXIT 14",Tully,NY,4.299,42.807000,-76.139400
62850,GANSEVOORT MINI MART,"I-87, EXIT 17",Gansevoort,NY,3.759,43.180300,-73.705300
62850,GANSEVOORT MINI MART,"I-87, EXIT 17",Gansevoort,NY,3.779,43.180300,-73.705300
62887,SPEEDWAY #9367,"I-275, EXIT 42",Cincinnati,OH,3.12566666,39.170541,-84.504528
62911,DAVIS TRAVEL CENTER #108,"I-85, EXIT 39",Warfield,VA,3.099,36.901100,-77.767300
62918,CIRCLE K #4705567,ST 91,Twinsburg,OH,3.63233333,41.328900,-81.455900
62991,ONVO TRAVEL PLAZA,"I-84, EXIT 17",Lake Ariel,PA,3.58566666,41.439500,-75.431300
62996,MARTIN GENERAL STORE,US-22,Alexandria,PA,3.539,40.548500,-78.095100
63013,TA WEST GREENWICH,"I-95, EXIT 5B",West Greenwich,RI,3.76566666,41.640000,-71.643500
63018,CIRCLE K #2723354,"I-526, EXIT 18A & US-78",Charleston,SC,3.299,32.825244,-79.928263
63126,PWI #120,"I-10, EXIT 593",Schertz,TX,2.92566666,29.579000,-98.277800
63193,Shell,US-29,Warrenton,VA,3.25733333,38.723567,-77.799367
63211,OMAK MART,US-97 & SR-215,Omak,WA,4.149,48.414300,-119.527200
63246,Petro Stopping Center #368,"I-94, EXIT 333",Sturtevant,WI,3.889,42.696700,-87.903100
63313,MARION TRAVEL CENTER,I-55 EXIT 14,Marion,AR,3.199,35.207700,-90.198900
63330,CIRCLE K #2723678,SR-53,Rome,GA,3.06233333,34.298300,-85.210160
63336,ROAD RANGER #118,"I-72 & I-55, EXIT 100-A",Springfield,IL,3.299,39.775611,-89.618957
63336,ROAD RANGER #118,"I-72 & I-55, EXIT 100-A",Springfield,IL,3.409,39.775611,-89.618957
63349,FLYING J TRAVEL PLAZA #662,"I-24, EXIT 86",Oak Grove,KY,3.15233333,36.665200,-87.425500
63351,76 FUEL CENTER,"I-75, EXIT 76",Berea,KY,2.999,37.574300,-84.285600
63353,LOVES TRAVEL STOP #367,"I-74, EXIT 149",Le Roy,IL,3.589,40.346800,-88.759800
63353,LOVES TRAVEL STOP #367,"I-74, EXIT 149",Le Roy,IL,3.549,40.346800,-88.759800
63353,LOVES TRAVEL STOP #367,"I-74, EXIT 149",Le Roy,IL,3.489,40.346800,-88.759800
63353,LOVES TRAVEL STOP #367,"I-74, EXIT 149",Le Roy,IL,3.389,40.346800,-88.759800
63376,Circle K #2746246,US-169 & SR-41,Shakopee,MN,3.599,44.779300,-93.519700
63379,Petro Stopping Center #460,"I-70, EXIT 28",Oak Grove,MO,3.21233333,38.998500,-94.139900
63388,CIRCLE K #2723471,"I-95, EXIT 121",Wilson,NC,3.199,35.733550,-77.931675
63391,FLYING J TRAVEL PLAZA #687,"I-80, EXIT 179",North Platte,NE,3.449,41.089500,-100.760750
63409,FLYING J TRAVEL PLAZA #693,"I-90, EXIT 48A; PEMBROKE, NY",Corfu,NY,3.889,42.977700,-78.392900
63428,FLYING J TRAVEL PLAZA #702,"I-40, EXIT 264B",Checotah,OK,3.699,35.435800,-95.535000
63442,Flying J Travel Plaza #720,"I-40, EXIT 182",Fairview,TN,3.18566666,35.975500,-87.132100
63455,FLYING J TRAVEL PLAZA #752,"I-81, EXIT 323",Clear Brook,VA,3.659,39.265500,-78.098800
63456,SHELL,"I-85, EXIT 61",Petersburg,VA,3.20066666,37.199667,-77.419867
63495,DECAUTER SHELL TRUCK STOP,"I-35, EXIT 369",Decatur,TX,2.91566666,33.235100,-97.574000
63498,PILOT #6955,I-40/I-85 EXIT 150,Haw River,NC,3.959,36.091500,-79.364200
63500,SPEEDWAY #8723,"I-75, EXIT 144B",Bridgeport,MI,3.379,43.355300,-83.854900
63500,SPEEDWAY #8723,"I-75, EXIT 144B",Bridgeport,MI,3.249,43.355300,-83.854900
63500,SPEEDWAY #8723,"I-75, EXIT 144B",Bridgeport,MI,3.259,43.355300,-83.854900
63500,SPEEDWAY #8723,"I-75, EXIT 144B",Bridgeport,MI,3.469,43.355300,-83.854900
63501,LOVES TRAVEL STOP #407,I-81 EXIT 52B OR I-76 EXIT 226,Carlisle,PA,4.099,40.209450,-77.214750
63502,FLYING J TRAVEL PLAZA #704,I-35 & 122ND ST,Edmond,OK,3.30566666,35.662133,-97.484133
63506,KWIK TRIP #342,"I-39, EXIT 159",Stevens Point,WI,3.559,44.528967,-89.535200
63509,PILOT #4557,"I-85, EXIT 166",Carnesville,GA,3.17233333,34.363100,-83.254700
63509,PILOT TRAVEL CENTER #4557,"I-85, EXIT 166",Carnesville,GA,3.239,34.363100,-83.254700
63510,PILOT #4584,"I-95, EXIT 181",Latta,SC,3.349,34.339800,-79.441700
63511,PILOT #4576,"I-95, EXIT 82",Saint George,SC,3.519,33.184500,-80.573200
63512,SPEEDWAY #7929,"I-40, EXIT 208",Colfax,NC,2.854,36.100300,-80.010300
63516,SHEETZ #701,"I-81, EXIT 273",Mount Jackson,VA,2.874,38.785700,-78.680300
63517,TA LINCOLN TRAVEL CENTER,"I-20, EXIT 168 & SR-77",Lincoln,AL,3.084,33.605900,-86.111200
63519,PILOT TRAVEL CENTERS #243,"I-64, EXIT 45 & SR-25",Nitro,WV,3.62566666,38.419300,-81.829300
63522,Pilot Travel Centers #411,"I-40, EXIT 238 & US-231",Lebanon,TN,3.24566666,36.178800,-86.285500
63523,PILOT TRAVEL CENTER #441,"I-65, EXIT 334",Decatur,AL,3.859,34.591140,-86.987800
63523,PILOT TRAVEL CENTERS #441,"I-65, EXIT 334",Decatur,AL,3.859,34.591140,-86.987800
63524,PILOT TRAVEL CENTER #416,"I-75/SR-401, EXIT 101",Cordele,GA,3.28566666,31.936900,-83.784450
63524,PILOT TRAVEL CENTERS #416,"I-75/SR-401, EXIT 101",Cordele,GA,3.33233333,31.936900,-83.784450
63530,BIG EASY TRAVEL PLAZA,"I-10, EXIT 239-B",New Orleans,LA,3.799,29.957052,-90.070359
63532,FUELSMART,SR-165,Muskogee,OK,3.25233333,35.737033,-95.384000
63533,FLYING J TRAVEL PLAZA #638,"I-84, EXIT 29",Caldwell,ID,3.78733333,43.668733,-116.749667
63538,SUAMICO CITGO,"US-41/US-141, EXIT 176 & CR-B",Suamico,WI,3.269,44.643500,-88.031700
63540,GAS N GO,"I-75, EXIT 149",Byron,GA,3.17233333,32.618100,-83.789000
63545,LOVES TRAVEL STOP #397,"I-85, EXIT 104",Blacksburg,SC,3.419,35.109500,-81.494200
63546,CITGO QUIK MART,SR/15 & SR-68,Tennille,GA,3.46566666,32.906300,-82.840000
63563,PILOT TRAVEL CENTERS #209,"I-10, EXIT 140",Van Horn,TX,3.659,31.039100,-104.824500
63564,PILOT TRAVEL CENTERS #213,"I-70, EXIT 94 (WILSON ROAD)",Columbus,OH,3.509,39.992260,-82.991882
63565,LOVES TRAVEL STOP #296,"I-8, EXIT 115 & SR-85",Gila Bend,AZ,3.889,32.930600,-112.746800
63566,PORT ALLEN TRUCKSTOP,"I-10, EXIT 151 & SR-415",Port Allen,LA,3.259,30.472000,-91.254100
63568,FLYING J TRAVEL PLAZA #658,"I-35, EXIT 127",Emporia,KS,3.25233333,38.418400,-96.187100
63569,Flying J Dealer #893,"I-80, EXIT 40 (US-59)",Avoca,IA,3.659,41.476800,-95.350900
63569,PILOT TRAVEL CENTERS #893,"I-80, EXIT 40 (US-59)",Avoca,IA,3.659,41.476800,-95.350900
63570,PILOT TRAVEL CENTERS #287,"I-71, EXIT 204 & SR-83",Burbank,OH,3.699,40.963700,-81.995800
63571,Palace Truckstop,"I-10, EXIT 246 & I-510, EXIT 2C",New Orleans,LA,3.299,29.957052,-90.070359
63572,PILOT TRAVEL CENTER #211,"I-40, EXIT 9 & SR-95",Lake Havasu City,AZ,3.849,34.486400,-114.281625
63572,PILOT TRAVEL CENTERS #211,"I-40, EXIT 9 & SR-95",Lake Havasu City,AZ,3.999,34.486400,-114.281625
63574,PILOT TRAVEL CENTERS #232,"I-84, EXIT 376A",Ontario,OR,3.699,44.041600,-116.978300
63575,OKEMAH TRAVEL CENTER,"I-40, EXIT 221 (ST 27)",Okemah,OK,2.879,35.464700,-96.328700
63577,PILOT TRAVEL CENTERS #236,"I-80, EXIT 122",Minooka,IL,3.799,41.461500,-88.278600
63577,PILOT TRAVEL CENTER #236,"I-80, EXIT 122",Minooka,IL,3.799,41.461500,-88.278600
63579,301 PLAZA,US-301 & SR-299,Middletown,DE,3.239,39.481500,-75.683200
63580,FLYING J TRAVEL PLAZA #637,"I-380, EXIT 68",Evansdale,IA,3.779,42.475500,-92.281200
63581,CASEYS #4453,"I-75, EXIT 120",Lexington,KY,3.224,38.029579,-84.484936
63582,T BONE TRUCK STOP,US-30,Columbus,NE,3.099,41.429700,-97.368400
63583,CUBBYS #110,"I-80, EXIT 353",Columbus,NE,3.179,41.429700,-97.368400
63584,PILOT TRAVEL CENTERS #417,"I-20, EXIT 19",Temple,GA,3.449,33.767700,-85.013300
63584,PILOT TRAVEL CENTER #417,"I-20, EXIT 19",Temple,GA,3.389,33.767700,-85.013300
63586,LOVES TRAVEL STOP #295,US-412 & US-69,Chouteau,OK,3.29066666,36.166900,-95.341600
63587,24/7 TRAVEL PLAZA,"I-135, EXIT 92",Salina,KS,2.974,38.832000,-97.626750
63588,KWIK TRIP #686,"I-94, EXIT 333/US-41 & SR-20",Sturtevant,WI,3.769,42.696700,-87.903100
63594,PILOT TRAVEL CENTERS #49,"I-24, EXIT 89",Oak Grove,KY,3.15233333,36.665200,-87.425500
63595,SPEEDWAY #5236,"I-75, EXIT 122",Lima,OH,3.25566666,40.747333,-84.122250
63596,PILOT TRAVEL CENTERS #442,"I-55, EXIT 19",Hayti,MO,3.25566666,36.233700,-89.749500
63597,PILOT TRAVEL CENTERS #163,"I-10, EXIT 24",Lordsburg,NM,3.439,32.316000,-108.723000
63598,PILOT TRAVEL CENTERS #164,"I-90/I-94, EXIT 69 & SR-82",Mauston,WI,3.299,43.793400,-90.064100
63599,PWI #978,"I-215, EXIT 21",Salt Lake City,UT,3.359,40.709875,-111.888812
63600,PILOT TRAVEL CENTERS #77,"I-55 /I-20, EXIT 45",Jackson,MS,3.149,32.308267,-90.183811
63601,PILOT TRAVEL CENTERS #206,"I-20, EXIT 406",Weatherford,TX,3.209,32.779950,-97.772875
63602,LOVES TRAVEL STOP #285,I-40 EXIT 277,Santa Rosa,NM,3.474,34.852600,-104.589900
63603,LOVES TRAVEL STOP #290,US-59/US-69/S LOOP 287 & FM-841,Lufkin,TX,3.649,31.319200,-94.707480
63603,LOVES TRAVEL STOPS #290,US-59/US-69/S LOOP 287 & FM-841,Lufkin,TX,3.649,31.319200,-94.707480
63604,7-ELEVEN #40363,US-17/SR-15 & SR-100,Palatka,FL,3.364,29.653150,-81.648550
63605,FLYING J TRAVEL PLAZA #663,"I-64, EXIT 43 & SR-395",Waddy,KY,3.759,38.105400,-85.128800
63606,FLYING J TRAVEL PLAZA #652,"I-65/US-52, EXIT 139 & SR-39",Lebanon,IN,3.64066666,40.044900,-86.464100
63607,ROAD RANGER #209,"I-90/94,  EXIT 48",Oakdale,WI,3.234,43.971500,-90.361200
63608,ROAD RANGER #206,US-20,Winnebago,IL,3.219,42.272700,-89.237300
63608,ROAD RANGER #206,US-20,Winnebago,IL,3.289,42.272700,-89.237300
63608,ROAD RANGER #206,US-20,Winnebago,IL,3.299,42.272700,-89.237300
63609,ROAD RANGER #203,US-20 & SR-2,Rockford,IL,3.219,42.284764,-89.089664
63609,ROAD RANGER #203,US-20 & SR-2,Rockford,IL,3.289,42.284764,-89.089664
63609,ROAD RANGER #203,US-20 & SR-2,Rockford,IL,3.299,42.284764,-89.089664
63612,FLYING J TRAVEL PLAZA #622,"I-95/SR-9, EXIT 131 & SR-68 & SR-713",Fort Pierce,FL,3.499,27.427991,-80.371118
63613,FLYING J TRAVEL PLAZA #690,"I-10/US-70, EXIT 24",Lordsburg,NM,3.439,32.316000,-108.723000
63614,PILOT TRAVEL CENTERS #446,"I-69, EXIT 234",Daleville,IN,3.514,40.125700,-85.511000
63614,PILOT TRAVEL CENTER #446,"I-69, EXIT 234",Daleville,IN,3.649,40.125700,-85.511000
63615,One9 #1413,"I-81, EXIT 101",Dublin,VA,3.24233333,37.105700,-80.685300
63616,SPEEDWAY #8876,"US-23, EXIT 50",Whitmore Lake,MI,3.499,42.428900,-83.782800
63616,SPEEDWAY #8876,"US-23, EXIT 50",Whitmore Lake,MI,3.749,42.428900,-83.782800
63619,PILOT TRAVEL CENTERS #428,"I-20, EXIT 112",West Monroe,LA,3.20566666,32.493033,-92.173600
63620,LOVES TRAVEL STOP #420,"I-20, EXIT 47",Flowood,MS,3.149,32.329900,-90.091500
63621,FUEL CITY FRIENDLYS,"I-35E, EXIT 435",Dallas,TX,2.96566666,32.788556,-96.787156
63623,PILOT TRAVEL CENTER #90,"I-95/SR-9, EXIT 129 & SR-91, EXIT 152 & SR-70",Fort Pierce,FL,3.519,27.427991,-80.371118
63623,PILOT TRAVEL CENTERS #90,"I-95/SR-9, EXIT 129 & SR-91, EXIT 152 & SR-70",Fort Pierce,FL,3.459,27.427991,-80.371118
63624,FROG CITY TRAVEL PLAZA,"I-10, EXIT 87",Rayne,LA,3.36566666,30.234900,-92.268500
63625,FLYING J TRAVEL PLAZA #688,"I-295, DEEP WATER STREET",Penns Grove,NJ,3.989,39.699400,-75.449500
63627,PILOT TRAVEL CENTERS #174,I-78 & SR-15,New Albany,MS,3.859,34.485100,-89.003100
63628,PILOT TRAVEL CENTERS #75,"I-65, EXIT 19 & US-43/SR-13",Satsuma,AL,3.199,30.851600,-88.053300
63628,PILOT TRAVEL CENTER #75,"I-65, EXIT 19 & US-43/SR-13",Satsuma,AL,3.195,30.851600,-88.053300
63629,SPEEDWAY #4523,"I-94, EXIT 88",Osseo,WI,3.54566666,44.559900,-91.219100
63630,TA DENVER EAST TRAVEL CENTER,"I-70 & I-270, EXIT 278",Commerce City,CO,3.37566666,39.817100,-104.922600
63635,SAPP BROS TRAVEL CENTER,"I-70, EXIT 295",Junction City,KS,3.709,39.029900,-96.839600
63636,PILOT TRAVEL CENTER #279,"I-19, EXIT 12 & SR-289",Rio Rico,AZ,3.614,31.508400,-111.075700
63636,PILOT TRAVEL CENTERS #279,"I-19, EXIT 12 & SR-289",Rio Rico,AZ,3.659,31.508400,-111.075700
63637,PILOT TRAVEL CENTERS #454,"I-70, EXIT 79",London,OH,3.509,39.900100,-83.443900
63639,PILOT TRAVEL CENTERS #444,"I-70, EXIT 23",Brazil,IN,3.939,39.521000,-87.127800
63639,PILOT TRAVEL CENTER #444,"I-70, EXIT 23",Brazil,IN,3.939,39.521000,-87.127800
63640,SUPER EXPRESS STOP,"I-64, EXIT 113",Mount Sterling,KY,3.859,38.054800,-83.938800
63641,FLYING J TRAVEL PLAZA #625,"I-4/SR-400, EXIT 10 & SR-579",Seffner,FL,3.44233333,27.932100,-82.362550
63642,COLTS QUICK DRAW,"I-40, EXIT 125 & US-65/SR-25",Greenbrier,AR,3.30733333,35.229500,-92.357800
63648,CIRCLE K #2723333,"I-75, EXIT 216",Mcdonough,GA,3.209,33.463900,-84.104700
63649,ONE TRIP,US-84,Homerville,GA,3.44233333,31.050900,-82.761300
63651,CIRCLE K #2723346,US-29/S8,Athens,GA,3.399,33.954480,-83.385650
63652,CASEYS #3292,"I-380, EXIT 43 & US-20",Independence,IA,3.599,42.467400,-91.880300
63653,FLYING J TRAVEL PLAZA #760,US-30 & SR-232,Cokeville,WY,3.899,42.058000,-110.916400
63661,FLYING J TRAVEL PLAZA #677,"US-78, EXIT 6",Olive Branch,MS,3.28566666,34.944100,-89.854400
63662,PILOT TRAVEL CENTERS #267,"I-75, EXIT 146",Byron,GA,3.36566666,32.618100,-83.789000
63662,PILOT TRAVEL CENTER #267,"I-75, EXIT 146",Byron,GA,3.38566666,32.618100,-83.789000
63667,CIRCLE K #2723875,SR-41/SR-45,Jamestown,SC,2.974,33.222100,-79.628200
63668,PILOT #4579,"I-26, EXIT 139",Saint Matthews,SC,3.509,33.696700,-80.867800
63669,One9 #1248,"I-45, EXIT 271",Wilmer,TX,2.75566666,32.598100,-96.683800
63671,WESTERN TRAVEL TERMINAL,US-26 & US-85,Torrington,WY,3.399,42.062400,-104.191700
63676,CORNER EXPRESS,ST 55,Wellston,MI,3.499,44.213300,-85.955500
63680,ALLTOWN MARKETS-FLYING J #896,I-93 EXIT 11 & SR 3A,Bow,NH,4.099,43.138800,-71.544800
63685,RIVER HEIGHTS GROCERY,US-64/SR-69/SR-15,Crump,TN,3.099,35.219100,-88.319200
63690,LOVES TRAVEL STOP #277,"I-30, EXIT 46",Prescott,AR,3.47566666,33.804000,-93.372500
63691,JIMMIES AUTO TRUCK PLAZA,"I-10, EXIT 262",Lee,FL,3.84733333,30.397900,-83.284400
63694,PILOT TRAVEL CENTERS #261,"I-55, EXIT 186",Winona,MS,3.499,33.485800,-89.727700
63695,FLYING J TRAVEL PLAZA #634,"I-20/SR-402, EXIT 19 & SR-113",Temple,GA,3.419,33.767700,-85.013300
63697,MILLER MART #40,"I-64, EXIT 255B",Newport News,VA,3.30566666,37.118920,-76.502350
63699,DEWITT TRAVEL MART,"US-30, EXIT 313",De Witt,IA,3.599,41.826700,-90.523700
63700,WIXOM FUEL STOP,"I-96, EXIT 159",Wixom,MI,3.999,42.534000,-83.528500
63701,FLYING J TRAVEL PLAZA #742,"I-80, EXIT 98/99",Tooele,UT,3.759,40.545400,-112.300200
63702,QUICK FUEL #2501,"I-264, EXIT 14",Louisville,KY,3.08233333,38.208448,-85.696306
63703,QUICK FUEL #2303,"I-71, EXIT 104/FRANK RD EXIT",Columbus,OH,3.56566666,39.992260,-82.991882
63704,QUICK FUEL #2301,"I-275, EXIT 44",Cincinnati,OH,3.239,39.170541,-84.504528
63706,QUICK FUEL #1003,"I-41/US-45, EXIT 45 & CR-EE",Milwaukee,WI,3.42566666,43.049795,-87.952922
63715,FLYING J TRAVEL PLAZA #772,"I-215, EXIT 28",North Salt Lake,UT,3.73233333,40.844600,-111.919100
63716,EXPRESS LANE #34,"I-39, EXIT 115",Rockford,IL,3.549,42.284764,-89.089664
63716,EXPRESS LANE #34,"I-39, EXIT 115",Rockford,IL,3.749,42.284764,-89.089664
63718,ROAD RANGER #210,"I-39/US-51, EXIT 99 & SR-38",Rochelle,IL,3.699,41.928200,-89.071000
63720,FLYING J TRAVEL PLAZA #611,"I-10, EXIT 137",Phoenix,AZ,3.589,33.491612,-112.079255
63721,ROAD RUNNER TRAVEL CENTER,I-69E/US-77 & CR-892,Robstown,TX,3.349,27.798400,-97.699500
63722,LOVES TRAVEL STOP #240,"I-10, EXIT 151 & SR-415",Port Allen,LA,3.23233333,30.472000,-91.254100
63724,LOVES TRAVEL STOP #244,"I-40, EXIT 87 & US-70/US-412",Jackson,TN,3.49733333,35.623783,-88.834483
63725,TA CARTERSVILLE TRAVEL CENTER,"I-75, EXIT 296",Cartersville,GA,3.599,34.197450,-84.793850
63726,FLYING J TRAVEL PLAZA #706,"I-44 & I-244, EXIT 236",Tulsa,OK,3.36566666,36.138438,-95.970035
63727,LOVES TRAVEL STOP #403,"I-81, EXIT 3",Binghamton,NY,3.719,42.113000,-75.893600
63727,LOVES TRAVEL STOP #403,"I-81, EXIT 3",Binghamton,NY,3.749,42.113000,-75.893600
63727,LOVES TRAVEL STOP #403,"I-81, EXIT 3",Binghamton,NY,3.689,42.113000,-75.893600
63727,LOVES TRAVEL STOP #403,"I-81, EXIT 3",Binghamton,NY,3.679,42.113000,-75.893600
63728,PILOT TRAVEL CENTERS #43,"I-80, EXIT 284",Walcott,IA,3.88566666,41.645300,-90.725600
63728,PILOT TRAVEL CENTER #43,"I-80, EXIT 284",Walcott,IA,3.859,41.645300,-90.725600
63729,PILOT TRAVEL CENTERS #147,"I-80, EXIT 410",West Wendover,NV,3.709,40.739100,-114.073300
63730,PILOT TRAVEL CENTERS #309,"I-77, EXIT 25",Caldwell,OH,3.65233333,39.746700,-81.515300
63731,LOVES TRAVEL STOP #243,"I-10, EXIT 43 & SR-383",Iowa,LA,3.58733333,30.221900,-93.025900
63732,LOVES TRAVEL STOP #265,"I-10, EXIT 200",Eloy,AZ,3.434,32.750900,-111.583300
63734,CIRCLE K #2723472,US-70 & SR-58,Kinston,NC,3.319,35.266525,-77.605050
63736,PLATEAU TRUCK AND AUTO CENTER,"I-10, EXIT 159",Van Horn,TX,3.099,31.039100,-104.824500
63737,I 10 DUSON TRUCK STOP,"I-10, AUSTRIA ROAD",Duson,LA,3.41066666,30.191200,-92.152500
63738,U STOP 33,US-77,Beatrice,NE,3.399,40.270500,-96.743500
63740,CIRCLE K #2723478,US-29,Blairs,VA,3.439,36.679900,-79.373100
63741,SHELL,"I-295, EXIT 15",Chester,VA,3.20233333,37.345200,-77.377100
63743,PILOT TRAVEL CENTERS #370,"I-81, EXIT 175",Pittston,PA,4.17566666,41.340033,-75.785033
63744,PILOT TRAVEL CENTERS #439,"I-24, EXIT 86",Oak Grove,KY,3.15233333,36.665200,-87.425500
63745,PILOT TRAVEL CENTER #447,"I-64, EXIT 25",Haubstadt,IN,3.959,38.189500,-87.579800
63745,PILOT TRAVEL CENTERS #447,"I-64, EXIT 25",Haubstadt,IN,3.959,38.189500,-87.579800
63746,PILOT TRAVEL CENTERS #453,"I-85, EXIT 90",Gaffney,SC,3.429,35.052567,-81.669033
63747,PILOT TRAVEL CENTERS #440,"I-71, EXIT 28",Pendleton,KY,3.759,38.480900,-85.317000
63751,PETRO STOPPING CENTER #328,"I-20 & I-55, EXIT 45",Jackson,MS,3.109,32.308267,-90.183811
63752,MR FUEL #732,"I-80, EXIT 226",Girard,OH,3.239,41.161100,-80.693300
63753,PILOT TRAVEL CENTER #4558,"I-75, EXIT 318",Calhoun,GA,3.28566666,34.499550,-84.942800
63753,PILOT #4558,"I-75, EXIT 318",Calhoun,GA,3.30566666,34.499550,-84.942800
63754,U SAVE TRAVEL PLAZA,US-19 & SR-129,Mount Nebo,WV,3.599,38.165300,-80.797600
63755,PILOT TRAVEL CENTERS #196,"I-40, EXIT 325 & US-64",Roland,OK,3.739,35.453800,-94.529100
63756,PILOT TRAVEL CENTERS #144,"I-20, EXIT 200",Augusta,GA,3.859,33.432962,-82.075146
63756,PILOT TRAVEL CENTER #144,"I-20, EXIT 200",Augusta,GA,3.859,33.432962,-82.075146
63759,BUFFALO RANCH,US/69/US-60 & US-59,Afton,OK,3.099,36.629600,-94.943200
63760,CASH MAGIC CITGO HOUMA,I-57,Houma,LA,3.56566666,29.595025,-90.723200
63761,7Fleet #46589,"I-94/US-52, EXIT 205 & SR-241",Saint Michael,MN,3.309,45.206400,-93.659300
63762,MINIT MART #600643,"I-57, EXIT 322",Manteno,IL,3.299,41.251400,-87.846800
63762,MINIT MART #600643,"I-57, EXIT 322",Manteno,IL,3.399,41.251400,-87.846800
63762,MINIT MART #600643,"I-57, EXIT 322",Manteno,IL,3.249,41.251400,-87.846800
63763,Flying J Travel Plaza #644,"I-80, EXIT 77 & SR-351",La Salle,IL,3.599,41.344200,-89.095500
63763,Flying J Travel Plaza #644,"I-80, EXIT 77 & SR-351",La Salle,IL,3.399,41.344200,-89.095500
63763,Flying J Travel Plaza #644,"I-80, EXIT 77 & SR-351",La Salle,IL,3.459,41.344200,-89.095500
63763,Flying J Travel Plaza #644,"I-80, EXIT 77 & SR-351",La Salle,IL,3.299,41.344200,-89.095500
63764,LOVES TRAVEL STOP #288,"I-45, EXIT 198 & US-84",Fairfield,TX,3.429,31.736100,-96.157200
63766,PILOT TRAVEL CENTERS #26,"US-23, EXIT 5 & US-223",Ottawa Lake,MI,3.599,41.768300,-83.685600
63766,PILOT TRAVEL CENTERS #26,"US-23, EXIT 5 & US-223",Ottawa Lake,MI,3.659,41.768300,-83.685600
63766,PILOT TRAVEL CENTERS #26,"US-23, EXIT 5 & US-223",Ottawa Lake,MI,3.579,41.768300,-83.685600
63766,PILOT TRAVEL CENTERS #26,"US-23, EXIT 5 & US-223",Ottawa Lake,MI,3.649,41.768300,-83.685600
63767,HOP-IN FOOD STORES,I-27 & FM-1729,New Deal,TX,2.92566666,33.729600,-101.835500
63768,PILOT TRAVEL CENTERS #443,"I-70, EXIT 49",Higginsville,MO,3.23566666,39.070500,-93.713300
63770,FLYING J TRAVEL PLAZA #694,"I-90, EXIT 223",Austinburg,OH,3.859,41.755400,-80.858400
63771,FLYING J FUEL STOP #572,"I-35, EXIT 144",Williams,IA,3.699,42.488300,-93.544900
63771,FLYING J TRAVEL PLAZA #572,"I-35, EXIT 144",Williams,IA,3.699,42.488300,-93.544900
63773,QUIKTRIP #179,ST 152,Liberty,MO,2.999,39.246100,-94.419100
63774,PILOT TRAVEL CENTERS #150,"I-70, EXIT 24 &SR-63",Hagerstown,MD,3.959,39.629750,-77.718317
63775,FLYING J #646,"I-90/39, EXIT 1 & US-51 & SR-75",South Beloit,IL,3.799,42.483700,-89.029800
63775,FLYING J TRAVEL PLAZA #646,"I-90/39, EXIT 1 & US-51 & SR-75",South Beloit,IL,3.799,42.483700,-89.029800
63776,KWIK TRIP #334,US-169/SR-60,Mankato,MN,3.549,44.176700,-94.033133
63777,KWIK TRIP #403,"I-35, EXIT 45",Owatonna,MN,3.499,44.080500,-93.219100
63778,KWIK TRIP #662,SR-55/SR-149,Saint Paul,MN,3.629,44.959586,-93.101595
63781,Pilot Travel Centers #8,US-23 & PITTSBURG RD,Circleville,OH,3.799,39.598800,-82.930000
63782,FUEL EXPRESSO #11,"I-35, EXIT 155",Lebo,KS,3.17233333,38.416100,-95.822200
63787,LOVES TRAVEL STOP #402,"I-10, EXIT 44",Biloxi,MS,3.449,30.422717,-88.950083
63789,PILOT TRAVEL CENTER #448,"I-65, EXIT 240",Hebron,IN,3.599,41.315500,-87.208800
63789,PILOT TRAVEL CENTERS #448,"I-65, EXIT 240",Hebron,IN,3.354,41.315500,-87.208800
63790,PILOT TRAVEL CENTERS #412,"I-81, EXIT 4",White Pine,TN,3.699,36.077600,-83.299800
63791,PILOT TRAVEL CENTERS #432,"I-35, EXIT 328",Waco,TX,3.22066666,31.554531,-97.162744
63792,PILOT TRAVEL CENTER #424,"I-75, EXIT 358",Ocala,FL,3.41233333,29.170300,-82.148907
63792,PILOT TRAVEL CENTERS #424,"I-75, EXIT 358",Ocala,FL,3.359,29.170300,-82.148907
63793,HUTCH'S #113,US-183 & US-270/SR-15,Woodward,OK,2.999,36.485400,-99.351150
63794,PILOT TRAVEL CENTERS #157,"I-30, EXIT 122",Sulphur Springs,TX,3.309,33.136450,-95.596650
63795,LOVES COUNTRY STORE #022,US-412,Clayton,NM,3.414,36.441400,-103.188800
63796,PETRO STOPPING CENTER #329,"I-40/I-85, EXIT 157",Mebane,NC,3.999,36.097900,-79.271900
63798,PETRO GLADE SPRING #372,"I-81, EXIT 29",Glade Spring,VA,3.58733333,36.777900,-81.767600
63799,LOVES TRAVEL STOP #204,US-69 BUS & US-69,Eufaula,OK,3.689,35.291100,-95.647200
63800,PILOT TRAVEL CENTER #255,"I-95, EXIT 40",Milford,CT,4.299,41.225650,-73.064800
63800,PILOT TRAVEL CENTERS #255,"I-95, EXIT 40",Milford,CT,4.299,41.225650,-73.064800
63801,PILOT #1126,"I-435, EXIT 55 & SR-210",Kansas City,MO,3.38233333,39.117442,-94.567246
63802,CARTERS TRAVEL CENTER,"I-40, EXIT 201N",Flagstaff,AZ,3.689,35.193400,-111.644817
63803,KOUNTRY XPRESS,"I-40, EXIT 20",Mulberry,AR,3.27233333,35.517200,-93.988500
63805,TEX-BEST #519,US-281 & US-281 BUS & CR-1930,Alice,TX,2.899,27.747700,-98.076650
63812,PETRO STOPPING CENTER #330,"I-65, EXIT 86",Glendale,KY,3.599,37.603400,-85.892100
63813,TA SAN ANTONIO TRAVELCENTER,"I-10 & FOSTER RD, EXIT 583",San Antonio,TX,3.20733333,29.464699,-98.498407
63828,CIRCLE K #2723654,US-431,Boaz,AL,3.519,34.167900,-86.171050
63829,CALERA CHEVRON,SR-25,Calera,AL,3.199,33.109800,-86.756000
63836,Double Bees #109,"I-40, EXIT 183",Carlisle,AR,3.139,34.793300,-91.745900
63841,MAGNOLIA TRAVEL CENTER,US-82 & US-371,Magnolia,AR,3.599,33.253650,-93.234600
63846,71 EXPRESS,US-71,Mansfield,AR,3.33233333,35.043200,-94.220400
63848,CIRCLE K #2706345,"I-30, EXIT 2",Texarkana,AR,3.479,33.431000,-93.876500
63850,PILOT TRAVEL CENTER #180,"I-40, EXIT 185",Bellemont,AZ,3.609,35.238100,-111.833500
63850,PILOT TRAVEL CENTERS #180,"I-40, EXIT 185",Bellemont,AZ,3.639,35.238100,-111.833500
63854,E-Z MART #4437,US-71,Boles,AR,3.299,34.765400,-94.062900
63855,LOVES TRAVEL STOP #460,"I-10, EXIT 302",Benson,AZ,3.279,31.988300,-110.294100
63856,PILOT #1175,"I-17, EXIT 262 & SR-69",Mayer,AZ,3.699,34.365500,-112.129600
63856,PILOT TRAVEL CENTER #1175,"I-17, EXIT 262 & SR-69",Mayer,AZ,3.6915,34.365500,-112.129600
63870,CIRCLE K #2744074,"I-270/US-36, EXIT 4",Commerce City,CO,3.45566666,39.817100,-104.922600
63871,Alta Convenience Store #6317,"I-70, EXIT 19",Fruita,CO,3.399,39.163700,-108.721800
63876,Mobil,"FL TURNPIKE,  EXIT 244",Kissimmee,FL,3.449,28.268622,-81.447044
63887,QUIKTRIP #757,"I-79/SR-401, EXIT 306 & SR-140",Adairsville,GA,2.88733333,34.359500,-84.917600
63893,QUICK FUEL #2204,"I-285, EXIT 58/SR-407 & I-75, EXIT 237/SR-401",Atlanta,GA,3.27566666,33.817077,-84.380226
63894,CIRCLE K #2723653,"I-75, EXIT 124",Cartersville,GA,3.224,34.197450,-84.793850
63895,KWIK SERV #17,"I-75, EXIT 136",Chatsworth,GA,3.499,34.758900,-84.794300
63904,SUNOCO,"I-95, EXIT 19",Savannah,GA,3.63233333,32.017756,-81.094239
63907,QUIKTRIP #737,"I-85, EXIT 137",Jefferson,GA,3.119,34.106200,-83.570800
63909,GAS2GO,"I-95, EXIT 6",Kingsland,GA,3.109,30.797700,-81.707500
63910,OGMULGEE CHEVRON #419,"I-16, EXIT 6",Macon,GA,3.399,32.818930,-83.665100
63912,PILOT TRAVEL CENTER #4562,"I-95, EXIT 1",Kingsland,GA,3.57233333,30.797700,-81.707500
63912,PILOT #4562,"I-95, EXIT 1",Kingsland,GA,3.559,30.797700,-81.707500
63914,CIRCLE M #12,US-23/SR-365 & SR-52,Lula,GA,3.539,34.387600,-83.666300
63915,HIGHWAY 80 CHEVRON,"I-185, EXIT 7",Midland,GA,3.399,32.561600,-84.855900
63922,THOMASVILLE TRAVEL CENTER,US-84 & SR-3,Thomasville,GA,3.18066666,30.841325,-83.953875
63925,PILOT #4561,"I-75, EXIT 11",Valdosta,GA,3.359,30.842343,-83.269800
63925,PILOT TRAVEL CENTER #4561,"I-75, EXIT 11",Valdosta,GA,3.28566666,30.842343,-83.269800
63931,LOVES TRAVEL STOP #371,"I-95, EXIT 190",Dillon,SC,3.33066666,34.414600,-79.377000
63937,CUBBYS #305,"I-29, EXIT 10 & SR-2",Percival,IA,3.694,40.740100,-95.809300
63938,CUBBYS #301,US-34 & SR-48,Red Oak,IA,3.399,41.019100,-95.191550
63942,Discount Zone,"I-10, EXIT CLEARVIEW",New Orleans,LA,3.279,29.957052,-90.070359
63946,MINIT MART #600644,"I-80, EXIT 134",Joliet,IL,3.599,41.513350,-88.070750
63955,ROAD RANGER #266,"I-72, EXIT 82 & CR-10",New Berlin,IL,3.539,39.768100,-89.855000
63955,ROAD RANGER #266,"I-72, EXIT 82 & CR-10",New Berlin,IL,3.439,39.768100,-89.855000
63955,ROAD RANGER #266,"I-72, EXIT 82 & CR-10",New Berlin,IL,3.479,39.768100,-89.855000
63957,SUNMART FOOD STORE,SR-37,Bloomington,IN,3.499,39.172600,-86.521250
63959,SPEEDWAY #1429,SR-59 & SR-56,Warrenville,IL,3.499,41.828000,-88.192100
63959,SPEEDWAY #1429,SR-59 & SR-56,Warrenville,IL,3.599,41.828000,-88.192100
63960,BUTLER ONE STOP,"I-69, EXIT 329",Butler,IN,3.519,41.428700,-84.878700
63962,7-ELEVEN #40505,"I-80, EXIT 90",Elkhart,IN,4.11566666,41.678825,-85.971125
63964,LOVES TRAVEL STOPS #242,"I-35 & FISHER RD, EXIT 144",Von Ormy,TX,3.249,29.275000,-98.667700
63964,LOVES TRAVEL STOP #242,"I-35 & FISHER RD, EXIT 144",Von Ormy,TX,3.167,29.275000,-98.667700
63965,GOOD TO GO #11,"I-65, EXIT 158",Frankfort,IN,3.549,40.304400,-86.468900
63966,PHILS ONE STOP,"I-69, EXIT 309B",Fort Wayne,IN,3.67566666,41.089977,-85.100156
63972,7-ELEVEN #40506,"I-80/I-90, MM 125 WB",Howe,IN,3.899,41.728600,-85.472700
63977,CAREFREE FOOD MART,"I-64, EXIT 92",Leavenworth,IN,3.499,38.186500,-86.383800
63978,Gallops,"I-80, EXIT 107",Middlebury,IN,3.549,41.675400,-85.711400
63979,Jaks Oil,US-90,Broussard,LA,3.049,30.121900,-91.950200
63988,Petes #47,US-400/SR-47,Fredonia,KS,3.299,37.571700,-95.748400
63990,TREX MART #4,"I-229/US-59, EXIT 4B & US-36",Wathena,KS,2.999,39.762500,-94.925500
63992,SANDRAS QUICK STOP,US-169 & US-59,Garnett,KS,3.319,38.285900,-95.259400
63994,U STOP #38,I-70 EXIT 298,Junction City,KS,3.35566666,39.029900,-96.839600
63997,LEON GROCERY,US-400,Leon,KS,3.399,37.681300,-96.752600
64001,PETES #53,US-400 & SR-99 & CR-939,Severy,KS,3.249,37.617000,-96.225200
64002,SPEEDWAY #9567,"I-65, EXIT 105",Lebanon Junction,KY,3.16566666,37.851100,-85.724600
64003,HUCKS Food & Fuel #305,SR-9001 & WKY PKWY SERVICE AREA,Beaver Dam,KY,3.599,37.387000,-86.872900
64003,HUCKS Food & Fuel #305 dba Pilot Dealer #1288,SR-9001 & WKY PKWY SERVICE AREA,Beaver Dam,KY,3.629,37.387000,-86.872900
64016,SHELL,US-231 & SR-1468,Morgantown,KY,3.799,37.200200,-86.685900
64020,LEEBOS # 9,"I-49, EXIT 90",Alexandria,LA,3.21566666,31.260100,-92.483771
64021,CM AMITE,SR-16,Amite,LA,3.399,30.726600,-90.509000
64028,DELCAMBRE FUEL DEPOT,SR-14 & SR-89,Delcambre,LA,2.999,29.947400,-91.988900
64029,SUNSHINE SUPER STOP TRUCKS,"I-10, EXIT 182",Convent,LA,3.399,30.020800,-90.829800
64030,STATE OIL,SR-23,Belle Chasse,LA,3.43233333,29.844700,-89.997400
64034,BOONES CHEVRON,SR-317,Franklin,LA,3.899,29.785700,-91.502600
64036,CM PROSPECT STATION,SR-3087 & SR-660,Houma,LA,3.599,29.595025,-90.723200
64040,PILOT #1051,"I-10, EXIT 43 & SR-383",Iowa,LA,3.599,30.221900,-93.025900
64042,LA PLACE TRAVEL CENTER,"I-10, EXIT 209 & I-55, EXIT 1",La Place,LA,3.259,30.084450,-90.486350
64043,COUNTRY AUTO TRUCK STOP,"I-49, EXIT 177 & SR-509",Mansfield,LA,3.259,32.023900,-93.698000
64044,DISCOUNT ZONE,"I-510, EXIT 240",New Orleans,LA,3.149,29.957052,-90.070359
64045,SILVERS TRAVEL PLAZA - Port Allen,US-190/SR-1,Port Allen,LA,3.33233333,30.472000,-91.254100
64047,LUCKY LOUIES TRUCK STOP,US-190,Port Allen,LA,3.06566666,30.472000,-91.254100
64048,Pilot #1439,"I-10, Exit 151",Port Allen,LA,3.21566666,30.472000,-91.254100
64049,Cash Magic CITGO LAROSE,SR-308,Larose,LA,3.399,29.572400,-90.381700
64050,WESTWOOD TRUCK PLAZA,US-90 BUS,Marrero,LA,3.279,29.879600,-90.105450
64058,DELTA TOWN TRUCK STOP,"I-10, EXIT 4",Vinton,LA,2.799,30.201500,-93.572800
64059,CM SPRINGHILL,"I-20, EXIT 44",Springhill,LA,3.399,33.000500,-93.459600
64060,CM VIVIAN,SR-1 & SR-2,Vivian,LA,3.26566666,32.842300,-93.950400
64062,XTRA MART #10098,SR-146A,Uxbridge,MA,3.649,42.074400,-71.632900
64063,Mobil,US-20 & SR-56,North Oxford,MA,3.58233333,42.165500,-71.886000
64069,301 BP,US-301/SR-5,Brandywine,MD,3.259,38.692200,-76.832000
64072,EZ MART #110,US-127 & US-127 BUS/SR-46,Alma,MI,3.649,43.380900,-84.663500
64082,SPEEDWAY #8797,SR-13,Lennon,MI,3.379,42.969300,-83.927900
64083,BIG DADDYS TRUCKSTOP,US-223 & US-23,Ottawa Lake,MI,3.499,41.768300,-83.685600
64084,RPF OIL #92 PARMA TRAVEL CENTER,"I-94, EXIT 128",Parma,MI,3.499,42.273900,-84.599900
64085,MADCO TRUCK PLAZA,"I-94, EXIT 200",Romulus,MI,3.399,42.222300,-83.396600
64085,MADCO TRUCK PLAZA,"I-94, EXIT 200",Romulus,MI,3.539,42.222300,-83.396600
64085,MADCO TRUCK PLAZA,"I-94, EXIT 200",Romulus,MI,3.499,42.222300,-83.396600
64087,SAHARA PETRO,"I-696, EXIT 22",Warren,MI,3.699,42.492571,-83.024129
64087,SAHARA PETRO,"I-696, EXIT 22",Warren,MI,3.799,42.492571,-83.024129
64091,Circle K 2746398,US-10 & SR-27,Little Falls,MN,3.399,45.981100,-94.360400
64092,ONE9 #4555,"I-20/I-59, EXIT 77",Cottondale,AL,2.93233333,33.176700,-87.387100
64097,KWIK TRIP #937,US-12,Willmar,MN,3.34066666,45.139300,-95.052300
64098,BLUE LINE TRAVEL CENTER,"I-90, EXIT 45",Worthington,MN,3.16566666,43.628600,-95.605900
64101,D DIAMOND TRAVEL PLAZA,"I-44, EXIT 82",Fair Grove,MO,3.13233333,37.372100,-93.142800
64106,RAPID ROBERTS #122,SR-43,Joplin,MO,2.899,37.077950,-94.510500
64112,RAPID ROBERTS #123,"I-44, EXIT 80",Springfield,MO,2.899,37.215575,-93.302606
64116,GRAND LEDGE,"I-96, EXIT 86",Grand Ledge,MI,3.789,42.752900,-84.737300
64120,HOLIDAY STATIONSTORE #2746185,US-2,Wakefield,MI,3.219,46.475200,-89.942400
64120,HOLIDAY STATIONSTORE #2746185,US-2,Wakefield,MI,3.139,46.475200,-89.942400
64120,HOLIDAY STATIONSTORE #2746185,US-2,Wakefield,MI,3.479,46.475200,-89.942400
64122,FLYING J TRAVEL PLAZA #691,"I-40, EXIT 333",Tucumcari,NM,3.899,35.168000,-103.717900
64124,Shell,"I-94 & I-75, EXIT 171",Saint Cloud,MN,3.36233333,45.559164,-94.164900
64126,CASEYS #3471,US-2 & CR-87,Cohasset,MN,3.449,47.269100,-93.639200
64132,45 TRUCKSTOP,US-45,Corinth,MS,3.089,34.898200,-88.556700
64139,4 MILE TRUCKSTOP,US-98 & HOLT RD,Lucedale,MS,3.399,30.866800,-88.649000
64153,SPEEDWAY #6972,US-70,Durham,NC,3.799,36.020494,-78.890931
64155,SPEEDWAY #8228,"I-85, EXIT 191 & SR-56",Creedmoor,NC,3.999,36.122400,-78.686100
64156,SPEEDWAY #6985,"I-40, EXIT 312 & SR-42",Garner,NC,3.499,35.681300,-78.597500
64163,FILL GOOD BP #15,US-74,Monroe,NC,3.399,34.974533,-80.549967
64167,NORTH LONDONDERRY SUNOCO,"I-93, EXIT 5",Londonderry,NH,3.939,42.865600,-71.377200
64170,LUCKY 7,"I-95, EXIT 61",Wade,NC,2.999,35.160600,-78.724900
64171,CIRCLE K #2723130,"I-40, EXIT 364",Warsaw,NC,2.87566666,35.018000,-78.031000
64172,CUBBYS #108,"I-80, EXIT 420 & SR-63",Greenwood,NE,3.399,40.970600,-96.425800
64173,SAPP BROS TRAVEL CENTER,"I-80, EXIT 405",Lincoln,NE,3.36566666,40.817555,-96.688931
64181,SUNOCO- JOYCE KILMER PLAZA #7012,"NJTP,EXIT 8A",East Brunswick,NJ,3.899,40.428400,-74.406400
64182,SUNOCO- VINCE LOMBARDI SERVICE AREA #7017,"NJ TURNPIKE, EXIT 18",Ridgefield,NJ,3.899,40.832600,-74.001500
64183,SUNOCO- THOMAS EDISON PLAZA #7013,"NJTP, EXIT 11",Woodbridge,NJ,3.899,40.556000,-74.284500
64187,SPEEDWAY #9117,"I-25, EXIT 339",Las Vegas,NM,3.18566666,35.594900,-105.227200
64189,CIRCLE K #2708931,"I-10, EXIT 155",Tucumcari,NM,3.259,35.168000,-103.717900
64195,DANDY MINI MART #14,"I-86, EXIT 62",Nichols,NY,3.439,42.030100,-76.354000
64201,POCO SHOP #2,"I-95, EXIT 31",Saint Pauls,NC,3.799,34.801000,-78.973100
64206,SUNOCO WOODROW WILSON PLAZA #7010,"NJTP, EXIT 7",Trenton,NJ,3.899,40.253478,-74.716796
64210,FUEL 1,"I-287, EXIT 4",South Plainfield,NJ,4.799,40.583900,-74.414700
64211,PILOT #490/WESTERN PETROLEUM,US-180,Carlsbad,NM,3.729,32.376950,-104.266600
64215,STRIPES 7FLEET #42588,US-380 & SR-206,Tatum,NM,3.66233333,33.260000,-103.314000
64216,DANDY MINI MART #31,SR-13 & SR-224,Cayuta,NY,4.399,42.277400,-76.697400
64218,PILOT TRAVEL CENTERS #494,"I-88, EXIT 25",Schenectady,NY,3.999,42.813300,-73.948145
64221,BELL STORES #49,"I-76E, EXIT 25B",Akron,OH,3.499,41.079385,-81.528452
64223,7-ELEVEN #40295,"I-80, EXIT 170",Broadview Heights,OH,3.52733333,41.314100,-81.673100
64224,7-ELEVEN #40296,SR-176,Broadview Heights,OH,3.53233333,41.314100,-81.673100
64227,GO MART FOOD STORE #116,US-50 & SR-7,Coolville,OH,3.35733333,39.214100,-81.832900
64229,SPEEDWAY #9385,"I-70, EXIT 129",Hebron,OH,3.369,39.953500,-82.491900
64230,Certified Oil #400423,I-70 EXIT 126,Hebron,OH,3.39566666,39.953500,-82.491900
64231,7-ELEVEN #40293,"OHIO TURNPIKE EB MILEPOST 139/I-80, EXIT 139",Amherst,OH,3.53233333,41.361700,-82.253800
64233,74 FUEL STOP,"I-74, EXIT 3",Harrison,OH,3.859,39.259200,-84.783700
64235,PENNZMART FUEL EXPRESS,ST 100,Tiffin,OH,3.4315,41.123800,-83.184400
64236,KFC TRAVELMART,SR-199,Upper Sandusky,OH,3.249,40.824900,-83.297700
64243,Caseys #4519,US-62,Altus,OK,3.00566666,34.643250,-99.327250
64244,CHOCTAW NATION DURANT WEST #632,US-69/US-75,Calera,OK,3.089,33.932200,-96.430800
64256,CHEROKEE TRAVEL PLAZA,"I-40, EXIT 325",Roland,OK,3.799,35.453800,-94.529100
64261,Phillips 66,US-75/SR-56,Okmulgee,OK,2.989,35.628800,-95.969700
64264,CASEYS #4594,US-81 & US-70,Waurika,OK,3.07733333,34.174500,-97.997300
64265,ASAP GENERAL STORE #101,"I-40, EXIT 84 & US-54",Weatherford,OK,3.13233333,35.535000,-98.699600
64270,PENN JERSEY DIESEL & TRAILER,"I-95, EXIT 37",Bensalem,PA,4.199,40.110900,-74.937800
64274,RUTTERS #53,"I-83, EXIT 32 & SR-382",Etters,PA,3.999,40.154500,-76.801900
64275,7-ELEVEN #40279,I-276 & US-202 (KING OF PRUSSIA SERVICE PLAZA WB),King Of Prussia,PA,3.884,40.095600,-75.373700
64282,ONVO TRAVEL PLAZA - HICKORY RUN,"I-80, EXIT 274",White Haven,PA,3.58566666,41.079000,-75.771500
64285,PILOT #4566,"I-85, EXIT 106",Blacksburg,SC,3.429,35.109500,-81.494200
64287,CIRCLE K #2703099,"I-20, EXIT 33",Batesburg,SC,3.08566666,33.870200,-81.550500
64288,PILOT #4581,"I-20, EXIT 116",Bishopville,SC,3.43233333,34.224100,-80.275000
64294,HOT SPOT #6004,"I-26, EXIT 28",Enoree,SC,3.099,34.671000,-81.923700
64298,CORNER MART #354,"I-26, EXIT 72",Newberry,SC,3.299,34.284700,-81.615700
64299,CIRCLE K #2720881,US-17 & SR-165,Ravenel,SC,3.439,32.788100,-80.222300
64300,CIRCLE K #2723416,"I-26, EXIT 28",Roebuck,SC,3.08233333,34.868800,-81.952600
64301,HILLVIEW TRUCK STOP,"I-20, EXIT 39",Leesville,SC,3.059,33.913200,-81.459800
64307,CIRCLE K #2723876,US-17 & SR-64,Round O,SC,3.37233333,32.940500,-80.573900
64309,CIRCLE K #2723272,"I-26, EXIT 119",West Columbia,SC,3.54566666,33.944250,-81.142150
64310,Palmetto Roads #308,"I-95, EXIT 77",Saint George,SC,3.009,33.184500,-80.573200
64313,CUBBYS #403,"I-29, EXIT 79",Sioux Falls,SD,3.06566666,43.589987,-96.750673
64314,JAKES CORNER,US-81 & SR-34,Winfred,SD,3.049,43.997200,-97.362300
64336,LOVES TRAVEL STOPS #345,I-90/I-94 EXIT 48,Tomah,WI,3.289,43.983800,-90.473300
64336,LOVES TRAVEL STOP #345,I-90/I-94 EXIT 48,Tomah,WI,3.309,43.983800,-90.473300
64337,GRAVES TRUCK STOP,"I-20, EXIT 59",Carthage,TX,2.999,32.154400,-94.352700
64343,Allsup's Marketplace #2411,US-67,Hawley,TX,2.889,32.642300,-99.923900
64347,PILOT TRAVEL CENTERS #256,"US-58 & US-29, SE QUAD",Danville,VA,4.009,36.597467,-79.421500
64350,STRIPES #40811,"I-37, EXIT 55",George West,TX,3.01566666,28.320400,-98.116200
64352,CHEVRON #383461,"I-10, EXIT 259",Fort Stockton,TX,3.029,30.890800,-102.879900
64355,CEFCO #34,US-281 & SR-38,Hamilton,TX,3.029,31.678100,-98.113100
64360,CIRCLE K #2706983,"I-37, EXIT 36 & SR-359",Mathis,TX,3.019,28.080200,-97.809700
64374,CEFCO #2001,US-287 & FM-369,Iowa Park,TX,2.864,33.942300,-98.674500
64382,KOSSE COUNTRY STORE,SR-7 & SR-14,Kosse,TX,3.11566666,31.314700,-96.619500
64390,TXB #71 DBA KWIK CHEK FOOD STORES,"I-20, EXIT 136",Midland,TX,3.079,31.939173,-102.066982
64393,TEX-BEST #505,"I-35, EXIT 183",New Braunfels,TX,2.80566666,29.721350,-98.130375
64399,LOVES TRAVEL STOPS #247,US-287 & SR-256,Memphis,TX,3.789,34.712200,-100.534700
64399,LOVES TRAVEL STOP #247,US-287 & SR-256,Memphis,TX,3.789,34.712200,-100.534700
64406,Main Street Market,SR-84 & FM-73,Prairie Hill,TX,2.899,31.659100,-96.809400
64407,CIRCLE K #2741527,US-281,Premont,TX,2.999,27.354400,-98.133000
64408,QUIKTRIP #4058,"I-37, EXIT 125 & SR-1604",San Antonio,TX,2.96566666,29.464699,-98.498407
64409,LONE STAR TRAVEL CENTER,"I-35, EXIT 147",San Antonio,TX,3.059,29.464699,-98.498407
64420,Valero,US-59 & AT ST-87,Timpson,TX,3.059,31.884100,-94.396700
64421,TXB #17 DBA KWIK CHEK FOOD STORES,SR-121,Trenton,TX,3.299,33.423500,-96.339800
64422,Chevron,"I-10, EXIT 858",Vidor,TX,2.749,30.140900,-94.008150
64423,PILOT #568,"I-35, EXIT 140",Von Ormy,TX,3.21066666,29.275000,-98.667700
64430,GOLDEN SPIKE TRAVEL PLAZA,"I-15, EXIT 382",Tremonton,UT,3.599,41.701600,-112.181300
64431,RJS  FUEL STOP,"I-15, EXIT 40",Tremonton,UT,3.459,41.701600,-112.181300
64435,SPEEDWAY #4632,US-360/US-58 & SR-1224,Danville,VA,4.059,36.597467,-79.421500
64436,MS 58 PLAZA,"I-95, EXIT 11",Emporia,VA,3.18233333,36.685700,-77.563000
64438,PILOT TRAVEL CENTER #4622,US-58,South Boston,VA,4.009,36.696300,-78.918800
64441,MILLER MART #55,US-460 & US-58/US-13,Suffolk,VA,3.09233333,36.780400,-76.596350
64442,PILOT TRUCK STOP #583,"I-5, EXIT 262",Ferndale,WA,4.599,48.862500,-122.595300
64442,PILOT TRUCK STOP #583,"I-5, EXIT 262",Ferndale,WA,4.559,48.862500,-122.595300
64445,KWIK TRIP #413,SR-93 & SR-95,Arcadia,WI,3.31566666,44.253900,-91.480500
64446,SPEEDWAY #4293,"I-90 & I-43, EXIT 185A",Beloit,WI,3.799,42.535150,-89.058900
64447,KWIK TRIP #621,"SR-29/SR-55, EXIT 234 & SR-47/SR-117",Bonduel,WI,3.45733333,44.699200,-88.454300
64451,ROYAL FARMS #79,ST 13,New Church,VA,3.339,37.952500,-75.511200
64455,SPEEDWAY #4648,SR-254,Waynesboro,VA,3.959,38.077400,-78.903500
64463,KWIK TRIP #202,"I-39/US-51, EXIT 151 & SR-54",Plover,WI,3.26566666,44.450700,-89.542800
64474,SIGNAL FOOD STORE #108,US-60,Mountain View,MO,3.03233333,36.989200,-91.709900
64477,PILOT #1063,"I-40, EXIT 81",Marion,NC,3.759,35.681900,-82.018000
64478,PILOT TRAVEL CENTERS #141,"I-80, EXIT 6",Evanston,WY,3.699,41.261400,-110.941550
64479,YESWAY #1148,"US-30, EXIT 186",Marshalltown,IA,3.24566666,42.040500,-92.912700
64480,TA Garden City,US-83 & US-400,Garden City,KS,3.73066666,37.976900,-100.862100
64481,LOVES TRAVEL STOP #282,"I-44, EXIT 4 & SR-43",Joplin,MO,3.39733333,37.077950,-94.510500
64482,LOVES TRAVEL STOP #208,"I-55, EXIT 119 & SR-22",Canton,MS,3.489,32.620500,-90.006100
64484,LOVES TRAVEL STOP #206,"I-10, EXIT 44 & SR-59",Loxley,AL,3.339,30.618000,-87.756200
64485,PILOT TRAVEL CENTERS #433,"I-20, EXIT 470",Dallas,TX,3.18233333,32.788556,-96.787156
64486,GREENWAY STORE #614,"I-85/SR-403, EXIT 61 & SR-74",Fairburn,GA,3.199,33.564800,-84.580900
64487,PILOT TRAVEL CENTERS #165,"I-57 & I-70, EXIT 162",Effingham,IL,3.299,39.121700,-88.561100
64487,PILOT TRAVEL CENTER #165,"I-57 & I-70, EXIT 162",Effingham,IL,3.499,39.121700,-88.561100
64487,PILOT TRAVEL CENTER #165,"I-57 & I-70, EXIT 162",Effingham,IL,3.349,39.121700,-88.561100
64487,PILOT TRAVEL CENTER #165,"I-57 & I-70, EXIT 162",Effingham,IL,3.299,39.121700,-88.561100
64487,PILOT TRAVEL CENTERS #165,"I-57 & I-70, EXIT 162",Effingham,IL,3.499,39.121700,-88.561100
64488,PILOT TRAVEL CENTERS #274,"I-10, EXIT 109",Breaux Bridge,LA,3.14233333,30.294800,-91.829600
64490,QUICK FUEL #2201,"I-85, EXIT 36",Atlanta,GA,3.35233333,33.817077,-84.380226
64491,QUICK FUEL #1803,I-80/I-294 & SR-1,South Holland,IL,3.849,41.597900,-87.593800
64491,QUICK FUEL #1803,I-80/I-294 & SR-1,South Holland,IL,3.829,41.597900,-87.593800
64491,QUICK FUEL #1803,I-80/I-294 & SR-1,South Holland,IL,3.889,41.597900,-87.593800
64492,QUICK FUEL #2103,"I-70, EXIT 89",Indianapolis,IN,3.309,39.800271,-86.136173
64493,QUICK FUEL #2801,"I-435, EXIT 1-A AT MILE 1",Lenexa,KS,3.369,38.953600,-94.733600
64494,QUICK FUEL #1704,I-75 EXIT 42 AT MILE 42,Lincoln Park,MI,3.669,42.242200,-83.180700
64494,QUICK FUEL #1704,I-75 EXIT 42 AT MILE 42,Lincoln Park,MI,3.619,42.242200,-83.180700
64495,QUICK FUEL #1702,"I-96, EXIT 173",Livonia,MI,3.799,42.383980,-83.362220
64496,QUICK FUEL #1703,"I-94, EXIT 199-A",Romulus,MI,3.519,42.222300,-83.396600
64496,QUICK FUEL #1703,"I-94, EXIT 199-A",Romulus,MI,3.549,42.222300,-83.396600
64496,QUICK FUEL #1703,"I-94, EXIT 199-A",Romulus,MI,3.569,42.222300,-83.396600
64498,QUICK FUEL #1705,SR-53,Warren,MI,3.849,42.492571,-83.024129
64498,QUICK FUEL #1705,SR-53,Warren,MI,3.749,42.492571,-83.024129
64498,QUICK FUEL #1705,SR-53,Warren,MI,3.789,42.492571,-83.024129
64499,QUICK FUEL #2401,"I-71, EXIT 234",Bridgeton,MO,3.094,38.750600,-90.416100
64500,QUICK FUEL #2402,"I-435, EXIT 57",Kansas City,MO,3.29233333,39.117442,-94.567246
64501,QUICK FUEL #2602,"I-85, EXIT 40",Charlotte,NC,3.39566666,35.228770,-80.823747
64502,QUICK FUEL #2305,"I-270, EXIT 10",Columbus,OH,3.63066666,39.992260,-82.991882
64503,QUICK FUEL #2304,"I-75, EXIT 210",Toledo,OH,3.60066666,41.675647,-83.530619
64508,QUICK FUEL #1150,US-51 & SR-30,Madison,WI,3.57566666,43.072400,-89.402326
64509,QUICK FUEL #1002,"I-94, EXIT 319",Milwaukee,WI,3.74066666,43.049795,-87.952922
64511,QUICK FUEL #1010,SR-100,Milwaukee,WI,3.779,43.049795,-87.952922
64512,QUICK FUEL #1001,"I-94, EXIT 301",New Berlin,WI,3.499,42.978100,-88.124950
64514,PILOT TRAVEL CENTERS #435,"I-10, EXIT 0",Anthony,TX,3.459,31.990700,-106.597600
64517,KWIK TRIP #696,"I-94, EXIT 19 & US-63",Baldwin,WI,3.574,44.965700,-92.365500
64519,BLUE RIDGE TRAVEL PLAZA,"I-81 SOUTHBOUND, EXIT 155",Mountain Top,PA,3.649,41.135000,-75.937600
64520,LOVES TRAVEL STOP #222,"I-70/US-35, EXIT 149B & US/35/SR-38",Richmond,IN,3.949,39.830650,-84.891900
64521,CHOCTAW TRAVEL PLAZA #635,US-259/SR-3,Broken Bow,OK,2.999,34.027000,-94.762300
64523,SKY CITY TRAVEL CENTER,"I-40, EXIT 102 NORTH",Pueblo Of Acoma,NM,3.28066666,34.896400,-107.581700
64525,PILOT TRAVEL CENTERS #3,"I-80, EXIT 223",Youngstown,OH,3.45233333,41.077573,-80.680313
64526,PILOT TRAVEL CENTERS #53,"I-40, EXIT 143",Hurricane Mills,TN,3.17566666,35.924000,-87.810500
64527,PILOT TRAVEL CENTERS #50,"I-71, EXIT 28",Pendleton,KY,3.759,38.480900,-85.317000
64528,Raceway #7007,SR-74 & SR-180,Shelby,NC,3.249,35.291100,-81.542033
64529,PILOT TRAVEL CENTERS #436,"I-40, EXIT 75",Amarillo,TX,3.26566666,35.253452,-101.865656
64530,PILOT TRAVEL CENTERS #420,"I-20, EXIT 114",Madison,GA,3.859,33.594700,-83.461800
64530,PILOT TRAVEL CENTER #420,"I-20, EXIT 114",Madison,GA,3.859,33.594700,-83.461800
64532,PILOT #4560,"I-75, EXIT 201",Jackson,GA,3.37566666,33.282000,-83.978400
64532,PILOT TRAVEL CENTER #4560,"I-75, EXIT 201",Jackson,GA,3.39566666,33.282000,-83.978400
64533,SHELL,US-287/US-81 & CR-718,Haslet,TX,2.89066666,32.955700,-97.337200
64534,CIRCLE K #4707045,"I-95, EXIT 32",Biddeford,ME,3.95733333,43.475800,-70.496800
64535,FLYING J TRAVEL PLAZA #628,"I-85, EXIT 160",Carnesville,GA,3.20566666,34.363100,-83.254700
64536,FLYING J TRAVEL PLAZA #640,"I-84, EXIT 173",Jerome,ID,3.90233333,42.717800,-114.501200
64537,FLYING J TRAVEL PLAZA #739,"I-35, EXIT 330B",Waco,TX,3.22066666,31.554531,-97.162744
64538,PILOT TRAVEL CENTER #445,"I-94, EXIT 22 & US-20",Chesterton,IN,3.829,41.614300,-87.047000
64538,PILOT TRAVEL CENTERS #445,"I-94, EXIT 22 & US-20",Chesterton,IN,3.799,41.614300,-87.047000
64545,HOBO PANTRY #24,US-231 & SR-10,Brundidge,AL,3.599,31.701300,-85.817700
64546,GRUB MART #13,"I-59, EXIT 205 & US-411/SR-25/SR-68",Centre,AL,3.349,34.111600,-85.609200
64554,FACKLER TEXACO TRUCK STOP,US-72 & CR-42,Fackler,AL,3.199,34.825900,-85.984600
64558,MR FUEL #1203,"I-20, EXIT 129",Meridian,MS,2.81233333,32.415414,-88.670443
64569,LOVES TRAVEL STOP #624,"I-65, EXIT 8B",Mobile,AL,3.20566666,30.680032,-88.121500
64571,PETRO STOPPING CENTER #331,"I-15, EXIT 54",Las Vegas,NV,3.734,36.160013,-115.187527
64572,CIRCLE K #2723730,US-43/SR-13/SR-69,Northport,AL,3.399,33.299600,-87.578900
64578,MARATHON,US-431/SR-1,Phenix City,AL,3.249,32.465225,-85.061900
64581,SNEAD SHELL,US-278 & SR-75,Altoona,AL,3.109,34.071000,-86.209600
64592,LOVES TRAVEL STOP #368,"I-65, EXIT 208 & CR-28",Clanton,AL,3.33733333,32.879200,-86.593750
64595,PILOT TRAVEL CENTERS #425,"I-10, EXIT 192",Midway,FL,3.799,30.485000,-84.476800
64595,PILOT TRAVEL CENTER #425,"I-10, EXIT 192",Midway,FL,3.799,30.485000,-84.476800
64599,PONY EXPRESS TRAVEL PLAZA #6,"US-167/US-67, EXIT16 & SR-5",Cabot,AR,3.499,34.945700,-92.031800
64600,Caseys #4552,"I-40, EXIT 57",Clarksville,AR,3.244,35.490800,-93.491100
64610,KINGS RIVER COUNTRY STORE,US-412,Huntsville,AR,3.26566666,36.104300,-93.727900
64617,SHELL,"I-55, EXIT 48",Osceola,AR,2.999,35.701900,-89.979800
64647,HOOKS,I-16 EXIT 16,East Dublin,GA,3.399,32.548200,-82.871800
64648,QUICK FUEL #2203,"I-20, EXIT 14",Atlanta,GA,3.319,33.817077,-84.380226
64651,QUICK FUEL #2101,I-465,Indianapolis,IN,3.869,39.800271,-86.136173
64654,Fast Stop,"I-10, EXIT 177",Saint Gabriel,LA,3.699,30.252800,-91.085700
64655,ONE9 #7937,"I-85/I-40, EXIT 132",Mc Leansville,NC,3.399,36.116300,-79.668400
64656,QUICK FUEL #2601,SR-27,Charlotte,NC,3.51233333,35.228770,-80.823747
64660,QUICK FUEL #1005,SR-59 & SR-164,Waukesha,WI,3.623,42.993850,-88.254475
64662,QUICK FUEL #1011,"I-94, EXIT 100",Milwaukee,WI,3.52066666,43.049795,-87.952922
64664,CIRCLE K #4701424,"I-74, EXIT 102",Morton,IL,3.699,40.614800,-89.460400
64664,CIRCLE K #4701424,"I-74, EXIT 102",Morton,IL,3.659,40.614800,-89.460400
64664,CIRCLE K #4701424,"I-74, EXIT 102",Morton,IL,3.599,40.614800,-89.460400
64671,FLYING J TRAVEL PLAZA #756,"I-94, EXIT 116 & CR-A",Black River Falls,WI,3.38233333,44.295400,-90.831300
64672,FLYING J TRAVEL PLAZA #655,"I-70, EXIT 123 & SR-3",Spiceland,IN,3.959,39.827100,-85.445000
64673,WESTVILLE TRUCKSTOP,US-6/US-421,Westville,IN,3.58566666,41.536500,-86.901300
64674,ZANCO SHELL,"I-395, EXIT 87",Plainfield,CT,4.399,41.677500,-71.922000
64675,Petro Mart #45,"I-70/US-40, EXIT 148 & US-54",Kingdom City,MO,2.939,38.955100,-91.952000
64676,PILOT TRAVEL CENTERS #460,"I-40, EXIT 140",Oklahoma City,OK,3.309,35.494951,-97.488642
64677,MOUNT VERNON FUEL CENTER,"I-75, EXIT 59 & US-25",Mount Vernon,KY,2.999,37.398300,-84.337900
64678,AINSWORTH FOUR CORNERS,US-218/SR-27 & SR-92,Ainsworth,IA,3.109,41.320200,-91.547200
64679,PILOT TRAVEL CENTER #118,I-30 EXIT 121,Benton,AR,3.259,34.574200,-92.615500
64679,PILOT TRAVEL CENTERS #118,I-30 EXIT 121,Benton,AR,3.199,34.574200,-92.615500
64681,PILOT TRAVEL CENTER #458,"I-10, EXIT 208",Eloy,AZ,3.439,32.750900,-111.583300
64681,PILOT TRAVEL CENTERS #458,"I-10, EXIT 208",Eloy,AZ,3.479,32.750900,-111.583300
64682,FLYING J TRAVEL PLAZA #705,"I-40, EXIT 20 & US-283",Sayre,OK,3.18233333,35.304700,-99.642900
64683,QUIKTRIP #777,"I-20, EXIT 49",Atlanta,GA,2.97233333,33.817077,-84.380226
64684,MR FUEL #721,"I-465, EXIT 4 & SR 37",Indianapolis,IN,3.319,39.800271,-86.136173
64687,PILOT TRAVEL CENTERS #421,"I-75, EXIT 326",Dalton,GA,3.30566666,34.768000,-84.960725
64687,PILOT TRAVEL CENTER #421,"I-75, EXIT 326",Dalton,GA,3.28566666,34.768000,-84.960725
64706,CIRCLE K #2721571,"I-65, EXIT 69",Brewton,AL,3.399,31.117300,-87.084150
64712,SUNSTOP #650,US-431 & SR-210,Dothan,AL,3.41233333,31.202760,-85.399620
64713,GOOD TO GO,"I-65, EXIT 200",Enterprise,AL,3.599,31.319300,-85.872850
64715,CIRCLE K #2709067,US-31/SR-6,Prattville,AL,3.499,32.471400,-86.457600
64718,CUZZS,US-43/SR-13,Thomasville,AL,3.53233333,31.906700,-87.759800
64719,CIRCLE K #2706697,"I-85, EXIT 77",Valley,AL,3.399,32.694750,-85.261950
64721,FLASH MARKET #17049,"I-40/US-63, EXIT 216 & US-49/SR-17",Brinkley,AR,3.179,34.878100,-91.188600
64723,CASHS #4470,US-65,Dumas,AR,3.209,33.892100,-91.486100
64724,TOBOS TRAVEL CENTER,"I-540, EXIT 58",Fayetteville,AR,3.349,36.075375,-94.197925
64755,PILOT TRAVEL CENTERS #44,"I-70, EXIT 101",Boonville,MO,3.519,38.953600,-92.745000
64764,CORNER MARKET #62,SR-13/SR-789 & SR-64,Meeker,CO,3.729,40.038700,-107.892500
64765,CENEX,"I-76, EXIT 125",Sterling,CO,3.41566666,40.630600,-103.221200
64773,Sun Gas,US-301,Middletown,DE,2.999,39.481500,-75.683200
64775,SHORE STOP #287,US-13,New Castle,DE,3.289,39.606500,-75.604933
64775,SHORE STOP #287,US-13,New Castle,DE,3.309,39.606500,-75.604933
64777,4 POINTS MARKET,US-441/SR-7 & SR-804,Boynton Beach,FL,3.229,26.525844,-80.108111
64778,SUNSTOP #347,US-27,Branford,FL,3.699,29.939500,-82.899300
64779,SPEEDWAY #6530,US-50,Brooksville,FL,3.38233333,28.542129,-82.430657
64789,KROME EXXON,SR-997 & SR-994,Miami,FL,3.399,25.768995,-80.258580
64793,CIRCLE K #2721297,US-301,Middleburg,FL,3.399,30.076450,-81.862450
64795,QUICK FUEL #5101,"I-4, EXIT 79",Orlando,FL,3.36233333,28.517785,-81.307466
64798,RIVIERA TRUCKSTOP,SR-710,West Palm Beach,FL,3.779,26.712112,-80.097435
64803,MARATHON,"I-4, EXIT 3",Tampa,FL,3.42233333,27.942862,-82.462038
64804,SPEEDLANE,US-301 &SR-574,Tampa,FL,3.449,27.942862,-82.462038
64811,SUNSTOP #819,US-19,Americus,GA,3.699,32.061850,-84.256400
64815,BUENA VISTA GAS N GO,SR-26 & SR-41,Buena Vista,GA,3.299,32.254200,-84.489800
64819,CIRCLE K #4174,"I-285/SR-407, EXIT 53 & US-23/SR-42",Conley,GA,3.999,33.636900,-84.337100
64820,Mr Pips,US-84/SR-38,Donalsonville,GA,3.199,31.050500,-84.880100
64825,EXIT 10 AUTO AND TRUCK STOP,"I-185/SR-411, EXIT 19 & SR-315",Fortson,GA,3.399,32.628800,-85.001700
64831,CIRCLE K #2745072,US-341,Lumber City,GA,3.529,31.925100,-82.707300
64833,QWICKSERV,US-319 BUS & SR-133/SR-35/SR-33,Moultrie,GA,3.599,31.145800,-83.746200
64834,SUSIE Q #90,US-319 & SR-33,Moultrie,GA,3.799,31.145800,-83.746200
64840,BP,US-278/SR-6 & SR-101,Rockmart,GA,3.599,33.997900,-85.059400
64842,Circle K #2745128,US-301 & US-25,Statesboro,GA,3.199,32.438925,-81.762450
64843,A TO Z TRUCKSTOP,US-301/US-25/SR-73,Statesboro,GA,3.599,32.438925,-81.762450
64850,SHAKE RAG EXPRESS,US-1 & US-78,Wadley,GA,3.41566666,32.874700,-82.402500
64856,KUM & GO #1056,"I-35, EXIT 56",Bevington,IA,3.099,41.363000,-93.792800
64857,CHARITON FOOD SHOP,US-34,Chariton,IA,3.369,41.022600,-93.304200
64859,QUICK FUEL #2901,"I-35/I-80, EXIT 136",Des Moines,IA,3.13733333,41.650284,-93.586047
64860,BP TRUCK PLAZA,US-61/US-151,Dubuque,IA,3.489,42.498660,-90.686480
64862,218 FUEL EXPRESS,US-218 & US-18,Floyd,IA,3.489,43.143000,-92.724000
64863,FT MADISON FAST BREAK,US-61,Fort Madison,IA,3.399,40.633000,-91.339800
64868,MEDIAPOLIS FAST BREAK,US-61,Mediapolis,IA,3.349,41.005900,-91.132100
64871,STEWART ROAD FAST BREAK,CR-X61,Muscatine,IA,3.299,41.430400,-91.050900
64873,CUBBYS #2301,"I-29, EXIT 112",Onawa,IA,3.149,42.037000,-96.107200
64874,OSCEOLA TRAVEL PLAZA,"I-25, EXIT 33 & US-34",Osceola,IA,3.31233333,41.029500,-93.771200
64875,CASEYS #2598,"SR-163, EXIT 42",Pella,IA,3.199,41.408200,-92.917200
64876,PILOT #238,"I-29, EXIT 10",Percival,IA,3.799,40.740100,-95.809300
64876,PILOT TRAVEL CENTER #238,"I-29, EXIT 10",Percival,IA,3.799,40.740100,-95.809300
64877,CASEYS #3900,"US-218, EXIT 80 & SR-22",Riverside,IA,3.17066666,41.475800,-91.574100
64880,CASEYS #2487,US-71/SR-9,Spirit Lake,IA,3.38233333,43.426200,-95.112300
64881,SPARKYS ONE STOP #16,US-71 & SR-3,Storm Lake,IA,3.23233333,42.647400,-95.196100
64883,KUM & GO #1046,"I-80, EXIT 46 & CR-M47",Walnut,IA,3.109,41.462300,-95.218000
64884,SAPP BROS TRAVEL CENTER,US-61 & SR-78,Sioux City,IA,3.649,42.482356,-96.388878
64886,WEVER JUNCTION,US-61 & CR-X50,Wever,IA,3.399,40.706700,-91.226800
64887,COUNCIL FOOD AND FUEL,US-95,Council,ID,3.589,44.762800,-116.451800
64888,NOMNOM #21,US-95 & SR-13,Grangeville,ID,3.90733333,45.927200,-116.107600
64892,JACKSONS FOOD STORE #3,US-95,Wilder,ID,3.579,43.657900,-116.912200
64894,CIRCLE K #4701251,"I-55, EXIT 160B & SR-9",Bloomington,IL,3.399,40.481850,-88.946875
64894,CIRCLE K #4701251,"I-55, EXIT 160B & SR-9",Bloomington,IL,3.599,40.481850,-88.946875
64894,CIRCLE K #4701251,"I-55, EXIT 160B & SR-9",Bloomington,IL,3.499,40.481850,-88.946875
64902,DOWNS TRAVEL MART,"I-74, EXIT 142",Downs,IL,3.499,40.398900,-88.868600
64907,FREEDOM OIL #77,"I-74, EXIT 112 & SR-117",Goodfield,IL,3.659,40.632900,-89.272700
64913,Circle K #4701331,US-136 & US-67,Macomb,IL,3.499,40.461700,-90.678700
64914,Martinsville Food and Fuel,"I-70, EXIT 136",Martinsville,IL,3.489,39.317400,-87.870700
64920,KWIK STAR #1530,"I-88/SR-110, EXIT 76 & SR-251",Rochelle,IL,3.499,41.928200,-89.071000
64928,SPEEDWAY #1432,"I-294, EXIT 22",Willow Springs,IL,3.859,41.736400,-87.878600
64929,KARTAR TRUCK STOP,"I-74, EXIT 32 & SR-17",Woodhull,IL,3.599,41.184900,-90.283300
64930,THORNDALE SHELL,"I-290, EXIT 5",Wood Dale,IL,3.459,41.957350,-87.959350
64933,MCCLURE OIL #66,US-33/US-27,Decatur,IN,3.699,40.827300,-84.931400
64938,FAMILY EXPRESS #41 (DISCOUNT AVAILABLE),US-52,Lafayette,IN,3.43233333,40.376883,-86.871600
64939,FAMILY EXPRESS #27 (DISCOUNT AVAILABLE),US-421,Medaryville,IN,3.649,41.089700,-86.880800
64946,MORNING STAR AUTO TRUCK PLAZA,"I-69, EXIT 334 & US-6",Waterloo,IN,3.699,41.440200,-85.022100
64949,PETES #36,US- 54 & US-169,Iola,KS,3.20566666,37.924500,-95.400000
64950,CASEYS #2957,US-73 & US-36,Hiawatha,KS,3.15066666,39.791400,-95.600400
64952,AMPRIDE,US-160,Johnson,KS,3.399,37.569400,-101.719400
64961,SAC AND FOX TRUCK STOP,US-75,Powhattan,KS,2.984,39.717700,-95.675100
64963,FLINT HILLS ONE STOP,US-50,Strong City,KS,2.919,38.412900,-96.517200
64964,U PUMP IT,US-83 & US-56,Sublette,KS,3.679,37.522100,-100.820800
64969,ALLSTAR FOOD MART,SR-55,Campbellsville,KY,3.159,37.342250,-85.340600
64980,DOUBLE KWIK MARKET #1044,SR-15/SR-7/SR-160,Isom,KY,3.749,37.193200,-82.875400
64982,FAS MART #5260,SR-9 & US-68/US-62/SR-10,Maysville,KY,3.364,38.620700,-83.806700
64984,DOUBLE KWIK MARKET #1062,"I-75, EXIT 104",Nicholasville,KY,3.499,37.873500,-84.572050
64990,LAKE COUNTRY OUTDOORS,SR-127,Russell Springs,KY,3.199,37.055100,-85.037500
64994,E Z STOP,SR-555 & SR-9002,Willisburg,KY,3.379,37.837300,-85.136200
64996,AVONDALE TRUCK STOP,SR-90,Westwego,LA,3.449,29.901650,-90.172800
64998,CM BAYOU VISTA,US-90,Morgan City,LA,3.399,29.696150,-91.262350
64999,I 220 TRAVEL PLAZA,"I-270, EXIT 17A & US-80/US-79",Bossier City,LA,2.99233333,32.560420,-93.666120
65000,SILVERS TRAVEL CENTER,"I-10, EXIT 109",Breaux Bridge,LA,3.369,30.294800,-91.829600
65002,FOOD N FUN #11,US-90 & SR-92-1,Broussard,LA,3.30233333,30.121900,-91.950200
65005,USA TRAVEL CENTER,"I-20, EXIT 103/US-80",Calhoun,LA,3.21566666,32.524800,-92.329900
65006,GOLDMINE TRUCKSTOP,US-190,Eunice,LA,3.199,30.511600,-92.398500
65007,GOLDEN GROVE TRUCK PLAZA,SR-641 & SR-3125,Gramercy,LA,3.419,30.052700,-90.690200
65008,BIG WHEELS TRAVEL CENTER,"US-90, EXIT 204 & SR-316",Gray,LA,3.499,29.690300,-90.780700
65011,PLANTATION TRUCK PLAZA,SR-311 & SR-664,Houma,LA,3.11566666,29.595025,-90.723200
65017,Y NOT STOP MANSURA,SR-1,Mansura,LA,3.399,31.061500,-92.054300
65019,Hwy 31 Truck Stop,SR 31,Saint Martinville,LA,3.329,30.223700,-91.779400
65021,OPELOUSAS 190 TRUCK STOP,US-190,Opelousas,LA,2.87066666,30.523950,-92.085600
65022,CM RACELAND,SR-1,Raceland,LA,3.299,29.717800,-90.599900
65023,SHOP RITE #85,"I-10, EXIT 87 AT MILE 87",Rayne,LA,3.149,30.234900,-92.268500
65025,ELSIE AUTO AND TRUCK PLAZA,SR-1,Shreveport,LA,2.949,32.553066,-93.759937
65026,TA ST Rose #06480,US-61,Saint Rose,LA,3.22566666,29.958100,-90.312400
65027,STARKS TRUCK STOP,SR-12,Starks,LA,3.599,30.308500,-93.661500
65030,CASH MAGIC THIBODAUX,SR-1,Thibodaux,LA,3.399,29.799433,-90.816467
65033,PILOT TRAVEL CENTERS #457,"I-75, EXIT 135",Beaverdam,OH,3.33066666,40.831400,-83.975800
65036,WAVERLY TRUCKSTOP,"I-20, EXIT 157 & SR-577",Delhi,LA,2.964,32.392900,-91.471400
65037,CIRCLE K #2707783,"I-20, EXIT 114 & SR-617",West Monroe,LA,2.95733333,32.493033,-92.173600
65048,Irving,SR-2,Westminster,MA,3.749,42.547100,-71.910100
65059,ROYAL FARMS #111,"I-95, EXIT 57",Baltimore,MD,3.209,39.301857,-76.620995
65062,AC & T BIG POOL,"I-70, EXIT 12 & SR-56",Big Pool,MD,3.659,39.645700,-78.010400
65064,A C AND T SHARPSBURG PIKE,"I-70, EXIT 29A & SR-65",Hagerstown,MD,3.799,39.629750,-77.718317
65066,HURLOCK CITGO,SR-392 & SR-331,Hurlock,MD,3.259,38.643800,-75.863000
65067,SUNOCO,US-301,Newburg,MD,3.379,38.329800,-76.917500
65069,CIRCLE K #4707056,"I-95, EXIT 75",Auburn,ME,3.899,44.162933,-70.239333
65074,CIRCLE K #4707004,"I-95, EXIT 244 & SR-157",Medway,ME,3.50233333,45.607000,-68.522700
65075,CIRCLE K #4707017,"I-95, EXIT 48",Portland,ME,3.74233333,43.666022,-70.256833
65083,SUNOCO,"I-75, EXIT 34B",Riverview,MI,3.639,42.178200,-83.246100
65084,BEACON & BRIDGE #19,US-131 & SR-115,Cadillac,MI,3.259,44.250400,-85.430000
65084,BEACON & BRIDGE #19,US-131 & SR-115,Cadillac,MI,3.239,44.250400,-85.430000
65084,BEACON & BRIDGE #19,US-131 & SR-115,Cadillac,MI,3.279,44.250400,-85.430000
65086,FRED MOORE BP,"I-94, EXIT 257",Casco,MI,4.099,42.767400,-82.672800
65088,Circle K #2746528,US-41/SR-28 & SR-95,Champion,MI,3.819,46.468500,-87.830600
65091,WYOMING FUEL PLAZA,"I-94, EXIT 210A",Dearborn,MI,3.599,42.291850,-83.196950
65092,BP,"I-94 & US-12, EXIT 210",Dearborn,MI,3.579,42.291850,-83.196950
65092,BP,"I-94 & US-12, EXIT 210",Dearborn,MI,3.759,42.291850,-83.196950
65092,BP,"I-94 & US-12, EXIT 210",Dearborn,MI,4.099,42.291850,-83.196950
65092,BP,"I-94 & US-12, EXIT 210",Dearborn,MI,3.199,42.291850,-83.196950
65094,MARATHON,"I-75 & SR-32, EXIT 282",Gaylord,MI,3.829,45.020000,-84.673550
65094,MARATHON,"I-75 & SR-32, EXIT 282",Gaylord,MI,3.799,45.020000,-84.673550
65108,PICKLEMANS ONE STOP-ZEPHYR,ST 28,Newberry,MI,3.699,46.343800,-85.515000
65113,NORTHWIND TRAVEL CENTER,"US-131, EXIT 153 & US-10",Reed City,MI,3.599,43.886800,-85.513000
65113,NORTHWIND TRAVEL CENTER,"US-131, EXIT 153 & US-10",Reed City,MI,3.499,43.886800,-85.513000
65121,BP TRAVEL CENTER AND TRUCK PLAZA,"I-275, EXIT 20",Belleville,MI,4.199,42.199850,-83.485300
65127,PITSTOP MOBIL MART,"I-196, EXIT 72",Wyoming,MI,3.799,42.905550,-85.711950
65127,PITSTOP MOBIL MART,"I-196, EXIT 72",Wyoming,MI,3.549,42.905550,-85.711950
65129,HOLIDAY STATIONSTORE #2746345,"I-94, EXIT 103/US-52 & SR-29",Alexandria,MN,3.499,45.881700,-95.382000
65132,PETES PLACE SOUTH,US-71 & US-2,Bemidji,MN,3.41566666,47.522800,-94.840800
65135,CIRCLE K #3819,SR-7,Clara City,MN,3.33233333,44.963900,-95.349900
65136,HOLIDAY STATIONSTORE #2746422,"I-35, EXIT 253B",Duluth,MN,3.499,46.786400,-92.126557
65141,KWIK TRIP #619,US-14 & ST-57,Kasson,MN,3.549,44.024000,-92.746400
65142,HOLIDAY STATIONSTORE #2746376,"I-35W, EXIT 36 & CR-23",Circle Pines,MN,3.549,45.152800,-93.144000
65153,7Fleet #46516,"I-75, EXIT 164",Waite Park,MN,3.459,45.553450,-94.224350
65162,Petro Mart #15,I-270 EXIT 33,Saint Louis,MO,2.904,38.640271,-90.286310
65165,AMERIMART # 11,US-61,Jackson,MO,3.299,37.387900,-89.651900
65171,SIGNAL FOOD STORE #110,US-60 & SR-5,Mansfield,MO,3.02566666,37.127300,-92.593600
65177,KUM & GO #0497,US-60/SR-413 & CR-M,Republic,MO,3.079,37.123000,-93.480000
65178,WILD BILLS TRAVEL CENTER,US-65 & SR-14,Ridgedale,MO,3.199,36.524700,-93.277800
65180,TREX MART #11,"I-29, EXIT 65 & US-59",Savannah,MO,2.999,39.916800,-94.826700
65188,GAS MART,"US-78, EXIT 14 & SR-309",Byhalia,MS,2.97233333,34.885400,-89.676300
65192,CIRCLE K #2723396,US-49,Collins,MS,3.879,31.670700,-89.543800
65194,CIRCLE K #2723401,US-98 BYP/SR-44 & SR-13,Columbia,MS,3.33233333,31.255900,-89.799800
65197,SINGH PETRO,US-11,Ellisville,MS,3.059,31.579700,-89.223100
65198,CIRCLE K #2723437,US-49,Florence,MS,2.89566666,32.153500,-90.131200
65204,SHELL GAS MART,US-82,Mathiston,MS,3.36566666,33.541500,-89.127500
65212,Taters #2,US-98 & SR-29,New Augusta,MS,3.31566666,31.202600,-89.036700
65213,CIRCLE K #2723390,US-98,New Augusta,MS,3.199,31.202600,-89.036700
65214,NEWTON CROSSING,"I-20, EXIT 109 & SR-15",Newton,MS,3.249,32.324400,-89.184000
65216,STUCKEYS EXPRESS,US-43S,Pelahatchie,MS,3.199,32.318000,-89.791300
65221,CEFCO #544,"I-55/US-51, EXIT 81",Terry,MS,2.899,32.114700,-90.324100
65223,SHELL EXPRESS MART,SR-7 & SR-315,Water Valley,MS,3.06566666,34.152500,-89.638000
65225,CIRCLE K #2723402,US-49,Wiggins,MS,3.509,30.860900,-89.132400
65234,COUNTRY MART,US-13/SR-11,Bethel,NC,3.00733333,35.790900,-77.374800
65241,CIRCLE K #2723474,US-70,Goldsboro,NC,3.54066666,35.364340,-78.016840
65246,DOBBS PLACE,"I-95, EXIT 17",Lumberton,NC,3.159,34.635567,-79.043700
65250,CIRCLE K #2723473,US-70,Morehead City,NC,3.649,34.725300,-76.753100
65251,SPEEDWAY #8277,US-17 & SR-43,New Bern,NC,3.26566666,35.109260,-77.057960
65252,SPEEDWAY #6964,SR-125 & SR-11/SR-42,Oak City,NC,3.19733333,35.959700,-77.300400
65267,CIRCLE K #2720939,"I-795/US-264, EXIT 43A & US-301",Wilson,NC,3.049,35.733550,-77.931675
65268,SPEEDWAY #6931,"I-40, EXIT 195 & SR-109",Winston Salem,NC,3.609,36.065508,-80.241000
65270,INTERSTATE CENEX,"I-94, EXIT 1 & SR-16",Beach,ND,3.499,46.932400,-103.984300
65273,SIMONSON TRAVEL CENTER,"I-29, EXIT 141 & US-2",Grand Forks,ND,3.539,47.920933,-97.047333
65274,CENEX C STORE,US-2 & SR-3,Rugby,ND,3.399,48.254500,-99.989900
65282,HEBRON SINCLAIR,US-81,Hebron,NE,3.284,40.172800,-97.605200
65283,CUBBYS #2107,US-20/SR-15,Laurel,NE,3.139,42.427000,-97.087400
65284,Caseys #4526,"I-80, EXIT 237",Lexington,NE,3.05733333,40.785000,-99.751500
65287,AM ENERGY,"I-80, EXIT 248",Overton,NE,2.899,40.751900,-99.527800
65289,SHOEMAKERS SOUTH,US-77,Roca,NE,3.349,40.670200,-96.639100
65290,ESSENTIAL FUEL #3,ST 71,Scottsbluff,NE,3.599,41.869300,-103.664550
65292,CUBBYS #117,SR-2 & SR-50,Syracuse,NE,3.319,40.661400,-96.182400
65293,TRAILS WEST SINCLAIR,US-34 & SR-25,Trenton,NE,3.499,40.168100,-101.020100
65294,PRIME STOP,ST 35,Wayne,NE,3.244,42.230400,-97.018600
65296,CIRCLE K #4707214,"I-93, EXIT 12S & I-89 & SR-3A",Bow,NH,4.199,43.138800,-71.544800
65299,EPPING FUELING CENTER,SR-27 & SR-125,Epping,NH,4.029,43.041100,-71.076400
65308,SUNOCO,SR-17,East Rutherford,NJ,3.19233333,40.838500,-74.104100
65310,Edison Fuel Stop,US-1,Edison,NJ,3.159,40.515580,-74.386300
65314,Union 76,"I-55, EXIT 50A",Richwood,NJ,3.399,39.720600,-75.168100
65315,SUNOCO- RICHARD STOCKTON PLAZA #7009,NJ TURNPIKE MILE POST 58.7,Trenton,NJ,3.899,40.253478,-74.716796
65319,PHILLIPS 66,US-30,Clementon,NJ,3.199,39.803600,-75.005800
65320,PILOT #891,"I-80, EXIT 27B",Ledgewood,NJ,4.099,40.878000,-74.655400
65328,THIND TRAVEL PLAZA,SR-20,North Bergen,NJ,3.259,40.793900,-74.025800
65329,UTE MOUNTAIN TRAVEL CENTER,US-160 & US-491,Towaoc,CO,3.45733333,37.208400,-108.720000
65332,BETTY ROSS TRUCK STOP /BP,US-130 & SR-73,Pennsauken,NJ,3.329,39.972300,-75.060700
65334,SUNOCO,US 22 WEST,Phillipsburg,NJ,3.329,40.707900,-75.150700
65335,CONOCO,US-22,Phillipsburg,NJ,3.359,40.707900,-75.150700
65338,SWIFT FUEL STOP,"I-78, EXIT 13",Newark,NJ,3.879,40.746235,-74.198195
65339,US GAS & DIESEL,US-46,Ridgefield,NJ,3.229,40.832600,-74.001500
65343,ENRITE,"I-287, EXIT 4",South Plainfield,NJ,3.999,40.583900,-74.414700
65345,SOUTH BRUNSWICK VALERO,US-130,North Brunswick,NJ,3.16566666,40.453800,-74.482300
65350,Phillips 66,"I-295, EXIT 1",Vineland,NJ,3.359,39.477833,-75.000033
65351,RIGGINS TRUCK PLAZA,"I-55, EXIT 26",Vineland,NJ,3.269,39.477833,-75.000033
65353,SUNOCO- GROVER CLEVELAND TRAVEL PLAZA #7014,"NORTH NJ TNPK, EXIT 11",Woodbridge,NJ,3.899,40.556000,-74.284500
65359,ROAD RUNNER TRAVEL CENTER,"I-25, EXIT 156",Lemitar,NM,3.299,34.156000,-106.904400
65360,Roswell #60,US-285,Roswell,NM,3.36566666,33.438433,-104.445000
65361,BLACK MESA TRAVEL CENTER,"I-25, EXIT 252",Algodones,NM,3.269,35.389000,-106.351700
65365,CHEVRON #381125,US-95,Hawthorne,NV,4.079,38.534700,-118.641100
65373,CHAMPLAIN PETERBILT FUEL MART,"I-87, EXIT 43",Champlain,NY,3.799,44.977300,-73.446600
65377,PETROL 9 W,US-9W,Glenmont,NY,3.699,42.597100,-73.795900
65379,MIRABITO #74,"SR-79 N/I-88E, EXIT 6",Harpursville,NY,4.659,42.182300,-75.654500
65381,NATIVE PRIDE,"I-90, EXIT 58 & US-20",Irving,NY,2.999,42.573900,-79.059600
65381,NATIVE PRIDE,"I-90, EXIT 58 & US-20",Irving,NY,2.899,42.573900,-79.059600
65383,M AND M ALLEGANY JUNCTION,"I-86/SR-17, EXIT 23 & US-219/US-219 BUS",Limestone,NY,3.129,42.063900,-78.632000
65386,MIRABITO #73,"I-88, EXIT 12",Otego,NY,3.999,42.413300,-75.207900
65387,MAPLEFIELDS,SR-22 & SR-442,Peru,NY,3.799,44.585100,-73.529300
65392,CIRCLE K #4707622,"I-90, EXIT 41",Seneca Falls,NY,3.999,42.909400,-76.792500
65395,BELLSTORES #132,US-30 & SR-60,Ashland,OH,3.499,40.855900,-82.318900
65398,QUICK FUEL #2306,"I-480, EXIT 12",Brookpark,OH,3.669,41.397900,-81.811800
65400,NORTHSIDE FUEL STOP,US-30 & SR-19,Bucyrus,OH,3.50733333,40.810300,-82.969800
65406,MOBIL,"I-90/SR-2, EXIT 182B",Cleveland,OH,3.76566666,41.523080,-81.655405
65411,CLARKS PUMP N SHOP #10,SR- 32,Jackson,OH,3.699,39.042800,-82.647200
65415,SPEEDWAY #9314,US-20 & SR-21,Massillon,OH,3.48233333,40.806433,-81.472967
65423,BARNEYS CONVENIENCE MART #15,"I-75, EXIT 195 & I-90, EXIT 64 & SR-795",Rossford,OH,3.599,41.604900,-83.563800
65426,CIRCLE K #4705357,US-23 & SR-316,Ashville,OH,3.089,39.731600,-82.944600
65431,QUICK MART AND MORE,US-22 & SR-43,Steubenville,OH,3.639,40.361100,-80.656050
65441,HUTCH'S #103,SR-6 & SR-66,Elk City,OK,2.969,35.411200,-99.412700
65444,TXB #24 dba Kwik Chek Food Stores,US-70,Hugo,OK,2.969,34.011300,-95.513900
65445,QWIK CHEQUE,US-70 & SR-37,Idabel,OK,3.199,33.885100,-94.802000
65451,Petes #15,US-169 & SR-88,Oologah,OK,3.159,36.448200,-95.704700
65457,THACKERSVILLE TRAVEL PLAZA,"I-35, EXIT 1",Thackerville,OK,2.93233333,33.788200,-97.136300
65490,PILOT TRAVEL CENTER #422,"I-85, EXIT 41 & US-29",Newnan,GA,3.699,33.369450,-84.775450
65490,PILOT TRAVEL CENTERS #422,"I-85, EXIT 41 & US-29",Newnan,GA,3.699,33.369450,-84.775450
65494,FLYING J TRAVEL PLAZA #633,"I-20, EXIT 138",Union Point,GA,3.859,33.634500,-83.087900
65513,GETGO #3602,"I-76, EXIT 146 & I-99, EXIT 1 & US-220",Bedford,PA,4.09233333,39.990800,-78.526100
65514,ONVO TRAVEL PLAZA,"I-78, EXIT 13 & SR- 501",Bethel,PA,3.34733333,40.480800,-76.274200
65518,KWIK FILL #239,ST 51,Crescent,PA,3.799,40.556300,-80.228600
65521,RUTTERS #17,US-15 & SR-234,East Berlin,PA,4.294,39.964500,-77.007300
65522,TURKEY HILL #950324,US-322 & SR-23/SR-897,East Earl,PA,3.78566666,40.139500,-76.027600
65523,SAC SHOP #512,US-30,Everett,PA,4.099,40.009800,-78.371300
65524,SAC SHOP #514,I-76/I-70 & US-30,Everett,PA,4.099,40.009800,-78.371300
65525,SHELL,"I-95, EXIT 46A & US-1",Fairless Hills,PA,3.899,40.174800,-74.851900
65527,SUNOCO SERVICE STATION,"I-81, EXIT 5",Greencastle,PA,3.899,39.781800,-77.747000
65530,7-ELEVEN #40284,"I-76, EXIT 19/247",Hershey,PA,3.96733333,40.263800,-76.654500
65532,PILOT TRAVEL CENTERS #1,"I-80,  EXIT 173",Mill Hall,PA,4.01566666,41.086700,-77.483600
65533,LIBERTY EXXON,US-15 & SR-414,Liberty,PA,3.699,41.565600,-77.119500
65537,SHEETZ #048,US-22,Nanty Glo,PA,3.51733333,40.470400,-78.837500
65538,WELMART,"SR-28, EXIT 16",Natrona Heights,PA,4.19233333,40.642100,-79.727300
65549,T&C MINI MART,SR-33 & SR-191,Stockertown,PA,3.699,40.754000,-75.262100
65552,A PLUS MINI MARKET,US-1 & SR-132,Feasterville Trevose,PA,3.899,40.154700,-74.990400
65556,RUTTERS #60,US-30 & SR-116,York,PA,4.249,39.964987,-76.697000
65572,CIRCLE K #2705377,"I-20, EXIT 22 & US-1",Aiken,SC,3.129,33.565667,-81.663400
65573,SPEEDWAY/7fleet #4587,US-501,Aynor,SC,3.124,33.982300,-79.177700
65578,CIRCLE K #2723355,US-52,North Charleston,SC,3.399,32.877740,-80.017860
65587,HOT SPOT #2022,US-25/US-76,Honea Path,SC,2.909,34.441700,-82.425500
65588,SPEEDWAY #2836,US-17,Johns Island,SC,3.069,32.792400,-80.108100
65593,CIRCLE K #2723441,"I-82, EXIT 73 & SR-773",Prosperity,SC,3.11566666,34.183200,-81.532400
65594,PILOT #4567,I-77 EXIT 77,Rock Hill,SC,3.149,34.972200,-81.119580
65598,LEES QUICK STOP,US-52 & SR-45,Saint Stephen,SC,3.41566666,33.336200,-79.923600
65603,JET TRUCK PLAZA,"I-29, EXIT 47",Beresford,SD,3.159,43.087400,-96.781300
65604,SHELL,"I-29, EXIT 132",Huron,SD,3.359,44.361150,-98.215300
65608,ZIP TRIP #81,"I-29, EXIT 62 & US-18",Lennox,SD,3.204,43.345100,-96.882100
65614,281 TRAVEL CENTER,US-281,Wolsey,SD,3.089,44.399100,-98.474300
65622,QUICK STOP #34,US-11/SR-1,Bristol,TN,3.299,36.555967,-82.211700
65624,Sudden Service #61,SR-149 & SR-46,Cumberland City,TN,3.564,36.372900,-87.630600
65625,Chevron,US-64,Fayetteville,TN,3.754,35.152700,-86.566400
65629,CASEYS GOODSTOP #4036,"I-40, EXIT 355",Kingston,TN,3.164,35.852800,-84.497100
65639,SPEEDWAY #7138,"I-24, EXIT 70 & SR-102",Smyrna,TN,3.049,35.965600,-86.504800
65641,ALLSUPS CONVENIENCE STORE #2331,I-20 & FM 600,Abilene,TX,2.87566666,32.446560,-99.739430
65652,CIRCLE K #2706343,"I-20, EXIT 428",Fort Worth,TX,2.969,32.760220,-97.314932
65659,ALLSUPS CONVENIENCE STORE #2169,US-287,Chillicothe,TX,2.89566666,34.243900,-99.515700
65666,FUEL CITY #2,"I-30, EXIT 45B/I-35E",Dallas,TX,2.96566666,32.788556,-96.787156
65667,ALLSUPS CONVENIENCE STORE #2103,US-287/US-81,Decatur,TX,2.899,33.235100,-97.574000
65671,SUPER STOP #22,SR-87 & SR-12,Orange,TX,3.439,30.113800,-93.814467
65673,PILOT #894,US-57 & US-277,Eagle Pass,TX,3.899,28.690900,-100.480100
65674,VALLEY MART #09,US-277,Eagle Pass,TX,3.199,28.690900,-100.480100
65678,ONE9 #1300,US-287 & SR-34,Ennis,TX,2.869,32.333400,-96.627950
65683,ALLSUPS CONVENIENCE STORE #2225,US-60,Friona,TX,2.999,34.641700,-102.724100
65686,CEFCO #2004,"I-35 , EXIT 499",Vernon,TX,2.86066666,34.152250,-99.284650
65690,CIRCLE G TRUCK STOP,US-183 & SR-97,Gonzales,TX,2.799,29.508600,-97.449500
65691,CIRCLE K #2704037,US-90/SR-97 & US-183,Gonzales,TX,2.904,29.508600,-97.449500
65721,Paradise RV & Truck Park,US-287/US-81,Alvord,TX,2.81566666,33.369800,-97.688500
65724,STRIPES 7FLEET #42427,US-385 & SR-191,Odessa,TX,3.289,31.848278,-102.376622
65728,RIVER MART,US-281/SR-241,Pharr,TX,3.349,26.177100,-98.187000
65738,CIRCLE K #2741499,SR-35 & FM-1069,Rockport,TX,2.80566666,28.021950,-97.081200
65755,CIRCLE K #2723373,US-11 & SR-622,Atkins,VA,3.349,36.866500,-81.404800
65759,XPRESS STOP,US-522 & SR-694,Cross Junction,VA,3.33233333,39.374400,-78.308100
65761,NEW DIXIE MART #15,US-58 & SR-671,Franklin,VA,3.099,36.678600,-76.939100
65762,7-ELEVEN #34516,"I-66, EXIT 6",Front Royal,VA,3.52566666,38.926800,-78.179600
65764,LEESBURG CITGO,US-15,Leesburg,VA,3.499,39.113875,-77.567125
65765,FOSTERS CONVENIENCE STORE,US-29 & SR-685,Rustburg,VA,3.599,37.254500,-79.121500
65767,STATELINE FOOD MART #69,US-23,Pound,VA,3.599,37.092700,-82.601600
65770,JOLLEY #136,"I-89, EXIT 21",Alburgh,VT,3.539,44.603100,-72.952700
65771,CITGO,"I-91, EXIT 3 & US-5",Brattleboro,VT,3.67233333,42.852525,-72.566750
65789,BEAR CREEK CITGO,US-45 & SR-76/SR-22,Bear Creek,WI,3.439,44.534800,-88.740400
65791,EDGAR TRAVEL CENTER,SR-29 & CR-H,Edgar,WI,3.559,44.904600,-90.012500
65793,KWIK TRIP #921,SR-13 & SR-21,Friendship,WI,3.274,43.989600,-89.814900
65794,BP,"I-43, EXIT 180",Green Bay,WI,3.349,44.492967,-88.025892
65796,ADDISON STATION,"I-41/US-41, EXIT 68 & CR-K",Hartford,WI,3.149,43.315700,-88.370700
65800,BP,US-45,Kewaskum,WI,3.219,43.521400,-88.192500
65804,KWIK TRIP #628,US-45,Larsen,WI,3.43233333,44.198400,-88.696300
65805,HI WAY HOP BP,"I-42/US-41, EXIT 85 & SR-67",Lomira,WI,3.099,43.579500,-88.451300
65806,SHELL,US-41 & SR-67,Lomira,WI,3.389,43.579500,-88.451300
65809,KWIK TRIP #399,SR-21 & SR-80,Necedah,WI,3.249,44.034500,-90.060000
65810,HIGHWAY HARRY'S,I-90/I-94 EXIT 61 & SR-80,New Lisbon,WI,3.17233333,43.887700,-90.152400
65812,PLAINFIELD PLAZA,SR-73 & I-39,Plainfield,WI,3.29066666,44.209100,-89.455900
65813,KWIK TRIP #683,"I-39, EXIT 92 & US-51",Portage,WI,3.249,43.550100,-89.471400
65814,Kracheys BP Truck Stop,US-18 & SR-35,Prairie Du Chien,WI,3.574,43.042600,-91.119300
65817,TREGO TRAVEL CENTER,US-53 & CR-E,Trego,WI,3.58233333,45.951600,-91.858100
65818,KWIK TRIP #1048,"I-90, EXIT 12",West Salem,WI,3.31733333,43.906300,-91.089300
65820,KWIK TRIP #673,"I-90 & SR-19, EXIT 131",Windsor,WI,3.254,43.207800,-89.341800
65822,RSTORE #4499,US-45 & SR-29,Wittenberg,WI,3.15566666,44.823200,-89.166500
65824,CHANEYS SERVICE STATION,US-30 & SR-2,Chester,WV,3.799,40.598100,-80.558400
65828,PAR MAR FOOD STORE #52,US-50 & CR-50/16,West Union,WV,4.099,39.276200,-80.791100
65831,Hat Six Travel Center,"I-25/US-87, EXIT 182 & SR-253/SR-256",Evansville,WY,3.999,42.899200,-106.175400
65835,SOUTHSIDE TRAVEL CENTER,US-20/SR-789,Thermopolis,WY,3.799,43.775800,-108.383900
65836,PILOT TRAVEL CENTERS #434,"I-35W, EXIT 65",Fort Worth,TX,3.264,32.760220,-97.314932
65837,PILOT TRAVEL CENTERS #455,"I-71, EXIT 140",Marengo,OH,3.719,40.389500,-82.812100
65842,AM PM TRAVEL CENTER,US-1/SR-4,Blythe,GA,3.599,33.294100,-82.203000
65847,ROAD RANGER #132,"I-57, EXIT 240",Champaign,IL,3.509,40.115983,-88.275500
65847,ROAD RANGER #132,"I-57, EXIT 240",Champaign,IL,3.409,40.115983,-88.275500
65847,ROAD RANGER #132,"I-57, EXIT 240",Champaign,IL,3.549,40.115983,-88.275500
65847,ROAD RANGER #132,"I-57, EXIT 240",Champaign,IL,3.449,40.115983,-88.275500
65848,Mobil,I-475,Flint,MI,3.199,43.013953,-83.720471
65849,PS FOOD MART #1034,"I-94, EXIT 110 & US-27",Marshall,MI,3.459,42.272000,-84.958300
65849,PS FOOD MART #1034,"I-94, EXIT 110 & US-27",Marshall,MI,3.499,42.272000,-84.958300
65849,PS FOOD MART #1034,"I-94, EXIT 110 & US-27",Marshall,MI,3.429,42.272000,-84.958300
65849,PS FOOD MART #1034,"I-94, EXIT 110 & US-27",Marshall,MI,3.549,42.272000,-84.958300
65857,PILOT TRAVEL CENTERS #199,"I-20, EXIT 33",Haughton,LA,3.14566666,32.550700,-93.565700
65858,SPEEDWAY #6661,"I-94, EXIT 40  & US-20 & US-35",La Porte,IN,3.599,41.549200,-86.708800
65859,SPEEDWAY #6662,US-20 & SR-15,Bristol,IN,3.549,41.716900,-85.826200
65860,LOVES TRAVEL STOPS #283,"E I-30 & FM 549, EXIT 70",Rockwall,TX,3.049,32.917600,-96.425650
65860,LOVES TRAVEL STOP #283,"E I-30 & FM 549, EXIT 70",Rockwall,TX,3.109,32.917600,-96.425650
65862,PILOT TRAVEL CENTERS #396,"I-81, EXIT 213",Staunton,VA,3.659,38.158350,-79.064000
65863,VALERO,SR-31,Clinton,NJ,3.359,40.641200,-74.908800
65866,FLYING J TRAVEL PLAZA #710,"I-81, EXIT 219",New Milford,PA,4.17566666,41.866400,-75.717100
65868,7-ELEVEN #36073,"I-77, EXIT 54 & US-21",Statesville,NC,2.879,35.815567,-80.889033
65873,PILOT TRAVEL CENTER #4619,"I-81 & I-77, EXIT 77",Wytheville,VA,3.55066666,36.940700,-81.094100
65880,MR FUEL DBA ONE9 #1245,"I-55, EXIT 52 & SR-16",Litchfield,IL,3.199,39.179300,-89.649900
65880,ONE9 MR FUEL #1245,"I-55, EXIT 52 & SR-16",Litchfield,IL,3.239,39.179300,-89.649900
65880,ONE9 MR FUEL #1245,"I-55, EXIT 52 & SR-16",Litchfield,IL,3.299,39.179300,-89.649900
65880,ONE9 MR FUEL #1245,"I-55, EXIT 52 & SR-16",Litchfield,IL,3.199,39.179300,-89.649900
65880,MR FUEL DBA ONE9 #1245,"I-55, EXIT 52 & SR-16",Litchfield,IL,3.299,39.179300,-89.649900
65883,FLYING J TRAVEL PLAZA #647,"I-64, EXIT 25 & US-41",Haubstadt,IN,3.959,38.189500,-87.579800
65885,LOVES TRAVEL STOP #299,"US-75, EXIT 48 & SR-455",Anna,TX,3.19733333,33.344500,-96.563900
65909,7-Eleven/7FLEET #40496,"I-81, EXIT 47 & SR-12",Watertown,NY,4.149,43.941500,-75.904450
65912,ATOKA FUEL,US-75/US-69/SR-3,Atoka,OK,3.179,34.344500,-96.141800
65914,CASEYS #2732,US-30 & US-284/SR-2,Grand Island,NE,3.149,40.907667,-98.410167
65915,Marathon,"I-94/US-52, EXIT 346 & CR-17",West Fargo,ND,3.029,46.890700,-96.925800
65917,CUMBERLAND CORNER MART,SR-90 & US-127,Albany,KY,3.574,36.685700,-85.140700
65919,QUICK FUEL #5001,US-78/SR-4,Memphis,TN,3.02566666,35.159839,-89.969254
65935,MAIN ST JUNCTION,SR-14 & SR-15,Louisville,MS,3.099,33.105800,-89.028700
65962,CIRCLE K #2705937,US-301/SR-35 & SR-50,Dade City,FL,3.33233333,28.355533,-82.236967
65969,PILOT  #1105,SR-29 & SR-182,Bunkie,LA,3.21233333,30.864100,-92.146600
65974,BEACON & BRIDGE #13,"US-127, EXIT 117",Ithaca,MI,3.649,43.282800,-84.608800
65978,KWIK TRIP #623,US-61,Minnesota City,MN,3.399,44.083200,-91.741800
65983,SPEEDWAY #6967,"US-17, EXIT 227 & SR-32",Edenton,NC,3.287,36.090800,-76.622400
65989,DANCING EAGLE,"I-40, EXIT 108",Casa Blanca,NM,3.359,35.045600,-107.471400
66014,BIG D TRAVEL CENTER,SR-12 & SR-183,Irving,TX,2.95566666,32.849633,-96.933775
66015,LOVES TRAVEL STOP #298,"I-35, EXIT 39 & SR-44",Encinal,TX,3.589,28.040500,-99.356300
66016,FLYING J TRAVEL PLAZA #660,"I-64, EXIT 185 & SR-180",Catlettsburg,KY,3.76566666,38.379900,-82.632100
66017,FLYING J TRAVEL PLAZA #626,"I-95/SR-9, EXIT 305 & SR-206",Saint Augustine,FL,3.449,29.906433,-81.385533
66020,LOVES TRAVEL STOP #221,I-70 EXIT 160,Zanesville,OH,3.48233333,39.933850,-82.008650
66021,LOVES TRAVEL STOP #238,"I-65, EXIT 116 & SR-480",Shepherdsville,KY,3.599,37.996500,-85.702350
66022,PILOT TRAVEL CENTERS #459,"I-10, EXIT 133",Avondale,AZ,3.599,33.454900,-112.326550
66022,PILOT TRAVEL CENTER #459,"I-10, EXIT 133",Avondale,AZ,3.587,33.454900,-112.326550
66023,SAPP BROS TRAVEL CENTER,"I-29, EXIT 10 & SR-2",Percival,IA,3.789,40.740100,-95.809300
66024,LOVES TRAVEL STOPS #239,"I-81/US-11, EXIT 84 & SR-619",Max Meadows,VA,3.589,36.905600,-80.924400
66024,LOVES TRAVEL STOP #239,"I-81/US-11, EXIT 84 & SR-619",Max Meadows,VA,3.545,36.905600,-80.924400
66025,SPACE AGE TRAVEL CENTER,"I-84, EXIT 183 & SR-207",Hermiston,OR,3.33233333,45.845000,-119.284900
66026,FLYING J TRAVEL PLAZA #643,"I-70 & I-57, EXIT 160",Effingham,IL,3.349,39.121700,-88.561100
66026,FLYING J TRAVEL PLAZA #643,"I-70 & I-57, EXIT 160",Effingham,IL,3.299,39.121700,-88.561100
66026,FLYING J TRAVEL PLAZA #643,"I-70 & I-57, EXIT 160",Effingham,IL,3.499,39.121700,-88.561100
66029,Roady's Lucky Deuces,"I-10, EXIT 92 & SR-95",Duson,LA,3.03566666,30.191200,-92.152500
66030,Colfax Travel Center,"I-80, EXIT 159 & SR-117",Colfax,IA,3.149,41.678800,-93.258800
66031,WILCO FAST BREAK,US-61/US-24,Palmyra,MO,3.119,39.791300,-91.536800
66034,FAS MART #5134,"I-72, EXIT 144 S",Decatur,IL,3.459,39.848450,-88.964533
66034,FAS MART #5134,"I-72, EXIT 144 S",Decatur,IL,3.499,39.848450,-88.964533
66035,ROAD RANGER #136,"I-90, EXIT 147",Cottage Grove,WI,3.544,43.078400,-89.201700
66036,FLYING J TRAVEL PLAZA #602,"I-65, EXIT 264",Birmingham,AL,3.559,33.516468,-86.843787
66037,TA PRESCOTT TRAVEL CENTER,"I-30, EXIT 44",Prescott,AR,3.50233333,33.804000,-93.372500
66038,FLYING J TRAVEL PLAZA #1043,"I-15, EXIT 113",Idaho Falls,ID,3.799,43.484743,-112.004357
66038,FLYING J #1043,"I-15, EXIT 113",Idaho Falls,ID,3.699,43.484743,-112.004357
66039,LOVES TRAVEL STOP #237,"I-20, EXIT 171 & US-65",Tallulah,LA,3.259,32.420550,-91.125650
66040,LOVES TRAVEL STOP #272,"I-40 & DW (RANCH RD), EXIT 59",Kingman,AZ,3.85566666,35.219767,-113.929767
66041,PILOT TRAVEL CENTERS #195,"I-84, EXIT 104 & US-97",Wasco,OR,3.86566666,45.597400,-120.730400
66042,FLYING J TRAVEL PLAZA #707,"I-80, EXIT 78",Brookville,PA,4.034,41.162700,-79.081600
66043,LOVES TRAVEL STOP #216,US-67 & US-287,Midlothian,TX,3.231,32.475700,-96.993600
66043,LOVES TRAVEL STOPS #216,US-67 & US-287,Midlothian,TX,3.199,32.475700,-96.993600
66044,TA TAMPA TRAVEL CENTER,"I-4, EXIT 10",Seffner,FL,3.39566666,27.932100,-82.362550
66045,FLYING J TRAVEL PLAZA #698,"I-71, EXIT 69",Jeffersonville,OH,3.399,39.659000,-83.568700
66046,PETRO STOPPING CENTER #345,I-69 EXIT357,Fremont,IN,3.899,41.733100,-84.945200
66050,PILOT TRAVEL CENTERS #130,"I-77, EXIT 145",Richfield,OH,3.799,41.237100,-81.646700
66051,Caseys #4419,I-165 EXIT 5,Bowling Green,KY,3.02566666,36.960875,-86.420050
66054,LOVES TRAVEL STOP #220,"I-25/US-87, EXIT 7 & SR-212",Cheyenne,WY,3.709,41.151850,-104.793900
66055,WINDMILL BP,"US-20, EXIT 208 & SR-14",Holland,IA,3.599,42.401100,-92.799900
66056,PILOT TRAVEL CENTERS #114,"I-40, EXIT 320",Crossville,TN,3.24566666,35.971980,-85.016060
66057,ROAD RANGER #205,"I-90, EXIT 1",South Beloit,IL,3.469,42.483700,-89.029800
66059,TIME OUT TRAVEL CENTER,"I-40, EXIT 432-B",Newport,TN,2.96566666,35.960700,-83.195200
66061,FLYING J TRAVEL PLAZA #709,"I-80, EXIT 173",Mill Hall,PA,4.01566666,41.086700,-77.483600
66062,FLYING J TRAVEL PLAZA #716,"I-29, EXIT 83",Sioux Falls,SD,3.899,43.589987,-96.750673
66065,LOVES TRAVEL STOP #321,"SR 770 & I-75 , EXIT 29",Corbin,KY,3.599,36.935900,-84.102600
66068,HOLIDAY STATIONSTORE #2746262,I-175 EXIT 394,Sault Sainte Marie,MI,3.799,46.415100,-84.285400
66069,128 NEWTON GAS,"I-95, EXIT 20A/SR-128 & SR-9",Newton Lower Falls,MA,4.299,42.329900,-71.256200
66070,TAURO,"SR-78, EXIT 3",Phillipsburg,NJ,3.34233333,40.707900,-75.150700
66072,GENES GO TRUCK STOP,"I-10/US-83, EXIT 456 & US-377",Junction,TX,3.289,30.475400,-99.747300
66073,EXXON,"I-24 & HUSBAND ROAD, EXIT 11",Paducah,KY,3.15733333,37.061900,-88.656367
66074,HEARTLAND XPRESS,US-67 & SR-M,Poplar Bluff,MO,3.199,36.739350,-90.411800
66075,CORNER MART #349,"I-26, EXIT 54 & SR-72",Clinton,SC,3.099,34.470700,-81.877200
66078,Amoco,I-40 EXIT 447,Hartford,TN,3.099,35.825600,-83.099600
66083,KANGAROO CROSSING,SR-35,Kosciusko,MS,3.199,33.044600,-89.572400
66090,ROAD RANGER #267,US-281,Pharr,TX,3.564,26.177100,-98.187000
66091,KEYSVILLE SAV U TIME,US-360,Keysville,VA,3.399,37.041100,-78.469900
66093,KWIK TRIP #414,"I-90, EXIT 209A & US-63/SR-30",Stewartville,MN,3.55733333,43.855500,-92.488500
66099,NEW JERSEY TRUCK STOP DIESEL ONLY,"I-95, EXIT 15E & US-9/US-1",Kearny,NJ,3.759,40.748750,-74.111300
66100,CIRCLE K #2723692,"I-26, EXIT 213",North Charleston,SC,3.399,32.877740,-80.017860
66103,TERRIBLE HERBST #243,I-95 & SR-164,Searchlight,NV,3.83233333,35.513200,-114.886600
66106,FLYING J TRAVEL PLAZA #509,"I-15, EXIT 112",Beaver,UT,3.689,38.280700,-112.629900
66109,QUARTERS TRAVEL PLAZA,"I-49, EXIT 23 & US-167 /SR-744",Opelousas,LA,3.184,30.523950,-92.085600
66110,LOVES TRAVEL STOP #479,"I-29, EXIT143",Sioux City,IA,3.64233333,42.482356,-96.388878
66111,CROSSROADS EXPRESS,US-36 & US-83,Oberlin,KS,3.089,39.827500,-100.531400
66113,7-ELEVEN #39467,"I-95, EXIT 16E",Jersey City,NJ,3.259,40.728808,-74.068792
66114,LOVES TRAVEL STOP #235,"I-29 & US-169, EXIT 44",Saint Joseph,MO,3.33233333,39.749525,-94.836650
66115,FLYING J TRAVEL PLAZA #697,"I-80, EXIT 234B",Hubbard,OH,3.459,41.162400,-80.576200
66116,ONVO TRAVEL PLAZA - HARFORD,"I-81, EXIT 217 & SR-547",Harford,PA,3.589,41.776100,-75.693500
66117,ONVO TRAVEL PLAZA PINE GROVE,"I-81, EXIT 32",Pine Grove,PA,3.539,40.567100,-76.326900
66119,FLYING J TRAVEL PLAZA #645,"I-270 & SR-11, EXIT 6",Granite City,IL,3.699,38.726100,-90.110600
66119,FLYING J TRAVEL PLAZA #645,"I-270 & SR-11, EXIT 6",Granite City,IL,3.659,38.726100,-90.110600
66119,FLYING J TRAVEL PLAZA #645,"I-270 & SR-11, EXIT 6",Granite City,IL,3.559,38.726100,-90.110600
66119,FLYING J TRAVEL PLAZA #645,"I-270 & SR-11, EXIT 6",Granite City,IL,3.579,38.726100,-90.110600
66119,FLYING J TRAVEL PLAZA #645,"I-270 & SR-11, EXIT 6",Granite City,IL,3.599,38.726100,-90.110600
66120,LOVES TRAVEL STOP #306,"I-40/SR-66, EXIT 412",Dandridge,TN,3.689,36.000800,-83.423300
66121,ROAD RANGER #226,"I-65, EXIT 99",Greenwood,IN,3.60066666,39.609200,-86.139950
66122,ROAD RANGER #139,"I-57, EXIT 212",Tuscola,IL,3.229,39.799500,-88.281600
66123,ROAD RANGER #225,"I-80, EXIT 56",Princeton,IL,3.289,41.362900,-89.427000
66123,ROAD RANGER #225,"I-80, EXIT 56",Princeton,IL,3.389,41.362900,-89.427000
66123,ROAD RANGER #225,"I-80, EXIT 56",Princeton,IL,3.449,41.362900,-89.427000
66125,LOVES TRAVEL STOP #249,"I-55, EXIT 109",Williamsville,IL,3.489,39.954200,-89.548700
66125,LOVES TRAVEL STOP #249,"I-55, EXIT 109",Williamsville,IL,3.389,39.954200,-89.548700
66125,LOVES TRAVEL STOP #249,"I-55, EXIT 109",Williamsville,IL,3.399,39.954200,-89.548700
66126,LOVES TRAVEL STOP #209,"I-20, EXIT 3 & US-80 & SR-169",Greenwood,LA,3.134,32.442900,-93.973000
66131,SPEEDWAY #3446,"I-95, EXIT 10 & SR-440",Edison,NJ,3.58566666,40.515580,-74.386300
66133,LOVES TRAVEL STOPS #228,"I-4, EXIT 44",Polk City,FL,3.389,28.198700,-81.808300
66133,LOVES TRAVEL STOP #228,"I-4, EXIT 44",Polk City,FL,3.461,28.198700,-81.808300
66134,CIRCLE K #2721591,"I-10, EXIT 10 & US-29/SR-95",Pensacola,FL,3.22233333,30.435191,-87.251639
66135,CIRCLE K #2721592,"I-10, EXIT 5 & US-90 ALT",Pensacola,FL,3.22233333,30.435191,-87.251639
66136,CHOCTAW TRAVEL PLAZA #638,US-270 & US-59 & US-112,Poteau,OK,3.299,35.060600,-94.609600
66137,CIRCLE K #2721594,"I-10, EXIT 263",Slidell,LA,3.17066666,30.308660,-89.795120
66138,LOVES TRAVEL STOP #307,"I-75, EXIT 201",Jackson,GA,3.38566666,33.282000,-83.978400
66139,LOVES TRAVEL STOPS #305,"I-81, EXIT 291 & SR-651",Toms Brook,VA,3.649,38.947600,-78.433100
66139,LOVES TRAVEL STOP #305,"I-81, EXIT 291 & SR-651",Toms Brook,VA,3.649,38.947600,-78.433100
66141,QUICK FUEL #5102,"SR-826, EXIT NW 58TH ST",Miami,FL,3.389,25.768995,-80.258580
66142,QUICK FUEL #5106,SR-589 & SR-580,Tampa,FL,3.49233333,27.942862,-82.462038
66149,QUICK FUEL #5105,"I-75, EXIT W BRANDON BLVD",Tampa,FL,3.50066666,27.942862,-82.462038
66152,Flying J Travel Plaza #656,"I-65, EXIT 95 & CR-500",Whiteland,IN,3.959,39.561100,-86.072300
66155,7-ELEVEN #36575,"I-35, EXIT 248",Pflugerville,TX,2.899,30.440750,-97.624950
66156,7-ELEVEN #36567,SR-6 & SR-21,Bryan,TX,3.144,30.685714,-96.367071
66172,Timewise Food Store #163,"I-35, EXIT 8",Laredo,TX,2.93566666,27.518557,-99.461743
66173,TIMEWISE FOOD STORE #160,"I-10, EXIT 661",Flatonia,TX,3.199,29.709500,-97.098700
66174,TIMEWISE FOOD STORE #162,"I-10, EXIT 456",Junction,TX,3.099,30.475400,-99.747300
66176,PILOT #6996,"I-40, EXIT 364",Warsaw,NC,3.47233333,35.018000,-78.031000
66177,PILOT #6978,"I-74/I-73/US-220, EXIT 44 & SR-211",Candor,NC,3.999,35.223400,-79.787600
66178,LOVES TRAVEL STOP #284,I-69C/US-281 & FM-2812,Edinburg,TX,3.11066666,26.373775,-98.175050
66179,LOVES TRAVEL STOP #246,I-80 EXIT 46,Fernley,NV,3.91566666,39.601900,-119.235000
66182,CIRCLE K #2706708,"I-185, EXIT 10",Midland,GA,3.339,32.561600,-84.855900
66183,CHEVRON CURB STORE,SR-35 & SR-21,Forest,MS,3.569,32.347000,-89.467200
66184,HENRIETTA TRUCK STOP,"I-390, EXIT 12 & I-90, EXIT 46",Henrietta,NY,3.899,43.048300,-77.612200
66185,TIGERMART OF BUFFALO,"I-45, EXIT 178 & US-79",Buffalo,TX,3.599,31.412100,-95.990400
66186,STRIPES #40813,US-281 & SR-285,Falfurrias,TX,3.08733333,27.224200,-98.140800
66195,MOBIL,"I-495, EXIT 26 & SR-62",Berlin,MA,3.699,42.384400,-71.635600
66196,EXXON TIGER MART,"I-35, EXIT 386",Italy,TX,3.12233333,32.178500,-96.882300
66198,CIRCLE K #2703117,"I-20, EXIT 11",Graniteville,SC,3.159,33.563000,-81.814700
66221,ROAD RANGER #236,"I-43, EXIT 38",East Troy,WI,3.08233333,42.803500,-88.409200
66223,7-ELEVEN #36548,SR-83,Laredo,TX,2.999,27.518557,-99.461743
66224,ROAD RANGER #235,"I-90, EXIT 36",Hampshire,IL,3.369,42.080700,-88.517000
66225,ROAD RANGER #140,"I-39, EXIT 72",Mendota,IL,3.439,41.544300,-89.108300
66225,ROAD RANGER #140,"I-39, EXIT 72",Mendota,IL,3.299,41.544300,-89.108300
66225,ROAD RANGER #140,"I-39, EXIT 72",Mendota,IL,3.269,41.544300,-89.108300
66225,ROAD RANGER #140,"I-39, EXIT 72",Mendota,IL,3.339,41.544300,-89.108300
66227,Pilot Travel Centers #482,"I-57, EXIT 95",Mount Vernon,IL,3.399,38.317000,-88.910500
66227,Pilot Travel Center #482,"I-57, EXIT 95",Mount Vernon,IL,3.599,38.317000,-88.910500
66227,Pilot Travel Center #482,"I-57, EXIT 95",Mount Vernon,IL,3.459,38.317000,-88.910500
66227,Pilot Travel Center #482,"I-57, EXIT 95",Mount Vernon,IL,3.359,38.317000,-88.910500
66229,LOVES TRAVEL STOP #308,"I-40, EXIT 86 & SR-226",Marion,NC,3.739,35.681900,-82.018000
66230,PETRO COLBY TRUCKSTOP,"I-70, EXIT 53 & SR-25",Colby,KS,3.599,39.383000,-101.044200
66235,LOVES TRAVEL STOP #291,"I-75, EXIT 95 & SR-627",Richmond,KY,3.599,37.751250,-84.295100
66236,LOVES TRAVEL STOP #309,"I-80, EXIT 332 & SR-14",Aurora,NE,3.289,40.852800,-98.020100
66237,ROUTE 66 TRAVEL CENTER,"I-40, EXIT 140",Albuquerque,NM,3.359,35.077348,-106.644838
66238,BETTY BEAVERS TRUCKSTOP,"I- 90, EXIT 29",Canajoharie,NY,3.599,42.867100,-74.595600
66239,Hola,US-27/SR-80/SR-25,South Bay,FL,3.419,26.670100,-80.731200
66241,PUMP & PANTRY #29,US-30,Central City,NE,3.33733333,41.121300,-98.001700
66242,PUMP & PANTRY #23,"US-34, EXIT 4TH AVE",Holdrege,NE,3.449,40.447500,-99.367200
66243,CIRCLE K #4707000,SR-9,Baileyville,ME,3.899,45.103500,-67.472200
66244,STRIPES #40809,"I-37, EXIT 56",George West,TX,3.044,28.320400,-98.116200
66247,GULF OIL #5045,I-90 EXIT 83,Charlton,MA,3.909,42.137900,-71.966400
66248,CIRCLE K #4707046,"I-95, EXIT 6",Scarborough,ME,3.909,43.580250,-70.309650
66249,CIRCLE K #4707206,SR-125,Epping,NH,3.76733333,43.041100,-71.076400
66250,SPEEDWAY #6973,US-1,Wake Forest,NC,2.949,35.977300,-78.495000
66252,CIRCLE K #4707023,US-1A,Holden,ME,3.73233333,44.720800,-68.616500
66255,CIRCLE K #4707217,US-2 & SR-16,Gorham,NH,3.75066666,44.404800,-71.154800
66257,LOVES TRAVEL STOP #310,"I-80/US-30, EXIT 173",Wamsutter,WY,3.723,41.658300,-108.151700
66257,LOVES TRAVEL STOPS #310,"I-80/US-30, EXIT 173",Wamsutter,WY,3.759,41.658300,-108.151700
66258,CIRCLE K #4707208,"I-93, EXIT 23",New Hampton,NH,3.659,43.618400,-71.643500
66259,CEFCO #48,"I-35, EXIT 304",Temple,TX,2.96566666,31.068500,-97.380240
66261,CIRCLE K #2723123,"I-95, EXIT 71",Dunn,NC,3.14233333,35.311400,-78.612000
66263,One9 SPEEDWAY #6753,"I-78, EXIT 1",Fleetwood,PA,3.83233333,40.447300,-75.818500
66266,7-ELEVEN #40508,"I-80, EXIT 90",Elkhart,IN,3.999,41.678825,-85.971125
66267,TA DEMOTTE TRAVEL CENTER,"I-65, EXIT 230",Demotte,IN,3.44733333,41.171300,-87.249100
66272,MOOSETRACKS #752,"I-85, EXIT 113",High Point,NC,3.114,35.999729,-79.997800
66273,PETRO STOPPING CENTER,"I-59, EXIT 181 & US-77",Gadsden,AL,3.999,33.983600,-85.978417
66274,FLYING J TRAVEL PLAZA #692,"I-80, EXIT 352 & US-93",Wells,NV,3.709,41.111600,-114.964500
66278,PILOT TRAVEL CENTERS #394,"I-84, EXIT 6",Newburgh,NY,4.359,41.511850,-74.020950
66284,JOLLEY #150,"I-89, EXIT 19",Saint Albans,VT,3.539,44.811000,-73.086100
66285,QUIKTRIP #787,"I-675, EXIT 5",Ellenwood,GA,3.109,33.616600,-84.293900
66286,CASEYS #4205,"I-40/75, EXIT 374",Knoxville,TN,3.099,35.971652,-83.964548
66290,ABBYLAND TRUCK STOP,"SR-29, EXIT 127",Curtiss,WI,3.46233333,44.960200,-90.459200
66292,LOVES TRAVEL STOP #311,"I-20, EXIT 9",Waco,GA,3.39066666,33.684000,-85.219700
66293,One9 #254,"I-24, EXIT 169",Wildwood,GA,3.099,34.977900,-85.430500
66294,FLYING J TRAVEL PLAZA #667,"I-69, EXIT 81SB / I-96, EXIT 9",Grand Ledge,MI,3.959,42.752900,-84.737300
66295,LOVES TRAVEL STOP #432,"I-94/I-41,  EXIT 322 & SR-100",Oak Creek,WI,3.867,42.889200,-87.902700
66295,LOVES TRAVEL STOPS #432,"I-94/I-41,  EXIT 322 & SR-100",Oak Creek,WI,3.879,42.889200,-87.902700
66299,XTRA MART #10093,SR-146,Millbury,MA,3.649,42.196800,-71.764400
66300,PILOT TRAVEL CENTERS #149,"I-40, EXIT 42 & SR-222",Stanton,TN,3.509,35.448200,-89.332600
66301,KWIK TRIP #743,US-10 & SR-114,Menasha,WI,3.50733333,44.211200,-88.417500
66303,KWIK TRIP #787,US-51 & CR-JJ,Schofield,WI,3.41566666,44.906400,-89.581800
66307,CM ST HELENA,SR-16,Amite,LA,3.399,30.726600,-90.509000
66310,FLYING J #620,"I-70, EXIT 49",Smithton,PA,4.109,40.155300,-79.738100
66313,LOVES TRAVEL STOP #313,"I-55, EXIT 58  & SR-80",Matthews,MO,3.27733333,36.715400,-89.628700
66314,PS FOOD MART #1042,"US-23, EXIT 17",Dundee,MI,3.429,41.951400,-83.652200
66314,PS FOOD MART #1042,"US-23, EXIT 17",Dundee,MI,3.499,41.951400,-83.652200
66314,PS FOOD MART #1042,"US-23, EXIT 17",Dundee,MI,3.459,41.951400,-83.652200
66314,PS FOOD MART #1042,"US-23, EXIT 17",Dundee,MI,3.599,41.951400,-83.652200
66315,SPEEDWAY #6748,"I-94, EXIT 34 & US-421",Michigan City,IN,3.68233333,41.700750,-86.892500
66316,CASEYS #4204,SR-168,Knoxville,TN,3.259,35.971652,-83.964548
66317,LOVES TRAVEL STOP #314,I-24 EXIT 89,Christiana,TN,3.46233333,35.696000,-86.368000
66318,ROAD RANGER #242,"I-44, EXIT 163",Saint Robert,MO,3.264,37.828300,-92.131000
66319,ROAD RANGER #211,I-90 & RIVERSIDE BLVD,Loves Park,IL,3.469,42.326425,-89.136250
66320,SPEEDWAY #8772,"I-69, EXIT 168 & SR-53",Imlay City,MI,3.779,43.042500,-83.070800
66322,LOVES TRAVEL STOP #318,"I-57, EXIT 83 & CR-42",Ina,IL,3.489,38.152700,-88.889400
66322,LOVES TRAVEL STOP #318,"I-57, EXIT 83 & CR-42",Ina,IL,3.589,38.152700,-88.889400
66322,LOVES TRAVEL STOP #318,"I-57, EXIT 83 & CR-42",Ina,IL,3.389,38.152700,-88.889400
66323,PILOT TRAVEL CENTERS #905- TOWN PUMP,"I-90, EXIT 109",Milltown,MT,3.609,46.873700,-113.878300
66328,LOVES TRAVEL STOP #320,"I-16/SR-404, EXIT 49 & SR-257",Dublin,GA,3.33233333,32.499700,-82.926550
66329,CIRCLE K #2723438,"I-85, EXIT 96",Gaffney,SC,3.199,35.052567,-81.669033
66332,PWI #172,"I-45, EXIT 258",Palmer,TX,2.77566666,32.438700,-96.679400
66334,Hucks Travel Center #052,"I-24/I-69, EXIT 40 & US-641/US-62/SR-93",Kuttawa,KY,3.699,37.061900,-88.149800
66337,ZIP TRIP #60,"I-25, EXIT 299 & US-16/SR-196",Buffalo,WY,3.58066666,44.348500,-106.707300
66338,SHELL,"I-30, EXIT 160 & US-271/SR-49 & US-67",Mount Pleasant,TX,3.899,33.165050,-94.968900
66339,PILOT DEALER #873,US-27,Miami,FL,3.699,25.768995,-80.258580
66339,PILOT TRAVEL CENTERS #873,US-27,Miami,FL,3.699,25.768995,-80.258580
66341,7-ELEVEN #218,"I-44, EXIT 4",Harrold,TX,2.68733333,34.080600,-99.032300
66342,ONE9 #398,"I-75, EXIT 109",Vienna,GA,3.109,32.091300,-83.792200
66346,PILOT TRAVEL CENTERS #247,"I-74, EXIT 39 & SR-32",Crawfordsville,IN,3.899,40.032500,-86.907400
66346,PILOT TRAVEL CENTER #247,"I-74, EXIT 39 & SR-32",Crawfordsville,IN,3.899,40.032500,-86.907400
66348,PIT STOP,I-40 EXIT 221,Wheatley,AR,2.999,34.920700,-91.108600
66349,CIRCLE K #2741796,"I-40, EXIT 5",Little Rock,AR,3.36566666,34.759432,-92.344736
66352,KWIK TRIP #871,"US-41, EXIT 124 & SR-76",Oshkosh,WI,3.29066666,44.036840,-88.593280
66353,MOTOMART #3361,"I-55, EXIT 129",Perryville,MO,2.989,37.717400,-89.873700
66355,CIRCLE K #2723439,"I-26, EXIT 5",Campobello,SC,3.13233333,35.108000,-82.140300
66357,LOVES TRAVEL STOP #351,"I-80 & E 8TH RD, EXIT 81",Utica,IL,3.289,41.363000,-89.000800
66357,LOVES TRAVEL STOP #351,"I-80 & E 8TH RD, EXIT 81",Utica,IL,3.449,41.363000,-89.000800
66357,LOVES TRAVEL STOP #351,"I-80 & E 8TH RD, EXIT 81",Utica,IL,3.589,41.363000,-89.000800
66357,LOVES TRAVEL STOP #351,"I-80 & E 8TH RD, EXIT 81",Utica,IL,3.389,41.363000,-89.000800
66361,SHADY NOOK,US-61/US-49,Lyon,MS,3.999,34.247400,-90.498100
66362,TA FLORENCE TRAVEL CENTER,"I-95, EXIT 164 & US-52",Florence,SC,3.32566666,34.137967,-79.706250
66363,LOVES TRAVEL STOP #178,"US-35/KS TPKE, MM 26",Belle Plaine,KS,3.329,37.405200,-97.285200
66364,SHELL,"I-4, EXIT 64",Plant City,FL,3.44733333,28.008780,-82.132320
66365,LIBERTY,US-202,Ringoes,NJ,3.399,40.445900,-74.828800
66368,PETRO STOPPING CENTER #371,"I-90, EXIT 41",Waterloo,NY,4.19566666,42.904500,-76.875500
66369,LOVES TRAVEL STOP #319,"I-74, EXIT 61",Pittsboro,IN,3.889,39.861500,-86.464500
66370,SPEEDWAY #6979,US-301,Wilson,NC,3.129,35.733550,-77.931675
66371,RAPIDES STATION TRUCK STOP,"I-49, EXIT 94",Boyce,LA,3.099,31.321600,-92.686700
66372,CEFCO #54,"I-35, EXIT 292",Belton,TX,2.95233333,31.072300,-97.472000
66374,BROOKSHIRE BROS #6111,US-259,Nacogdoches,TX,3.369,31.651680,-94.616300
66376,SUBS AND GRUBS,"I-63, EXIT 39",Jonesboro,AR,3.389,35.806140,-90.717060
66377,QUIKTRIP #873,"I-35W, EXIT 42",Fort Worth,TX,2.97566666,32.760220,-97.314932
66382,STATELINE CONOCO,"I-35, EXIT 114",Eagleville,MO,3.549,40.491200,-93.995100
66383,TENAHA EXPRESS MART,US-96 & US-84,Tenaha,TX,3.299,31.940800,-94.248800
66385,TA EXPRESS MINDEN,"I-20, EXIT 52",Minden,LA,3.114,32.623850,-93.287700
66386,SPEEDWAY #4631,US-220,Bassett,VA,3.41566666,36.753400,-80.005500
66388,Gas n Go,"I-75, EXIT 117 AT MILE 117",Pinehurst,GA,3.099,32.196700,-83.720900
66392,MISSILE MART #10,"I-40, EXIT 161",El Dorado,AR,3.499,33.207450,-92.664600
66393,VILLAGE PANTRY #5210,"I-74, EXIT 206",Oakwood,IL,3.199,40.116700,-87.782500
66393,VILLAGE PANTRY #5210,"I-74, EXIT 206",Oakwood,IL,3.299,40.116700,-87.782500
66393,VILLAGE PANTRY #5210,"I-74, EXIT 206",Oakwood,IL,3.179,40.116700,-87.782500
66396,CIRCLE K #2723988,"I-55, EXIT 61 & SR-38",Kentwood,LA,3.299,30.889200,-90.472800
66399,CIRCLE K #2723672,"I-59/I-20, EXIT 128",Birmingham,AL,3.699,33.516468,-86.843787
66400,PWI #640,"I-10/US-95, EXIT 5",Ehrenberg,AZ,3.359,33.617700,-114.507700
66404,QUICK FUEL #5302,"I-635, EXIT 14",Garland,TX,3.08733333,32.908978,-96.639167
66405,FLYING J FUEL STOP #668,"I-75, EXIT 151",Saginaw,MI,3.289,43.417491,-83.997509
66405,FLYING J FUEL STOP #668,"I-75, EXIT 151",Saginaw,MI,3.399,43.417491,-83.997509
66405,FLYING J FUEL STOP #668,"I-75, EXIT 151",Saginaw,MI,3.599,43.417491,-83.997509
66405,FLYING J FUEL STOP #668,"I-75, EXIT 151",Saginaw,MI,3.489,43.417491,-83.997509
66406,LOVES TRAVEL STOP #317,"I-95, EXIT 4 & SR-629",Skippers,VA,3.801,36.595800,-77.592100
66406,LOVES TRAVEL STOPS #317,"I-95, EXIT 4 & SR-629",Skippers,VA,3.789,36.595800,-77.592100
66407,CIRCLE K #2723668,SR-35,Fort Payne,AL,3.649,34.463300,-85.739050
66410,SIBLEY FOOD FUEL,US-72/SR-20 & CR-150,Courtland,AL,3.399,34.671900,-87.314300
66416,DUCK THRU FOOD STORE #18,US-13,Winton,NC,3.56233333,36.382600,-76.936000
66420,PILOT TRAVEL CENTER #911,I-90 EXIT 47,Superior,MT,3.559,47.172100,-114.888500
66422,PLAQUEMINE TRUCK STOP,ST 1,Plaquemine,LA,3.999,30.278750,-91.243350
66424,CIRCLE K #2741652,"I-10, EXIT 139",Phoenix,AZ,3.369,33.491612,-112.079255
66425,CLARK OIL #31,"I-10, EXIT 44",Biloxi,MS,2.849,30.422717,-88.950083
66428,SHELL,US-167,Hensley,AR,3.589,34.520800,-92.275800
66437,PILOT #4596,"I-81, EXIT 4",White Pine,TN,3.699,36.077600,-83.299800
66439,JACK FLASH,I-55,Farmersville,IL,3.259,39.440100,-89.617000
66439,JACK FLASH,I-55,Farmersville,IL,3.199,39.440100,-89.617000
66440,BP CONNECT #4701,I-55,Chicago,IL,3.569,41.854213,-87.676050
66447,CIRCLE K #4701207,"U-55, EXIT 220",Dwight,IL,3.349,41.088700,-88.415900
66448,HAMMOND TRAVEL CENTER,"I-55, EXIT 31B & US-190/SR-3260",Hammond,LA,3.099,30.507200,-90.475225
66449,CITGO,"I-55, EXIT 67",Blytheville,AR,3.389,35.927300,-89.919000
66451,EZ MART #304,M-57,Middleton,MI,3.699,43.168900,-84.755200
66454,Fast Stop Shell,I-10,Reserve,LA,3.799,30.060300,-90.551800
66456,TEXACO #383124,SR-70,Saint James,LA,2.969,30.027600,-90.860500
66460,CASH MAGIC BROUSSARD NORTH,"I-49, EXIT 103",Broussard,LA,3.399,30.121900,-91.950200
66461,YESWAY #1167,US-62 & CR-41/CR-168,Ropesville,TX,3.04066666,33.457500,-102.158400
66465,Knapp Truck Stop,"I-64, EXIT 50 & SR-127",Nashville,IL,3.299,38.335200,-89.384100
66470,CIRCLE K #9068,"I-65, EXIT 181",Millbrook,AL,3.21566666,32.499500,-86.364100
66472,DIAMOND #21,"I-65, EXIT 54",Atmore,AL,3.259,31.032267,-87.492800
66474,FAMCO EXPRESS,"I-690, EXIT 8",Syracuse,NY,3.299,43.048096,-76.159179
66475,SPEEDWAY #4346,SR-7,Calexico,CA,4.799,32.681050,-115.500850
66478,LOVES TRAVEL STOP #175,"I-70, EXIT 187",Tecumseh,KS,3.289,39.021700,-95.537900
66480,LOVES TRAVEL STOP #360,"I-65, EXIT 58 & SR-218 & SR-335",Horse Cave,KY,3.429,37.184900,-85.878500
66487,COMPASS,"I-55, EXIT 282",La Grange,IL,3.549,41.784200,-87.868900
66487,COMPASS,"I-55, EXIT 282",La Grange,IL,3.749,41.784200,-87.868900
66488,HUCKS FOOD & FUEL #54,I-74,Farmer City,IL,3.339,40.244700,-88.663400
66488,HUCKS FOOD & FUEL #54,I-74,Farmer City,IL,3.269,40.244700,-88.663400
66495,SUPER SAVER EXPRESS,"I-10, EXIT 21",Sulphur,LA,2.999,30.228033,-93.378033
66496,EXXON FUEL EXPRESS,"I-10/SR-8, EXIT 31 & SR-87",Milton,FL,3.999,30.641375,-87.085675
66502,SHOP RITE #82,"I-10, EXIT 64",Jennings,LA,3.589,30.220100,-92.657400
66504,COUNTRY BOYS COUNTRY STORE,"I-10, EXIT 813",Hankamer,TX,2.86566666,29.875200,-94.593800
66507,ST IGNACE TRUCKSTOP,I-75,Saint Ignace,MI,3.799,45.998500,-84.697800
66508,SAMS SUNOCO,I-75,Toledo,OH,3.399,41.675647,-83.530619
66509,FOUR STAR FOOD MART,"I-75, EXIT 122",Lima,OH,3.144,40.747333,-84.122250
66512,MARATHON #1554,"I-75, EXIT 21",Newport,MI,3.299,41.976600,-83.280400
66512,MARATHON #1554,"I-75, EXIT 21",Newport,MI,3.399,41.976600,-83.280400
66513,SUNRISE STORE,"I-75, EXIT 212",West Branch,MI,3.399,44.279000,-84.228600
66513,SUNRISE STORE,"I-75, EXIT 212",West Branch,MI,3.199,44.279000,-84.228600
66514,BIGFOOT TRAVEL CENTER,"I-75, EXIT 29",Hahira,GA,3.099,30.991300,-83.372700
66516,ADEL TRUCK PLAZA,"I-75, EXIT 39",Adel,GA,2.999,31.125100,-83.421300
66517,ADMIRAL PETROLEUM #5796,"I-75, EXIT 392",Sault Sainte Marie,MI,3.799,46.415100,-84.285400
66518,Racetrac #2622,"I-75, EXIT 60",Valdosta,GA,3.03233333,30.842343,-83.269800
66523,LOVES TRAVEL STOP #325,"I-75, EXIT 59 & SOUTHWELL BLVD",Tifton,GA,3.609,31.462900,-83.543600
66525,BP,"I-76, EXIT 6",Luna Pier,MI,3.399,41.814600,-83.438200
66525,BP,"I-76, EXIT 6",Luna Pier,MI,3.499,41.814600,-83.438200
66527,TA EXPRESS #648,"I-76, EXIT 90A",Brush,CO,4.099,40.260300,-103.627900
66528,GO MART FOOD STORE #99,US-50 & SR-14,Parkersburg,WV,3.489,39.243560,-81.513060
66529,7-ELEVEN #36076,"I-77, EXIT 73 & US-421",Hamptonville,NC,2.899,36.124200,-80.813700
66531,MIDWAY EXXON TRAVEL CENTER,"I-78, EXIT 16",Bethel,PA,3.359,40.480800,-76.274200
66532,PETRO PLAZA,"I-78, EXIT 17",Hampton,NJ,3.26566666,40.677400,-74.962200
66534,LOVES TRAVEL STOP #347,"I-70, EXIT 101 & SR-5",Boonville,MO,3.509,38.953600,-92.745000
66537,BECKS EXPRESS MART #26,"I-80, EXIT 19",Geneseo,IL,3.269,41.468800,-90.171100
66538,KUM & GO #0023,"I-80, EXIT 23",Neola,IA,3.15733333,41.456400,-95.679400
66539,SOUTH RIDGE FARM MARKET,"I-80, EXIT 6",Clyde,OH,3.399,41.302400,-82.991800
66547,OLD STONE JIFFY MART,"I-81, EXIT 321",Clear Brook,VA,3.599,39.265500,-78.098800
66548,YESWAY #1156,US-84 & SR-289,Lubbock,TX,2.95066666,33.574273,-101.871115
66550,CIRCLE K #2709663,"I-82, EXIT 730",Umatilla,OR,3.639,45.899800,-119.355300
66552,GEM STOP,I-84,Marsing,ID,3.58566666,43.539900,-116.824000
66553,JACKSONS FOOD STORE #83,"I-84, EXIT 304",Baker City,OR,3.599,44.774900,-117.834400
66556,PILOT TRAVEL CENTER #899- SLIP IN,I-85,South Hill,VA,3.959,36.712400,-78.153400
66560,Sunoco,"I-85, EXIT 11",Townville,SC,3.199,34.522600,-82.896300
66562,TA EXPRESS FAIR PLAY,"I-85, EXIT 4",Fair Play,SC,3.209,34.511200,-82.985400
66564,SPEEDWAY #6954,US-70,High Point,NC,3.049,35.999729,-79.997800
66565,KWIK FILL #395,"I-86, EXIT 12",Jamestown,NY,4.499,42.094900,-79.239650
66565,KWIK FILL #395,"I-86, EXIT 12",Jamestown,NY,4.469,42.094900,-79.239650
66571,LEXINGTON GULF,"I-128, NORTH MASS PIKE",Lexington,MA,4.299,42.449450,-71.221600
66573,Brake Time Corner Market,"I-135, EXIT 14",Wichita,KS,3.299,37.694591,-97.341863
66579,GULF OIL LP #5010,"I-90, EXIT 2",Lee,MA,3.914,42.299000,-73.231700
66582,PWI #807,"I-15, EXIT 163 & SR-99",Fillmore,UT,3.374,38.980500,-112.331300
66584,MOAPA PAIUTE TRAVEL CENTER,"I-15, EXIT 75",Moapa,NV,3.33233333,36.675350,-114.658500
66586,CIRCLE K #4707609,US-20 & SR-12,Sangerfield,NY,4.099,42.916200,-75.354500
66588,CUBBYS #402,"I-90, EXIT 330",Mitchell,SD,3.149,43.709400,-98.029800
66594,FRIENDLY GUS STORE #23,I-16/SR-19,Dublin,GA,3.399,32.499700,-82.926550
66595,GULF OIL LP #5040,"I-90, EXIT 9",Charlton,MA,3.909,42.137900,-71.966400
66597,BP,"I-16, EXIT 90 & US-1",Twin City,GA,3.78233333,32.612900,-82.197900
66598,WOODSHED LL,I-166 & I-169,S Coffeyville,OK,3.099,36.983700,-95.606500
66601,LOVES TRAVEL STOP #323,"I-69, EXIT 264 & SR-18",Marion,IN,3.57566666,40.555100,-85.667850
66603,COFFEE CUP FUEL STOP #7,"I-90, EXIT 406 & SR-11",Brandon,SD,2.97733333,43.592600,-96.586000
66604,GALLOPS,"I-90, I-80, EXIT 40",La Porte,IN,3.549,41.549200,-86.708800
66606,BART INDUSTRIES,"I-91, EXIT 6",Bellows Falls,VT,3.709,43.148200,-72.466400
66607,7-ELEVEN #37392,"I-93, EXIT 5",Londonderry,NH,3.799,42.865600,-71.377200
66608,CASEYS #2650,I-94/US-52 EXIT 135 & CR-173,Melrose,MN,3.179,45.658200,-94.819800
66612,STOP N GO #1709,"I-94, EXIT 105",Hixton,WI,3.23733333,44.403800,-91.044200
66613,LOVES TRAVEL STOP #362,"I-10, EXIT 7 & SR-3063",Vinton,LA,3.30566666,30.201500,-93.572800
66614,MARATHON,"I-94, EXIT 212A",Detroit,MI,3.899,42.334304,-83.099896
66614,MARATHON,"I-94, EXIT 212A",Detroit,MI,3.699,42.334304,-83.099896
66615,KWIK TRIP #396,"I-94, EXIT 295",Waukesha,WI,3.399,42.993850,-88.254475
66618,CIRCLE K #2723378,I-95,Sumter,SC,3.159,33.910075,-80.362975
66620,Shell,"I-95, EXIT 130",Ashland,VA,3.264,37.739500,-77.478400
66622,DUNCAN TRUCK STOP,"I-95, EXIT 15",Jersey City,NJ,3.409,40.728808,-74.068792
66624,Sunoco,"I-95, EXIT 25",Croydon,PA,3.659,40.093300,-74.899100
66625,EXIT 43 QUICK STOP,"I-95, EXIT 43",Richmond,ME,3.76566666,44.104200,-69.821100
66628,Chevron,"I-95, EXIT 5 & US-17",Hardeeville,SC,3.00733333,32.263500,-81.066900
66631,SPEEDWAY #3589,I-96,Lake Odessa,MI,3.599,42.786300,-85.135700
66632,SHELL FOOD MART AND TRUCKSTOP,I-985,Gainesville,GA,3.399,34.308060,-83.863040
66635,C  BARN,US-67,Park Hills,MO,3.049,37.849800,-90.488500
66637,BERKLYS TRAVEL CENTER,US-281,Round Mountain,TX,3.31566666,30.442900,-98.436500
66640,Kent Kwik #928,US-82/SR-6 & SR-5/SR-25,Brent,AL,3.099,32.935700,-87.211400
66643,DEERFIELD TRAVEL CENTER,"I-55, EXIT 8",Steele,MO,2.97566666,36.091500,-89.834600
66645,ALLSUPS #2390,"I-20/US-84, EXIT 270",Merkel,TX,2.87566666,32.444400,-99.992400
66648,CHEVRON,"I-20, EXIT 113",Bessemer,AL,3.099,33.436000,-86.983700
66649,CHOCTAW TRAVEL PLAZA #637,US-59 & CR-E1452,Heavener,OK,3.299,34.835300,-94.618500
66659,MARATHON,SR-37,Mitchell,IN,3.599,38.742600,-86.476100
66664,CASEYS #3294,"I-380/SR-27, EXIT 43 & SR-150",Urbana,IA,3.449,42.236500,-91.888100
66667,CIRCLE K #4701408,"I-36, EXIT 99",Rochelle,IL,3.499,41.928200,-89.071000
66668,ACME TRUCK STOP,"I-4, EXIT 96",Orlando,FL,3.399,28.517785,-81.307466
66669,CIRCLE K #2726032,I-40,Jacksonville,FL,3.429,30.311931,-81.653317
66670,SPEEDWAY #7930,"I-40, 1126 N MAIN ST",Lillington,NC,3.759,35.332000,-78.921200
66671,CIRCLE K #2723686,US-72,Scottsboro,AL,3.26566666,34.684350,-86.099200
66673,MARATHON,SR-72,Huntsville,AL,2.979,34.724517,-86.578767
66676,HUTCH'S #118,"I-40, EXIT 108",Watonga,OK,3.099,35.853800,-98.417500
66678,NKS ROYAL TRUCKSTOP,"I-40, EXIT 16",Gallup,NM,3.119,35.494833,-108.751500
66680,BIG TOP TRAVEL CENTER,"I-20, EXIT 157",Delhi,LA,2.969,32.392900,-91.471400
66683,SUPERSTOP Shell,"I-40, EXIT 192",Stuttgart,AR,3.41566666,34.485400,-91.548700
66689,ROSCOE TRAVEL PLAZA,"I-20, EXIT 235",Roscoe,TX,2.759,32.427600,-100.539100
66693,Allsup Marketplace #2400,"I-40, EXIT 356",San Jon,NM,3.059,35.119800,-103.284600
66705,7-ELEVEN,"I-44, EXIT 1/US-287",Wichita Falls,TX,2.76066666,33.906150,-98.504638
66709,CIRCLE K #2709343,"I-24, EXIT 169",Wildwood,GA,3.14566666,34.977900,-85.430500
66715,7-Eleven #34210,"I-25/US-87, EXIT 240 & SR-119",Longmont,CO,3.189,40.157900,-105.078900
66717,Fast Stop Travel Centers #1131,"I-25/US-87, EXIT 80",Wheatland,WY,3.499,42.049500,-104.967900
66718,Bartonville SHELL,"I-474, EXIT 6",Peoria,IL,4.299,40.725134,-89.640683
66720,MOUNTAIN ENERGY #126,"I-26, EXIT 13",Hendersonville,NC,2.84566666,35.329900,-82.488750
66721,USA SPEEDTRAC,"I-49US-167, EXIT 11",Grand Coteau,LA,3.399,30.420100,-92.046200
66725,SPEEDWAY #9662,I-264,Louisville,KY,3.029,38.208448,-85.696306
66728,CIRCLE K #2723706,"I-81/US-52, EXIT 72 & I-77, EXIT 41",Wytheville,VA,3.349,36.940700,-81.094100
66734,Marathon,"I-675, Exit 7",Ellenwood,GA,3.009,33.616600,-84.293900
66737,THE JUNCTION,US-59 & US-73,Atchison,KS,3.279,39.559400,-95.130400
66738,TREX MART #9,I-29,Dearborn,MO,2.999,39.517200,-94.766400
66739,ZIP TRIP #64,I-29,Brookings,SD,3.399,44.337650,-96.791050
66741,DEANS LANE VALERO,I-295,Monmouth Junction,NJ,3.14566666,40.386900,-74.555800
66742,DEEP WATER TRUCK STOP,"I-295, EXIT 2C",Penns Grove,NJ,3.279,39.699400,-75.449500
66746,CASEYS #4246,"I-30, EXIT 123",Bryant,AR,3.03233333,34.601350,-92.490500
66747,LOVES TRAVEL STOP #322,"I-90, EXIT 3",Roscoe,IL,3.789,42.421700,-88.994300
66749,BIG RIVER #18,"I-310 EXIT 2, & US-61",Saint Rose,LA,3.099,29.958100,-90.312400
66750,LOVES TRAVEL STOP #177,I-35,El Dorado,KS,3.25566666,37.822600,-96.854300
66751,FAST N FRIENDLY,"I-35, EXIT 132",Emporia,KS,3.65733333,38.418400,-96.187100
66756,CASEYS #2550,"I-35, EXIT 33 & US-34",Osceola,IA,3.339,41.029500,-93.771200
66760,LOVES TRAVEL STOP #326,I-26 EXIT 154A,Orangeburg,SC,3.389,33.514425,-80.866075
66761,SPEEDWAY #4589,US-501 & SR-90,Conway,SC,3.064,33.863867,-79.040733
66762,EXXON TIGER MART #44,"US-45,  EXIT 249",Ennis,TX,3.099,32.333400,-96.627950
66763,SPEEDWAY #7998,US-52 & US-74,Wadesboro,NC,3.64566666,34.980900,-80.069600
66765,STRIPES #40736,US-77/US-83,Olmito,TX,2.999,26.035300,-97.549600
66767,SPRINT MART #49,"I-22/US-78, EXIT 87 & SR-811",Tupelo,MS,2.99233333,34.239550,-88.734500
66769,PETRO STOPPING CENTER #344,"I-95, EXIT 3",Kingsland,GA,3.649,30.797700,-81.707500
66771,FLYING J TRAVEL PLAZA #727,"I-69C/US-281, EXIT 8 & FM-1925",Edinburg,TX,3.084,26.373775,-98.175050
66773,STRIPES 7FLEET #42475,US-62,Hobbs,NM,3.459,32.745700,-103.162100
66774,Clark #4667,"I-80/I-90, EXIT 39 & SR-109",Delta,OH,3.699,41.557700,-83.986600
66775,GO MART,US-33 & CR-116,Rockbridge,OH,3.499,39.550900,-82.562600
66776,S&G #77,US-224 & US-23,Alvada,OH,3.259,41.046300,-83.377000
66778,LOVES TRAVEL STOP #169,"I-44, EXIT 179 & US-377/SR-99",Stroud,OK,3.144,35.739800,-96.671900
66780,DIAMOND #20,"I-65, EXIT 93 & SR-84",Evergreen,AL,3.399,31.458000,-86.925800
66784,Texaco #384529,US-80/SR-8 & SR-14,Selma,AL,3.299,32.414233,-87.019700
66785,WINFIELD TRUCK STOP,SR-129,Winfield,AL,3.659,33.930300,-87.797200
66786,Circle K #2741791,"I-40, EXIT 175 & SR-31",Lonoke,AR,3.139,34.783200,-91.921400
66787,TEXACO,"I-59, EXIT 67B",Hattiesburg,MS,3.06566666,31.249550,-89.325133
66788,CIRCLE K #4703626,"I-75, EXIT 60 & SR-68",Sweetwater,TN,3.289,35.601500,-84.461000
66793,CIRCLE K #2723693,"I-526, EXIT 19 & SR-10-60",Charleston,SC,2.97566666,32.825244,-79.928263
66795,FUEL MART #645,"I-90, EXIT 353",Spencer,SD,3.499,43.755700,-97.593600
66796,ROYAL FARMS #109,US-13 & SR-404,Bridgeville,DE,3.259,38.736600,-75.608800
66799,ONE9 #1403,"I-75/SR-93, EXIT 451 & US-129",Jasper,FL,3.259,30.502900,-82.932200
66799,SHELL DBA ONE9 #1403,"I-75/SR-93, EXIT 451 & US-129",Jasper,FL,3.244,30.502900,-82.932200
66800,CIRCLE K #2743950,I-35,San Antonio,TX,2.804,29.464699,-98.498407
66801,SUNSTOP #330,"I-75, EXIT 460 & SR-6",Jennings,FL,3.299,30.548200,-83.135000
66802,MOBIL,US-27 & SR-66,Sebring,FL,3.459,27.468960,-81.428160
66803,Stripes,FM-2061 & FM-3072,Pharr,TX,3.16566666,26.177100,-98.187000
66804,PWI #586,"I-80, EXIT 104  & US-191",Rock Springs,WY,3.199,41.596750,-109.216450
66805,CIRCLE K #2723553,US-27,Ringgold,GA,3.07566666,34.920500,-85.154900
66807,QUICK FUEL #5303,"I-35E, EXIT 436A",Dallas,TX,3.04566666,32.788556,-96.787156
66809,CASEYS #3449,SR-78,Wapello,IA,3.349,41.207000,-91.171900
66810,QUICK FUEL #3145,SR-83,Bensenville,IL,3.509,41.952550,-87.942550
66810,QUICK FUEL #3145,SR-83,Bensenville,IL,3.449,41.952550,-87.942550
66810,QUICK FUEL #3145,SR-83,Bensenville,IL,3.539,41.952550,-87.942550
66812,FAMILY EXPRESS #47 (DISCOUNT AVAILABLE),"I-65, EXIT 201 & US-24/US-231",Remington,IN,3.55233333,40.766700,-87.159900
66813,MCCLURE OIL #59,I-69 EXIT 259,Gas City,IN,3.639,40.487900,-85.605500
66815,MAXS #132,US-641 N,Murray,KY,3.399,36.609900,-88.303200
66816,CIRCLE K #4707082,"I-95, EXIT 132 & SR-139",Fairfield,ME,3.899,44.646300,-69.680200
66817,JOLLY TRUCK STOP,US-82/US-287,Wichita Falls,TX,2.899,33.906150,-98.504638
66819,ROAD RANGER #265,"I-88, EXIT 54",Dixon,IL,3.499,41.847800,-89.489300
66819,ROAD RANGER #265,"I-88, EXIT 54",Dixon,IL,3.479,41.847800,-89.489300
66820,CM BREAUX BRIDGE,"I-10, EXIT 109",Breaux Bridge,LA,3.299,30.294800,-91.829600
66821,DENTON GOOSE CREEK,SR-404/SR-619,Denton,MD,3.259,38.859500,-75.835700
66822,WILD BILL'S,I-78,Sherman,MS,2.919,34.357500,-88.835100
66824,STRIPES #42435,US-87/US-277,San Angelo,TX,2.799,31.460629,-100.443057
66833,STRIPES #5148,US-281,Pharr,TX,3.399,26.177100,-98.187000
66834,ROAD RANGER #186,"I-39/US-51, EXIT 27 & SR-2/CR-2200",Minonk,IL,3.339,40.898500,-89.034900
66834,ROAD RANGER #186,"I-39/US-51, EXIT 27 & SR-2/CR-2200",Minonk,IL,3.439,40.898500,-89.034900
66834,ROAD RANGER #186,"I-39/US-51, EXIT 27 & SR-2/CR-2200",Minonk,IL,3.449,40.898500,-89.034900
66838,RUTTERS #96,US-322 & SR-655,Milroy,PA,4.05066666,40.720300,-77.556700
66843,FLYING J TRAVEL PLAZA #728,"I-10, EXIT 37",El Paso,TX,3.09233333,31.722307,-106.343082
66844,CIRCLE K #2706984,US-77 & CR-1356,Kingsville,TX,2.82233333,27.469400,-97.848400
66845,CIRCLE K #2723643,SR-431,Dothan,AL,3.58233333,31.202760,-85.399620
66846,CIRCLE K #2723664,US-280,Childersburg,AL,3.899,33.245900,-86.364100
66847,CIRCLE K #2723667,"I-20, EXIT 185 & SR-21",Oxford,AL,2.999,33.581500,-85.832800
66848,CIRCLE K #2723695,"I-55, EXIT 265",Senatobia,MS,3.199,34.632300,-89.885500
66850,Stripes,ST 77,Riviera,TX,3.12566666,27.321700,-97.778700
66853,LOVES TRAVEL STOP #327,US-77 & FM-1898,Kingsville,TX,3.15566666,27.469400,-97.848400
66854,TA WAPAKONETA TRAVEL CENTER,"I-75, EXIT 111",Wapakoneta,OH,3.28233333,40.569000,-84.177400
66856,Speedway #4800,"I-94, EXIT 183",Clearwater,MN,3.199,45.387700,-94.045200
66858,LOVES TRAVEL STOP #328,"I-10, EXIT 162",Chandler,AZ,3.469,33.292587,-111.850238
66862,LOVES TRAVEL STOP #330,I-40 EXIT 280 & SR-56,Baxter,TN,3.234,36.124900,-85.637800
66863,101 TRAVEL PLAZA,"I-40, EXIT 101 & SR-104",Cedar Grove,TN,2.999,35.861300,-88.551700
66865,FLYING J FUEL STOP #741,US-287/US-281/US-82 & SR-473,Wichita Falls,TX,3.12566666,33.906150,-98.504638
66867,KWIK STAR #212,"US-61, EXIT 156",Maquoketa,IA,3.624,42.077800,-90.677100
66868,STRIPES #40604,US-83,Mission,TX,2.88233333,26.276167,-98.332067
66869,SPEEDWAY #4630,US-220 BUS & CR-782,Ridgeway,VA,3.409,36.587400,-79.868600
66870,PETRO STOPPING CENTER NAPOLEON,"US-24/US-6/CR-3, EXIT 41",Napoleon,OH,3.70566666,41.391000,-84.143300
66874,FLYING J TRAVEL PLAZA #733,"I-27, EXIT 4 & US-82",Lubbock,TX,3.33233333,33.574273,-101.871115
66876,PILOT TRAVEL CENTERS #156,SR-1633 & SR-813 & SR-9004,Mortons Gap,KY,3.629,37.249000,-87.461500
66877,PILOT TRAVEL CENTER #916- TOWN PUMP,US-93 & US-12,Lolo,MT,3.609,46.758500,-114.109700
66878,PILOT TRAVEL CENTER #915- TOWN PUMP,"I-90, EXIT 455",Billings,MT,3.58066666,45.796836,-108.515986
66879,TA EXPRESS,"I-40, EXIT 101",Atkins,AR,3.34066666,35.244900,-92.950700
66880,LOVES TRAVEL STOP #324,I-80 EXIT 242 & SR 339,Mifflinville,PA,3.96566666,41.032300,-76.308000
66881,PLAZAGO TRUCKSTOP,US-50/SR-61 & SR-96/SR-14,South Hutchinson,KS,3.269,38.028200,-97.943100
66888,LOVES TRAVEL STOP #334,"I-84, EXIT 211 & US-30/SR-24",Heyburn,ID,3.89233333,42.559900,-113.770900
66890,CASEYS #4223,US-25E,Middlesboro,KY,3.489,36.617200,-83.723100
66892,LOVES TRAVEL STOP #336,"I-94, EXIT 112",Marshall,MI,3.489,42.272000,-84.958300
66892,LOVES TRAVEL STOP #336,"I-94, EXIT 112",Marshall,MI,3.569,42.272000,-84.958300
66892,LOVES TRAVEL STOP #336,"I-94, EXIT 112",Marshall,MI,3.589,42.272000,-84.958300
66892,LOVES TRAVEL STOP #336,"I-94, EXIT 112",Marshall,MI,3.649,42.272000,-84.958300
66893,ONE9 #1291,US-287 & CR-174,Bowie,TX,2.91233333,33.556800,-97.837300
66894,PILOT TRAVEL CENTERS #259,US-69,Muskogee,OK,3.32233333,35.737033,-95.384000
66895,TA Express Tonkawa,"I-35, EXIT 40 & US-60",Tonkawa,OK,3.294,36.680600,-97.306300
66897,FLYING J TRAVEL PLAZA #604,"I-65, EXIT 158",Hope Hull,AL,3.309,32.224300,-86.393200
66898,PILOT TRAVEL CENTERS #384,"I-95, EXIT 58",Colonial Heights,VA,3.799,37.270000,-77.403800
66899,LOVES TRAVEL STOP #333,"I-77, EXIT 83",Fort Mill,SC,3.38066666,35.011425,-80.930225
66900,DODGE CITY PETRO #397,"I-65, EXIT 299 & SR-69",Hanceville,AL,3.919,34.051600,-86.784800
66902,CIRCLE K #4707239,SR-103,Warner,NH,3.93233333,43.303500,-71.835300
66905,CIRCLE K #4707212,SR-27,Raymond,NH,3.759,43.032500,-71.191200
66906,LOVES TRAVEL STOP #331,"I-45, EXIT 272",Hutchins,TX,3.10233333,32.639600,-96.707000
66908,CIRCLE K #2723708,"I-81, EXIT 77",Wytheville,VA,3.36566666,36.940700,-81.094100
66911,LOVES TRAVEL STOP #343,"I-20 & I-59, EXIT 165",Toomsuba,MS,3.009,32.429600,-88.489200
66912,LOVES TRAVEL STOP #335,"I-15, EXIT 62 & SR-130",Cedar City,UT,3.677,37.677500,-113.061900
66912,LOVES TRAVEL STOPS #335,"I-15, EXIT 62 & SR-130",Cedar City,UT,3.649,37.677500,-113.061900
66914,FLYING J TRAVEL PLAZA #683,"I-95, EXIT 106",Kenly,NC,3.709,35.607700,-78.138200
66915,CIRCLE K #2723716,"I-81, EXIT 84",Max Meadows,VA,3.46233333,36.905600,-80.924400
66918,MINIT MART #647,"I-39, EXIT 35 & SR-17",Wenona,IL,3.549,41.054800,-89.041600
66918,MINIT MART #647,"I-39, EXIT 35 & SR-17",Wenona,IL,3.499,41.054800,-89.041600
66920,7-ELEVEN #35562,"I-85, EXIT 32",Charlotte,NC,3.379,35.228770,-80.823747
66921,LOVES TRAVEL STOP #338,"I-95/SR-405, EXIT 90 & SR-144",Richmond Hill,GA,3.364,31.896200,-81.294000
66922,LOVES TRAVEL STOPS #339,"I-20, EXIT 115 & FM-1882",Odessa,TX,3.549,31.848278,-102.376622
66922,LOVES TRAVEL STOP #339,"I-20, EXIT 115 & FM-1882",Odessa,TX,3.549,31.848278,-102.376622
66923,LOVES TRAVEL STOP #765,"I-85, EXIT 147",Commerce,GA,3.21066666,34.195233,-83.435767
66925,FLYING J TRAVEL PLAZA #714,"I-77, EXIT 73",Rock Hill,SC,3.399,34.972200,-81.119580
66927,PILOT TRAVEL CENTER #41,I-64 EXIT 113 SE QUAD,Mount Sterling,KY,3.759,38.054800,-83.938800
66927,PILOT TRAVEL CENTERS #41,I-64 EXIT 113 SE QUAD,Mount Sterling,KY,3.769,38.054800,-83.938800
66928,FLYING J TRAVEL PLAZA #730,"I-35/US-83, EXIT 13",Laredo,TX,3.599,27.518557,-99.461743
66929,FLYING J TRAVEL PLAZA #642,"I-255,  EXIT 17",East Saint Louis,IL,3.599,38.606043,-90.125271
66929,FLYING J TRAVEL PLAZA #642,"I-255,  EXIT 17",East Saint Louis,IL,3.499,38.606043,-90.125271
66929,FLYING J TRAVEL PLAZA #642,"I-255,  EXIT 17",East Saint Louis,IL,3.389,38.606043,-90.125271
66929,FLYING J TRAVEL PLAZA #642,"I-255,  EXIT 17",East Saint Louis,IL,3.699,38.606043,-90.125271
66931,CASEYS #3896,"I-380, EXIT 35",Center Point,IA,3.449,42.189800,-91.775800
66932,CIRCLE K #4701444,US-34 & SR-164,Monmouth,IL,3.449,40.910700,-90.644800
66932,CIRCLE K #4701444,US-34 & SR-164,Monmouth,IL,3.399,40.910700,-90.644800
66935,FRANCIS CREEK TRAVEL PLAZA,SR-41,Francis Creek,WI,3.384,44.200000,-87.720000
66937,LOVES TRAVEL STOP #341,"I-44, EXIT 189",Rolla,MO,3.30066666,37.950433,-91.767633
66939,KWIK TRIP #416,SR-172 & CR-GV,De Pere,WI,3.39066666,44.438800,-88.080600
66941,PILOT TRAVEL CENTERS #367,"I-30, EXIT 87 & 88",Caddo Mills,TX,3.169,33.068300,-96.239100
66942,MAVERIK COUNTRY STORE #612,"I-15, EXIT 362",Brigham City,UT,3.449,41.507900,-112.015200
66944,LOVES TRAVEL STOPS #316,"I-95, EXIT 273 & US-1",Ormond Beach,FL,3.489,29.294275,-81.064600
66944,LOVES TRAVEL STOP #316,"I-95, EXIT 273 & US-1",Ormond Beach,FL,3.477,29.294275,-81.064600
66945,PILOT TRAVEL CENTERS #159,"I-64, EXIT 211",Providence Forge,VA,3.899,37.441800,-77.043600
66948,CIRCLE K #4707618,"I-481, EXIT 8 & CR-82",East Syracuse,NY,3.799,43.073400,-76.055800
66951,BERKLYS TRAVEL CENTER #3,US-377/US-87,Brady,TX,3.61566666,31.150900,-99.337200
66953,LOVES TRAVEL STOP #355,"I-65, EXIT 16",Memphis,IN,3.949,38.464200,-85.777500
66954,LOVES TRAVEL STOP #344,I-240 EXIT 21 & US-78/SR-4,Memphis,TN,3.249,35.159839,-89.969254
66955,LOVES TRAVEL STOP #349,"I-8, EXIT 3",Yuma,AZ,3.50233333,32.680540,-114.558540
66956,LOVES TRAVEL STOP #348,"I-69/I-24, EXIT 27 & US-62",Calvert City,KY,3.689,37.014700,-88.381100
66957,LOVES TRAVEL STOP #346,I-65 EXIT 46 & SR-99,Columbia,TN,3.789,35.615350,-87.036650
66959,PILOT TRAVEL CENTERS #388,"I-20 & I-59, EXIT 151",Meridian,MS,2.979,32.415414,-88.670443
66961,CIRCLE K #2707020,"I-4, EXIT 32 & US-98/SR-700/SR-35",Lakeland,FL,3.414,28.042908,-81.964385
66962,PILOT TRAVEL CENTERS #242,"I-74, EXIT 109",Shelbyville,IN,3.999,39.504300,-85.787500
66962,PILOT TRAVEL CENTER #242,"I-74, EXIT 109",Shelbyville,IN,3.999,39.504300,-85.787500
66963,SPARTA TRAVEL CENTER,"I-90, EXIT 28",Sparta,WI,3.179,43.954000,-90.814600
66964,PILOT TRAVEL CENTERS #239,US-30/US-23,Upper Sandusky,OH,3.899,40.824900,-83.297700
66965,EATONTON TRAVEL CENTER,US-441/US/129/SR-24,Eatonton,GA,3.249,33.321550,-83.369900
66966,LOVES TRAVEL STOP #352,I-71 EXIT 65,Jeffersonville,OH,3.42233333,39.659000,-83.568700
66968,FLYING J TRAVEL PLAZA #675,US-136 & SR-27,Wayland,MO,3.30566666,40.400100,-91.584200
66972,PETRO STOPPING CENTER #339,"I-90, EXIT 272",Spokane,WA,3.999,47.664696,-117.398543
66972,PETRO STOPPING CENTER #339,"I-90, EXIT 272",Spokane,WA,3.959,47.664696,-117.398543
66987,LOVES TRAVEL STOP #354,"US-78 & I-20, EXIT 172",Thomson,GA,3.849,33.477400,-82.494200
66993,PILOT TRAVEL CENTERS #198,US-30 & US-31,Plymouth,IN,3.869,41.353000,-86.301500
66993,PILOT TRAVEL CENTER #198,US-30 & US-31,Plymouth,IN,3.859,41.353000,-86.301500
66994,PILOT TRAVEL CENTERS #303,US-24/US-6 & SR-108,Napoleon,OH,3.71066666,41.391000,-84.143300
66995,PILOT TRAVEL CENTERS #322,"I-86, EXIT 37",Bath,NY,4.499,42.357500,-77.302800
66997,LOVES TRAVEL STOP #289,"I-20, EXIT 49 & SR-531",Minden,LA,3.149,32.623850,-93.287700
67008,TA ST LOUIS EAST TRAVEL CENTER,"I-55, EXIT 18",Troy,IL,3.439,38.724300,-89.870800
67008,TA ST LOUIS EAST TRAVEL CENTER,"I-55, EXIT 18",Troy,IL,3.619,38.724300,-89.870800
67008,TA ST LOUIS EAST TRAVEL CENTER,"I-55, EXIT 18",Troy,IL,3.629,38.724300,-89.870800
67008,TA ST LOUIS EAST TRAVEL CENTER,"I-55, EXIT 18",Troy,IL,3.439,38.724300,-89.870800
67008,TA ST LOUIS EAST TRAVEL CENTER,"I-55, EXIT 18",Troy,IL,3.489,38.724300,-89.870800
67008,TA ST LOUIS EAST TRAVEL CENTER,"I-55, EXIT 18",Troy,IL,3.379,38.724300,-89.870800
67009,PILOT TRAVEL CENTERS #407,"I-35, EXIT 194",Clear Lake,IA,3.659,43.140600,-93.385000
67009,PILOT TRAVEL CENTER #407,"I-35, EXIT 194",Clear Lake,IA,3.659,43.140600,-93.385000
67030,LOVES TRAVEL STOP #337,"I-90 & I-35, EXIT 11",Albert Lea,MN,4.089,43.653700,-93.370700
67034,LOVES TRAVEL STOP #356,"I-75, EXIT 167",North Baltimore,OH,3.34733333,41.186700,-83.680600
67037,LOVES TRAVEL STOP #332,I-71 EXIT 204,Burbank,OH,3.689,40.963700,-81.995800
67038,PILOT TRAVEL CENTERS #260,US-82/SR-520 & SR-300,Albany,GA,3.799,31.564144,-84.164589
67038,PILOT TRAVEL CENTER #260,US-82/SR-520 & SR-300,Albany,GA,3.799,31.564144,-84.164589
67039,ROAD RANGER #145,"I-44, EXIT 275",Fenton,MO,3.359,38.569900,-90.447700
67040,FLYING J TRAVEL PLAZA #603,US-431/SR-210 & US-231/SR-1,Dothan,AL,3.999,31.202760,-85.399620
67041,CIRCLE K #4707040,"I-95, EXIT 133 & US-201",Skowhegan,ME,3.72566666,44.777200,-69.697600
67044,PILOT TRAVEL CENTER #1212,"I-10, EXIT 45",Salome,AZ,3.959,33.748100,-113.571500
67044,PILOT #1212,"I-10, EXIT 45",Salome,AZ,3.959,33.748100,-113.571500
67047,Circle K #2746490,"I-90, EXIT 332",Mitchell,SD,3.064,43.709400,-98.029800
67051,PILOT TRAVEL CENTERS #208,"I-44, EXIT 257",Pacific,MO,3.324,38.492200,-90.748000
67053,TA LAREDO TRAVEL CENTER,"I-35/US-83, EXIT 13",Laredo,TX,3.649,27.518557,-99.461743
67054,LOVES TRAVEL STOPS #436,"I-80, EXIT 118",Salt Lake City,UT,3.649,40.709875,-111.888812
67054,LOVES TRAVEL STOP #436,"I-80, EXIT 118",Salt Lake City,UT,3.777,40.709875,-111.888812
67055,FLYING J TRAVEL PLAZA #641,I-15,Mccammon,ID,3.749,42.633600,-112.175800
67056,Arco,US-2 & US-59,Erskine,MN,3.399,47.661800,-96.012200
67057,PILOT TRAVEL CENTERS #146,"I-90, EXIT 12",Castleton On Hudson,NY,3.999,42.537600,-73.707100
67058,PILOT TRAVEL CENTERS #368,"I-72, EXIT 144",Decatur,IL,3.599,39.848450,-88.964533
67058,PILOT TRAVEL CENTER #368,"I-72, EXIT 144",Decatur,IL,3.559,39.848450,-88.964533
67058,PILOT TRAVEL CENTER #368,"I-72, EXIT 144",Decatur,IL,3.459,39.848450,-88.964533
67058,PILOT TRAVEL CENTERS #368,"I-72, EXIT 144",Decatur,IL,3.499,39.848450,-88.964533
67060,PILOT TRAVEL CENTERS #151,"I-5, EXIT 99NE",Olympia,WA,4.599,47.044973,-122.902191
67063,PILOT TRAVEL CENTERS #330,"I-35, EXIT 184 SW",New Braunfels,TX,3.399,29.721350,-98.130375
67064,LOVES TRAVEL STOP #385,"I-40, EXIT 101 & US-281",Hinton,OK,3.38566666,35.467500,-98.331300
67065,TA GREENWOOD TRAVEL CENTER,"I-20, EXIT 5 & US-79",Greenwood,LA,3.16566666,32.442900,-93.973000
67066,LOVES TRAVEL STOP #361,"I-80, EXIT 168",Newton,IA,3.76233333,41.699200,-93.045500
67067,LOVES TRAVEL STOP #377,"I-76/US-6, EXIT 31 & SR-52",Hudson,CO,3.459,40.060600,-104.653200
67069,FLYING J FUEL STOP #621,"I-70, EXIT 359 & US-24",Limon,CO,3.899,39.267600,-103.688900
67069,FLYING J TRAVEL PLAZA #621,"I-70, EXIT 359 & US-24",Limon,CO,3.874,39.267600,-103.688900
67070,CASEYS #4225,"SR-155N, EXIT 26-A",Nashville,TN,3.06233333,36.166456,-86.785662
67071,FAS MART #5154,"I-270, EXIT 3 & SR-3",Hartford,IL,3.299,38.827800,-90.092600
67071,FAS MART #5154,"I-270, EXIT 3 & SR-3",Hartford,IL,3.279,38.827800,-90.092600
67073,PILOT TRAVEL CENTERS #81,"I-79, EXIT 99",Portersville,PA,4.259,40.946800,-80.139000
67075,CM FOREST GOLD,SR-16,Amite,LA,3.399,30.726600,-90.509000
67076,CASH MAGIC LUCKY MAGNOLIA,SR-63/SR-16,Denham Springs,LA,3.399,30.468333,-90.883300
67077,CASH MAGIC BROUSSARD SOUTH,US-90,Broussard,LA,3.399,30.121900,-91.950200
67078,CASH MAGIC SILVER FOX,SR-63/SR-16,Denham Springs,LA,3.399,30.468333,-90.883300
67081,LOVES TRAVEL STOP #376,"I-85/SR-403, EXIT 28 & SR-54/SR-100",Hogansville,GA,3.689,33.164400,-84.930900
67082,PILOT TRAVEL CENTERS #179,"I-81, EXIT 5-B",Hagerstown,MD,3.959,39.629750,-77.718317
67085,PILOT TRAVEL CENTERS #210,"I-287, EXIT 66 & SR-17",Mahwah,NJ,3.899,41.092800,-74.175250
67086,SPEEDWAY #7945,SR-24,Swansboro,NC,3.699,34.699100,-77.135000
67087,SPEEDWAY #8189,"I-40, EXIT 408 & SR-210 & US-117",Rocky Point,NC,3.60566666,34.434400,-77.923400
67088,PILOT #4580,"I-26, EXIT 82",Prosperity,SC,3.42566666,34.183200,-81.532400
67090,LOVES TRAVEL STOP #373,US-69 & PLATTER RD,Calera,OK,3.229,33.932200,-96.430800
67091,SPEEDWAY #7903,SR-211,Raeford,NC,3.699,34.989000,-79.222800
67092,SPEEDWAY #8288,US-64 & SR-149,Plymouth,NC,3.20733333,35.850800,-76.743100
67094,SPEEDWAY #7943,US-64/SR-49 & US-220,Asheboro,NC,3.54233333,35.720067,-79.786933
67095,SPEEDWAY #8297,US-17 & US-17 BYP,Chocowinity,NC,3.13233333,35.481400,-77.086800
67096,SPEEDWAY #6997,I-95/US-301,Fayetteville,NC,3.39566666,35.044870,-78.905890
67097,SPEEDWAY #8298,SR-11/SR-55,Kinston,NC,3.353,35.266525,-77.605050
67101,SPEEDWAY #7974,US-601 & SR-24/SR-27,Midland,NC,3.429,35.247700,-80.531900
67103,SPEEDWAY #8225,US-13/US-17 & US-64,Williamston,NC,3.849,35.821200,-77.102200
67106,PILOT TRAVEL CENTER #4656,"I-295, EXIT 3-A & US-460",Disputanta,VA,3.57233333,37.148300,-77.273200
67107,SPEEDWAY/7fleet #4595,US-501 & SR-544,Conway,SC,3.089,33.863867,-79.040733
67108,SPEEDWAY/7fleet #4594,SR-90,Longs,SC,3.309,33.906400,-78.793400
67109,SPEEDWAY #4676,US-13/SR-32,Suffolk,VA,3.799,36.780400,-76.596350
67113,COLUMBUS WEST TRAVEL CENTER,"US-151, EXIT 118",Columbus,WI,3.119,43.331500,-89.027100
67114,SPEEDWAY #1415,"I-57, EXIT 306 & US-45/US-52",Kankakee,IL,3.379,41.116600,-87.869600
67114,SPEEDWAY #1415,"I-57, EXIT 306 & US-45/US-52",Kankakee,IL,3.339,41.116600,-87.869600
67115,CIRCLE K #3912,"I-24/SR-27, EXIT 155 & SR-28",Jasper,TN,2.889,35.097000,-85.589700
67117,MCCLURE OIL #65,US-31 & SR-38,Cicero,IN,3.889,40.129800,-86.038100
67118,ABELS QUIK SHOP #20,US-36 & CR-437,Hannibal,MO,3.06566666,39.706400,-91.383900
67119,EASTWAY TRUCKSTOP,SR-80,Somerset,KY,3.599,37.117167,-84.557733
67120,LOVES TRAVEL STOP #379,"I-10 & CR 255, EXIT 262 SW",Lee,FL,3.789,30.397900,-83.284400
67121,BETTY BEAVERS TRUCKSTOP,"I-88, EXIT 12 & CR-48",Otego,NY,3.819,42.413300,-75.207900
67122,WORKMANS TRAVEL CENTER,"I-540, EXIT 24 & SR-282",Alma,AR,3.37233333,35.500000,-94.207300
67125,LOVES TRAVEL STOP #370,I-80 EXIT 234,Hubbard,OH,3.46566666,41.162400,-80.576200
67126,PILOT TRAVEL CENTERS #366,"I-40, EXIT 85 CHRISTMASVILLE RD",Jackson,TN,3.509,35.623783,-88.834483
67127,LOVES TRAVEL STOP #381,"I-65, EXIT 322 & CR-55",Falkville,AL,3.849,34.347700,-86.913100
67129,PILOT TRAVEL CENTER #920,"I-70, EXIT 54",Colby,KS,3.634,39.383000,-101.044200
67129,PILOT TRAVEL CENTERS #920,"I-70, EXIT 54",Colby,KS,3.649,39.383000,-101.044200
67130,Pilot Travel Centers #473,"I-55, EXIT 248 & US-6",Channahon,IL,3.499,41.434700,-88.213800
67130,Pilot Travel Centers #473,"I-55, EXIT 248 & US-6",Channahon,IL,3.359,41.434700,-88.213800
67130,Pilot Travel Center #473,"I-55, EXIT 248 & US-6",Channahon,IL,3.459,41.434700,-88.213800
67130,Pilot Travel Center #473,"I-55, EXIT 248 & US-6",Channahon,IL,3.599,41.434700,-88.213800
67130,Pilot Travel Centers #473,"I-55, EXIT 248 & US-6",Channahon,IL,3.399,41.434700,-88.213800
67130,Pilot Travel Center #473,"I-55, EXIT 248 & US-6",Channahon,IL,3.399,41.434700,-88.213800
67133,LOVES TRAVEL STOP #365,I-80 EXIT 352,Wells,NV,3.71566666,41.111600,-114.964500
67137,PILOT TRAVEL CENTERS #485,"I-80, EXIT 173",Winnemucca,NV,3.77066666,41.021400,-117.753450
67138,Kum N Go #0561,US-65 & SR-744,Springfield,MO,2.899,37.215575,-93.302606
67139,LOVES TRAVEL STOP #383,I-71 EXIT 55 & SR-1039,Sparta,KY,3.749,38.725600,-84.881300
67140,Maverik Country Store #5069,I-35 EXIT 133,Ellsworth,IA,3.09566666,42.300900,-93.549000
67141,KUM & GO #0022,"I-80, EXIT 182 & SR-146",Grinnell,IA,3.19733333,41.742100,-92.734400
67143,ALL AMERICAN STORES #7,US-30,Fort Wayne,IN,3.559,41.089977,-85.100156
67149,HOOPS TRAVEL CENTER,I-39 & SR-21,Coloma,WI,3.18233333,44.027500,-89.494300
67150,Maverik Country Store #5119,"US-30, EXIT 150",Ames,IA,3.08233333,42.033920,-93.609860
67151,CASEYS #2523,"SR-163, EXIT 29 & SR-14",Monroe,IA,3.199,41.522200,-93.101900
67155,PILOT TRAVEL CENTER #1219,"I-70, EXIT 61",Vandalia,IL,3.699,38.943900,-89.104100
67155,PILOT TRAVEL CENTER #1219,"I-70, EXIT 61",Vandalia,IL,3.759,38.943900,-89.104100
67155,PILOT #1219,"I-70, EXIT 61",Vandalia,IL,3.699,38.943900,-89.104100
67158,GOLDEN GATE AUTO TRUCK PLAZA,"I-80 , EXIT 32",Sparks,NV,3.539,39.582757,-119.727200
67160,LOVES TRAVEL STOPS #378,"I-77, EXIT 132",Ripley,WV,3.589,38.809000,-81.702000
67160,LOVES TRAVEL STOP #378,"I-77, EXIT 132",Ripley,WV,3.621,38.809000,-81.702000
67162,PILOT TRAVEL CENTERS #495,"I-80 , EXIT 201",Brooklyn,IA,3.78566666,41.732100,-92.428500
67162,PILOT TRAVEL CENTER #495,"I-80 , EXIT 201",Brooklyn,IA,3.699,41.732100,-92.428500
67163,LOVES TRAVEL STOP #358,"I-78, EXIT 23",Hamburg,PA,3.85733333,40.548800,-75.987400
67164,FLYING J TRAVEL PLAZA #510,"I-15 , EXIT 188",Scipio,UT,3.689,39.249500,-112.106400
67165,SOMERSET TRAVEL CENTER,"I-76 , EXIT 110",Somerset,PA,4.219,39.994050,-79.060850
67166,Circle K #4705726,US-33,Carroll,OH,3.24566666,39.795700,-82.708400
67167,LOVES TRAVEL STOP #372,"I-84, EXIT 374",Ontario,OR,3.689,44.041600,-116.978300
67168,LOVES TRAVEL STOP #455,"I-70, EXIT 145",Ellis,KS,3.623,38.947100,-99.528500
67168,LOVES TRAVEL STOPS #455,"I-70, EXIT 145",Ellis,KS,3.689,38.947100,-99.528500
67169,JD ORANGEBURG,US-301/US-601/SR-4,Orangeburg,SC,3.34233333,33.514425,-80.866075
67170,FAST TRACK #410,"I-10, EXIT 258",Madison,FL,3.749,30.478900,-83.399050
67174,KWIK STAR #419,"US-218, EXIT 218",Charles City,IA,3.539,43.068300,-92.676100
67175,KWIK STAR #428,SR-9,Cresco,IA,3.524,43.363000,-92.126000
67178,KWIK STAR #701,US-63,Denver,IA,3.499,42.673100,-92.341700
67182,KWIK STAR #817,US-52 & SR-24,Calmar,IA,3.579,43.197400,-91.912600
67185,KWIK TRIP #385,SR-19/SR-3,Northfield,MN,3.499,44.458700,-93.166800
67186,KWIK TRIP #424,SR-15 & CR-26,Fairmont,MN,3.399,43.637600,-94.451000
67192,KWIK TRIP #464,US-63,Rochester,MN,3.54066666,44.031700,-92.463900
67193,KWIK TRIP #609,SR-16 & SR-43,Rushford,MN,3.499,43.821600,-91.753600
67195,KWIK TRIP #646,US-169 & CR-53,Blue Earth,MN,3.324,43.639400,-94.092400
67196,KWIK TRIP #753,US-14 & SR-42,Eyota,MN,3.61566666,44.009900,-92.264800
67200,KWIK TRIP #319,SR-13,Spencer,WI,3.47566666,44.739100,-90.311400
67202,KWIK TRIP #328,US-53 & SR-95,Blair,WI,3.23733333,44.296800,-91.223500
67204,KWIK TRIP #337,SR-65,New Richmond,WI,3.499,45.123000,-92.536600
67206,KWIK TRIP #352,US-53,Chippewa Falls,WI,3.40733333,44.936900,-91.392900
67207,KWIK TRIP #354,SR-26,Watertown,WI,3.37233333,43.234700,-88.716950
67208,KWIK TRIP #363,US-14 & CR-O,Richland Center,WI,3.389,43.366100,-90.430200
67209,KWIK TRIP #386,SR-64,Merrill,WI,3.499,45.180900,-89.690700
67211,KWIK TRIP #392,SR-49/SR-23,Ripon,WI,3.39066666,43.845400,-88.842400
67219,KWIK TRIP #455,US-8 & SR-27,Ladysmith,WI,3.27233333,45.471900,-91.108800
67220,KWIK TRIP #456,"US-18/151, EXIT 79 & CR-PB",Verona,WI,3.579,42.999900,-89.552200
67221,KWIK TRIP #457,"I-41/US-41, EXIT 116 & SR-44/SR-91",Oshkosh,WI,3.29066666,44.036840,-88.593280
67223,KWIK TRIP #476,"US-53, EXIT 140",Rice Lake,WI,3.43233333,45.506100,-91.738200
67226,KWIK TRIP #494,US-53 & SR-35,Onalaska,WI,3.33566666,43.897400,-91.231400
67229,KWIK TRIP #740,SR-15,Hortonville,WI,3.509,44.327300,-88.628100
67230,KWIK TRIP #750,US-14/US-61/SR-35,La Crosse,WI,3.299,43.851767,-91.211167
67233,KWIK TRIP #807,US-10,Brillion,WI,3.36566666,44.177900,-88.083300
67234,KWIK TRIP #847,SR-33 & SR-82/SR-80,Wonewoc,WI,3.499,43.628500,-90.239400
67235,FLYING J TRAVEL PLAZA #507,I-35,Jarrell,TX,3.22066666,30.811900,-97.594200
67237,OUTPOST TRAVEL CENTER,US-79 & CR-111,Minden,LA,3.13233333,32.623850,-93.287700
67239,RELAY STATION,SR-1,Shreveport,LA,3.13233333,32.553066,-93.759937
67241,RELAY STATION 3,SR-175,Frierson,LA,3.259,32.245000,-93.691500
67242,SPEEDWAY #6940,"I-77, EXIT 85 & SR-268",Elkin,NC,2.859,36.287200,-80.855400
67243,LOVES TRAVEL STOP #386,"I-40, EXIT 9 & SR-95",Lake Havasu City,AZ,3.92233333,34.486400,-114.281625
67245,SPEEDWAY #4582,US-378,Conway,SC,3.089,33.863867,-79.040733
67246,SPEEDWAY #7941,US-17 & SR-24,Jacksonville,NC,3.32566666,34.734533,-77.410700
67247,CIRCLE K #4707512,"I-93, EXIT 47",Methuen,MA,3.799,42.728000,-71.181000
67248,SPEEDWAY #6962,"I-40, EXIT 303",Garner,NC,2.92066666,35.681300,-78.597500
67255,LOVES TRAVEL STOP #393,"I-55, EXIT 13",Mccomb,MS,3.239,31.210350,-90.427400
67262,PILOT TRAVEL CENTERS #497,"I-20, EXIT 165",Lincoln,AL,3.199,33.605900,-86.111200
67262,PILOT TRAVEL CENTER #497,"I-20, EXIT 165",Lincoln,AL,3.109,33.605900,-86.111200
67264,CIRCLE K #4707016,US-1,Princeton,ME,3.88233333,45.213100,-67.600800
67265,CIRCLE K #4707048,US-2,Lincoln,ME,3.73233333,45.350800,-68.507700
67269,ONVO TRAVEL PLAZA - GOULDSBORO,"I-380, EXIT 13 & SR-507",Gouldsboro,PA,3.58566666,41.244800,-75.503700
67271,KWIK TRIP #330,US-169 & SR-25,Belle Plaine,MN,3.379,44.613900,-93.760400
67272,PILOT TRAVEL CENTER #922- TOWN PUMP,US-2 & SR-40,Columbia Falls,MT,3.649,48.353400,-114.178400
67273,LOVES TRAVEL STOP #396,I-26 EXIT 76,Newberry,SC,3.41566666,34.284700,-81.615700
67274,KWIK STAR #790,"US-20, EXIT 275 & SR-13",Manchester,IA,3.56233333,42.483400,-91.449000
67275,KWIK TRIP #481,US-61,Red Wing,MN,3.324,44.552800,-92.548600
67279,LOVES TRAVEL STOP #391,"I-74, EXIT 123",Saint Paul,IN,3.989,39.427700,-85.599400
67281,PARKERS SURRENCY #208,US-341/SR-27 & SR-121,Surrency,GA,3.58566666,31.648900,-82.198200
67282,RUTTERS #65,"I-81, EXIT 14 & US-11",Chambersburg,PA,4.399,39.919250,-77.646950
67283,PILOT #4597,"I-40, EXIT 258/SR-53",Gordonsville,TN,3.24566666,36.184300,-86.000800
67284,LOVES TRAVEL STOP #390,"I-80, EXIT 179",North Platte,NE,3.45566666,41.089500,-100.760750
67285,CASEY'S #4504,"I-35, EXIT 159 & CR-C47",Dows,IA,3.299,42.661000,-93.505800
67292,LOVES TRAVEL STOP #304,"I-59, EXIT 174",Steele,AL,3.989,33.941700,-86.228900
67293,KWIK TRIP #367,SR-33/CR-A,Fox Lake,WI,3.24566666,43.581500,-88.904100
67294,MAPLEFIELDS,"I-87, EXIT 42/SR-11",Champlain,NY,3.799,44.977300,-73.446600
67296,LOVES TRAVEL STOP #340,"I-15, EXIT 64 & US-93",Las Vegas,NV,3.689,36.160013,-115.187527
67297,BAR-B,I-20 EXIT 370 & FM-919,Gordon,TX,2.93233333,32.547800,-98.363200
67298,SPEEDWAY #5360,US-42,London,OH,3.099,39.900100,-83.443900
67302,KUM & GO #0187,"I-90, EXIT 87",Sherburn,MN,3.18733333,43.661100,-94.726900
67303,KUM & GO #0615,"I-29, EXIT 15",Elk Point,SD,3.07233333,42.738200,-96.687000
67304,JACKRABBIT JUNCTION,"SR-60, EXIT 51 & CR-A22",Sibley,IA,3.26566666,43.406900,-95.742400
67305,RELAY STATION,"I-20, EXIT 3",Bethany,LA,3.12233333,32.366200,-94.003400
67306,150 QUICK STOP,US-150/SR-605,Bardstown,KY,3.17233333,37.808300,-85.461300
67307,CMS FUELING CENTER,I-69 EXIT 153 AT MILE 153,Lapeer,MI,3.899,43.057900,-83.333200
67308,FUEL STAR,SR-48,New Orleans,LA,3.279,29.957052,-90.070359
67311,HOLIDAY STATIONSTORE #2746409,US-53 & CR-13,Duluth,MN,3.499,46.786400,-92.126557
67312,RHODES 101 STOP #790,"I-55, EXIT 91",Scott City,MO,3.424,37.207700,-89.518100
67313,Majors 660 Diboll Truck Plaza,US-59,Diboll,TX,2.83233333,31.195000,-94.772900
67316,LOVES TRAVEL STOP #302,US-287 & US-412,Boise City,OK,3.40233333,36.728300,-102.535500
67321,LOVES TRAVEL STOP #388,"I-55, EXIT 246 & SR-35",Batesville,MS,3.46066666,34.311500,-89.944300
67322,LOVES TRAVEL STOP #398,"US-78, EXIT 81 & SR-178",Tupelo,MS,3.88233333,34.239550,-88.734500
67323,PUMP & PANTRY #13,US-281/SR-92,Saint Paul,NE,3.30733333,41.224200,-98.444000
67325,LOVES TRAVEL STOP #225,"I-65, EXIT 93 & US-84",Evergreen,AL,3.339,31.458000,-86.925800
67329,LOVES TRAVEL STOP #387,"I-85, EXIT 4",Fair Play,SC,3.21233333,34.511200,-82.985400
67331,LOVES TRAVEL STOP #227,"I-20 /I-59, EXIT 100 & SR-216",Mc Calla,AL,3.159,33.284500,-87.102400
67333,PILOT #880,"I-84, EXIT 1",Montague,NJ,3.999,41.302300,-74.754000
67334,KWIK TRIP #338,US-51,Plover,WI,3.299,44.450700,-89.542800
67335,TOP STOP MARKET,"I-24, EXIT 111",Manchester,TN,3.01566666,35.496700,-86.078200
67336,LOVES TRAVEL STOPS #342,"I-37, EXIT 72 & US-281",Three Rivers,TX,3.089,28.475600,-98.178200
67336,LOVES TRAVEL STOP #342,"I-37, EXIT 72 & US-281",Three Rivers,TX,3.169,28.475600,-98.178200
67337,KWIK TRIP #422,"I-94, EXIT 322",Oak Creek,WI,3.744,42.889200,-87.902700
67338,HUTCH'S #114,US-81,Enid,OK,2.999,36.382640,-97.868320
67340,MCCLURE,I-74 EXIT  34,Crawfordsville,IN,3.61566666,40.032500,-86.907400
67341,CASEYS #3898,"US-151, EXIT 49 & CR-E34",Anamosa,IA,3.359,42.107800,-91.285100
67342,One9 #1414,"I-81, EXIT 128",Elliston,VA,3.24233333,37.216500,-80.232500
67343,EAGLE EXPRESS,US-41,Peshtigo,WI,3.399,45.048000,-87.810300
67344,DODGE CITY SHELL,"I-65, EXIT 299",Hanceville,AL,3.95233333,34.051600,-86.784800
67345,STEELE SERVICE STATION,"I-59, EXIT 174",Steele,AL,3.889,33.941700,-86.228900
67348,LOVES TRAVEL STOP #389,I-90 EXIT 241,Conneaut,OH,3.849,41.934500,-80.580300
67350,DE PERE SUPER STORE,US-41,De Pere,WI,3.25566666,44.438800,-88.080600
67356,PRIDE CONVENIENCE STORE,"I-91, EXIT 8 & US-20",Springfield,MA,3.559,42.124379,-72.572732
67357,LOVES TRAVEL STOP #353,"I-29, EXIT 62",Fargo,ND,3.52566666,46.869769,-96.801908
67358,KWIK TRIP #453,SR-35/SR-65,River Falls,WI,3.44733333,44.855000,-92.631300
67359,SAGE HILL TRAVEL CENTER,"I-15, EXIT 89 & US-91",Blackfoot,ID,3.569,43.194300,-112.361500
67360,BP,"I-95/SR-405, EXIT 49 & SR-251",Darien,GA,3.539,31.382600,-81.431200
67361,SUMNER TRUCK STOP,SR-167,Sumner,WA,4.299,47.138050,-122.170600
67362,TA Glenrio,"I-40, Exit 369 & SR-392",San Jon,NM,3.899,35.119800,-103.284600
67364,KWIK TRIP #373,"I-94, EXIT 295",Waukesha,WI,3.45733333,42.993850,-88.254475
67365,KWIK TRIP #491,US-151,Manitowoc,WI,3.38233333,44.114700,-87.640650
67366,KWIK TRIP #499,"I-43, EXIT 57",New Berlin,WI,3.49066666,42.978100,-88.124950
67367,KWIK TRIP #757,US-14/US-61/SR-27,Viroqua,WI,3.359,43.544200,-90.893900
67368,KWIK TRIP #653,"I-39, EXIT 87 & US-51/SR-16",Portage,WI,3.274,43.550100,-89.471400
67369,KENOSHA TRAVEL PLAZA,"I-94, EXIT 340/US-41 & SR-142",Kenosha,WI,3.719,42.582680,-87.845580
67370,CIRCLE M #43,US-441/US-23/SR-15,Rabun Gap,GA,3.549,34.957600,-83.390100
67371,PARAMOUNT TRAVEL PLAZA,"I-30, EXIT 46 & SR-19",Prescott,AR,3.379,33.804000,-93.372500
67380,MILLERS TRAVEL CENTER,"I-80, EXIT 1",Wendover,UT,3.599,40.737200,-114.037500
67381,ENMARKET #875,US-78 & US-21,Branchville,SC,3.26566666,33.262800,-80.805900
67382,CORNER PANTRY TRAVEL PLAZA,SR-79 & SR-40,Hermosa,SD,3.299,43.818800,-103.206000
67383,FRIENDSHIP FOOD MART #96,SR-101/SR- 2,Sandusky,OH,3.529,41.441900,-82.707150
67391,SHOEMAKERS SHELL TRAVEL CENTER,I-80 EXIT 395 AT MILE 395,Lincoln,NE,3.349,40.817555,-96.688931
67393,LOVES TRAVEL STOP #280,"I-10, EXIT 114",Buckeye,AZ,3.569,33.419150,-112.531250
67394,Circle K #2745133,US-23 & SR-38,Waycross,GA,3.399,31.217233,-82.357000
67395,KUM & GO #0267,"I-80, EXIT 267 & SR 38",Tipton,IA,2.98233333,41.756300,-91.136200
67396,Q C MART,US-61 & CR-E63,Welton,IA,3.699,41.908100,-90.595400
67397,EXPRESS LANE #51,I-80 EXIT 93 ROUTE 71,Ottawa,IL,3.899,41.352600,-88.841600
67397,EXPRESS LANE #51,I-80 EXIT 93 ROUTE 71,Ottawa,IL,3.599,41.352600,-88.841600
67398,CASEYS #3998,SR-13 & HWY-C,Lowry City,MO,3.249,38.140400,-93.711400
67400,SPEEDWAY #3547,I-75 & 696,Lima,OH,3.499,40.747333,-84.122250
67401,QUIKTRIP #973,"I-45, EXIT 272",Hutchins,TX,2.88233333,32.639600,-96.707000
67402,TA EXPRESS HOT SPRINGS,US-395/US-18 & SR-79,Hot Springs,SD,3.299,43.422300,-103.476600
67404,Meskwaki Travel Plaza,HIGHWAY 30 E,Tama,IA,3.234,41.961600,-92.580000
67405,ANTELOPE TRUCK STOP,"I-80, EXIT 386",Burns,WY,3.199,41.200300,-104.315500
67406,GETGO #3701,"I-99, EXIT 23",East Freedom,PA,4.099,40.328200,-78.447500
67408,STOCKTON TRAVEL CENTER,US-20/SR-78,Stockton,IL,3.599,42.349200,-90.020200
67409,XTRA MART #7025,SR-146,Sutton,MA,3.649,42.126600,-71.755200
67410,STRIPES #40532,US-83 & US-277,Carrizo Springs,TX,3.349,28.527800,-99.863500
67411,LOVES TRAVEL STOP #226,"I-25, EXIT 104",Pueblo,CO,3.619,38.230442,-104.604475
67414,PILOT TRAVEL CENTERS #590,"I-94, EXIT 100",Alexandria,MN,3.46566666,45.881700,-95.382000
67416,CASEYS #4025,US-61/SR-92,Muscatine,IA,3.299,41.430400,-91.050900
67417,QUIKTRIP #444,"I-10 EXIT, 139",Phoenix,AZ,3.369,33.491612,-112.079255
67418,KUM & GO #0080,"US-218/SR-27, EXIT 80 & SR-22",Riverside,IA,3.09733333,41.475800,-91.574100
67419,LOVES TRAVEL STOP #359,"I-75, EXIT 283",Cartersville,GA,3.55566666,34.197450,-84.793850
67420,LOVES TRAVEL STOP #369,I-40 EXIT 163 & SR-48,Dickson,TN,3.17566666,36.111450,-87.376250
67421,LOVES TRAVEL STOP #375,US-79/SR-6 & FM-485,Hearne,TX,3.489,30.866900,-96.584300
67422,KUM & GO #0137,"I-80, EXIT 237",Tiffin,IA,3.099,41.701800,-91.677300
67423,FIRELAKE GRAND TRAVEL PLAZA,"I-40, EXIT 178 & SR-102",Shawnee,OK,2.899,35.336633,-96.939500
67424,FLORIDA 595 TRUCK STOP,"I-595/SR-84, EXIT 9 & US-441",Fort Lauderdale,FL,3.769,26.127551,-80.212219
67425,LITTLEFIELD EXPRESS #15,"US-67, EXIT 55 & SR-258",Bald Knob,AR,3.309,35.311300,-91.550200
67426,Spearville Truck Stop,"I-56, 126 RD",Spearville,KS,3.46566666,37.823500,-99.737000
67427,CASEYS #2907,I-57 & I-62,Charleston,MO,3.044,36.921300,-89.334200
67428,CONOCO,"I-95, EXIT 12",Carteret,NJ,3.499,40.582300,-74.231300
67429,7-ELEVEN #40396,"NJTP, EXIT 8A",Monroe Township,NJ,3.559,40.319200,-74.428500
67431,SPARKYS ONE STOP #32,I-30 & CR 33,Carroll,IA,3.23233333,42.072000,-94.866700
67432,PILOT TRAVEL CENTERS #471,US-27 & US-17,Haines City,FL,3.559,28.058550,-81.619350
67432,PILOT TRAVEL CENTER #471,US-27 & US-17,Haines City,FL,3.569,28.058550,-81.619350
67434,SHELL FOOD MART,"I-35, EXIT 54",Cameron,MO,2.99066666,39.730900,-94.243700
67435,7 ELEVEN #40122,I-95 MM2,Newark,DE,3.459,39.620170,-75.664500
67436,7-ELEVEN #40069,"I-81, EXIT 29",Shippensburg,PA,3.42233333,40.051400,-77.519500
67437,CANDIA FIRST STOP,"SR-101, EXIT 3",Candia,NH,3.899,43.058500,-71.304900
67438,LOVES TRAVEL STOP #363,"I-75, EXIT 358 & SR-326",Ocala,FL,3.353,29.170300,-82.148907
67438,LOVES TRAVEL STOPS #363,"I-75, EXIT 358 & SR-326",Ocala,FL,3.329,29.170300,-82.148907
67439,LOVES TRAVEL STOPS #380,US-287/SR-114,Rhome,TX,3.089,33.054000,-97.481700
67439,LOVES TRAVEL STOP #380,US-287/SR-114,Rhome,TX,3.161,33.054000,-97.481700
67440,PILOT TRAVEL CENTERS #503,"I-79, EXIT 146 & CR-77",Morgantown,WV,4.059,39.626514,-79.958486
67442,PILOT #4598,I-75 EXIT 56,Niota,TN,3.599,35.581900,-84.572100
67443,PILOT #4599,"I-24, EXIT 135",Monteagle,TN,3.33566666,35.240200,-85.822800
67612,FLYING J TRAVEL PLAZA #914- TOWN PUMP,"I-90, EXIT 96 & US-93/SR-200",Missoula,MT,3.609,46.882263,-114.029100
67613,KWIK STAR #490,"US-20, EXIT 225 & SR-27/SR-58",Cedar Falls,IA,3.524,42.496950,-92.379600
67614,KWIK TRIP #622,US-14 & CR-5,Byron,MN,3.574,44.037300,-92.630800
67615,KWIK TRIP #844,US-63,Lake City,MN,3.549,44.430500,-92.283800
67616,KWIK TRIP #887,"US-41, EXIT 139 & SR-15",Appleton,WI,3.30233333,44.328167,-88.425117
67617,Twice Daily Convenience Store #8046,"I-24, EXIT 31 & SR-249",Joelton,TN,3.349,36.329000,-86.916300
67618,7-ELEVEN #40441,I-80 MM 21E,West Unity,OH,3.66233333,41.575600,-84.442100
67619,7-ELEVEN #40442,"I-80, MM 21W",West Unity,OH,3.66233333,41.575600,-84.442100
67620,LOVES TRAVEL STOP #452,"I-35, EXIT 70",Pauls Valley,OK,3.649,34.738500,-97.219500
67621,FLYING J TRAVEL PLAZA #925- TOWN PUMP,"I-15, EXIT 277",Great Falls,MT,3.63566666,47.526960,-111.280840
67622,LOVES TRAVEL STOP #454,"I-5/US-12, EXIT 72",Chehalis,WA,4.589,46.638200,-122.965800
67623,LOVES TRAVEL STOP #301,"I-90, EXIT 2",Post Falls,ID,3.74566666,47.719250,-116.943450
67624,LOVES TRAVEL STOP #300,I-70 EXIT 304,Bennett,CO,3.32566666,39.758900,-104.427500
67625,LOVES TRAVEL STOP #453,"I-10, EXIT 130 & US-231",Cottondale,FL,3.553,30.800400,-85.384700
67625,LOVES TRAVEL STOPS #453,"I-10, EXIT 130 & US-231",Cottondale,FL,3.589,30.800400,-85.384700
67626,KWIK TRIP #316,SR-15 N/SR-22 E,Hutchinson,MN,3.279,44.894600,-94.384700
67627,PILOT #4556,"I-75, EXIT 329",Wildwood,FL,3.22566666,28.845400,-82.034700
67627,PILOT TRAVEL CENTER #4556,"I-75, EXIT 329",Wildwood,FL,3.319,28.845400,-82.034700
67628,LOVES TRAVEL STOP #394,"I-65,EXIT 230",Demotte,IN,3.51233333,41.171300,-87.249100
67629,KWIK TRIP #681,"I-94, EXIT 205",Saint Michael,MN,3.29733333,45.206400,-93.659300
67630,KWIK TRIP #630,US-151/SR-32/SR-57,Chilton,WI,3.36566666,44.024200,-88.182700
67634,54 TRUCK STOP,US-54,Mullinville,KS,3.46566666,37.571600,-99.463900
67635,LOVES TRAVEL STOP #456,I-280 EXIT 1B,Perrysburg,OH,3.76066666,41.549950,-83.609950
67636,LOVES TRAVEL STOPS #258,"I-35, EXIT 183",Ottawa,KS,3.239,38.614200,-95.274500
67636,LOVES TRAVEL STOP #258,"I-35, EXIT 183",Ottawa,KS,3.263,38.614200,-95.274500
67637,Power Gas & Truck Stop,US-1/US-9/US-46 & SR-5,Palisades Park,NJ,3.219,40.846200,-73.995400
67641,DANIEL BOONE TRAVEL CENTER,US-23 /US-421/US-58 & SR-871,Duffield,VA,3.55733333,36.711400,-82.833700
67642,GO MART FOOD STORE #103,SR-16 & CR 50/39,Ellenboro,WV,3.699,39.296900,-81.062100
67643,QUALITY MART #62,I-77 EXIT 82,Jonesville,NC,2.859,36.228600,-80.787000
67644,PARKERS #31 (DISCOUNT AVAILABLE),US-80/SR-26 & US-280,Ellabell,GA,3.03233333,32.127300,-81.498300
67645,CIRCLE K #2721416,US-441 & SR-20,Gainesville,FL,3.899,29.667653,-82.353618
67647,BUCHS TRUCK STOP,SR-7,Steubenville,OH,3.69233333,40.361100,-80.656050
67650,VIRGINIA FAST STOP,SR-78 & SR-125,Virginia,IL,3.759,39.951200,-90.212300
67651,SIMMONS,US-60/SR-21,Ellsinore,MO,3.424,36.945300,-90.748500
67652,ON THE GO TRAVEL CENTER,"I-435, EXIT 8",Kansas City,KS,3.999,39.104587,-94.692920
67655,CIRCLE K #2706627,"I-10, EXIT 261",Slidell,LA,3.189,30.308660,-89.795120
67656,KWIK TRIP #888,US-10/US-49 & SR-54,Waupaca,WI,3.45733333,44.348100,-89.110100
67657,KWIK TRIP #463,US-52/SR-60,Zumbrota,MN,3.524,44.303200,-92.671900
67658,MIRABITO #41,I-81 EXIT 13,Tully,NY,4.299,42.807000,-76.139400
67664,CEFCO #16,SR-171,Godley,TX,2.98233333,32.428200,-97.534900
67665,ALL STAR,US-75 N,Sabetha,KS,3.499,39.899300,-95.811300
67666,5 STAR TRUCK STOP,"I-44, EXIT 137",Oklahoma City,OK,2.879,35.494951,-97.488642
67668,ADVENTURE TRUCK PLAZA,SR-3185 & SR-3107,Thibodaux,LA,3.399,29.799433,-90.816467
67669,ONE9 #1271,SR-86,Thermal,CA,4.299,33.557800,-116.157200
67669,CHEVRON DBA ONE9 #1271,SR-86,Thermal,CA,4.259,33.557800,-116.157200
67676,VALERO,"I-530/US-65, EXIT 34 & SR-365",White Hall,AR,3.16566666,34.274000,-92.091000
67677,BIGGAS TRUCK STOP,US-190/SR-6 & FM-2818,Bryan,TX,3.199,30.685714,-96.367071
67678,7-ELEVEN #40301,I-90/I-80,Genoa,OH,3.66233333,41.530000,-83.359000
67682,CASEYS #2739,1323 E MAIN ST,Beloit,KS,3.359,39.441600,-98.119200
67683,CASEYS #2734,"I-80, EXIT 222",Cozad,NE,3.03233333,40.861900,-99.992100
67684,CASEYS #2490,"I-35, EXIT 124 & US-69",Story City,IA,3.06233333,42.183500,-93.598800
67685,CASEYS #2792,"I-380/US-218, EXIT 13",Cedar Rapids,IA,3.499,42.037379,-91.635886
67686,CASEYS #2956,"I-315/US-81, EXIT 40",Hesston,KS,3.199,38.136000,-97.449500
67690,CEFCO #64,ST RT 14,Mexia,TX,3.099,31.678400,-96.495200
67695,MOREHEAD TRUCKSTOP,"I-64, EXIT 133 & SR- 801",Morehead,KY,3.599,38.199000,-83.443600
67697,FLORENCE TRAVEL PLAZA,"I-95, EXIT 150",Timmonsville,SC,3.999,34.101200,-79.937800
67698,FRONTIER TRAVEL CENTER,US-12 & US-85,Bowman,ND,3.53233333,46.173300,-103.402000
67699,GAP FARMS TRAVEL CENTER,"I-20, EXIT 69 & SR-151",Arcadia,LA,3.249,32.555600,-92.924500
67701,MARATHON,"I-94, EXIT 331",Casselton,ND,3.31566666,46.899200,-97.213800
67702,SPEEDWAY #6539,US-41/SR-45 & SR-52,Land O Lakes,FL,3.49566666,28.250600,-82.471133
67703,SPEEDWAY #6880,CR-611,Clearwater,FL,3.37733333,27.939723,-82.731869
67705,CITGO,US-1,North Brunswick,NJ,3.18566666,40.453800,-74.482300
67706,SPEEDWAY #3495,US-1/9,Elizabeth,NJ,3.599,40.666725,-74.215100
67707,SPEEDWAY #3503,"I-95, EXIT 13 & I-278/US-1/US-9",Linden,NJ,3.429,40.635400,-74.255600
67711,HOUMA COTEAU TRAVEL PLAZA,I-90/SR-20,Houma,LA,3.06233333,29.595025,-90.723200
67712,CASEYS #3810,"I-29, EXIT 132 & US-14",Volga,SD,3.279,44.322400,-96.925100
67715,HUTCH'S #109,"I-40, EXIT 38",Elk City,OK,2.969,35.411200,-99.412700
67716,HWY 19 SCALE,"SR-19/I-35, EXIT 66",Gaylord,MN,3.46566666,44.546300,-94.195500
67718,SUNSTOP #622,SR-52 & SR-167,Hartford,AL,3.599,31.086000,-85.719200
67720,REFUEL #1046,"I-20, EXIT 116 & US-15",Bishopville,SC,3.309,34.224100,-80.275000
67721,J AND D COUNTRYSIDE MARTHON,SR-76 & SR-173,Poplar Grove,IL,3.499,42.359400,-88.842800
67723,JET FOOD STORE #80,US-221/SR-135 & SR-206,Douglas,GA,3.45733333,31.487067,-82.850833
67724,LOVES TRAVEL STOP #458,"I-44, EXIT 88",Strafford,MO,3.37233333,37.279700,-93.106600
67726,SPEEDWAY #7909,"US-264, EXIT 73",Greenville,NC,3.13233333,35.591020,-77.376860
67727,SPEEDWAY #7907,US-264 & SR-33,Greenville,NC,2.944,35.591020,-77.376860
67728,SPEEDWAY #7905,SR-43 & SR-118,Vanceboro,NC,3.37566666,35.306300,-77.171600
67729,SPEEDWAY #6981,US-301 BYP,Rocky Mount,NC,3.43233333,35.938080,-77.803380
67732,Quik Pik,US-275 & SR-9,West Point,NE,3.21566666,41.845000,-96.731800
67734,TROTTER TRUCK PLAZA,ST 11,Ord,NE,3.299,41.596200,-98.941800
67735,Fast Fuel,US-81/SR-3,Kingfisher,OK,3.19066666,35.863600,-97.947300
67736,SPEEDWAY #9855,I-10 EXIT 49,Fabens,TX,3.23566666,31.474500,-106.158900
67738,SUPER JACK TRUCK STOP,US-84,Brookhaven,MS,3.11566666,31.577167,-90.463133
67739,STRIPES #40819,SR-359,Orange Grove,TX,3.06566666,27.948700,-97.983800
67742,STRIPES 7FLEET #42514,"I-20, EXIT 138",Midland,TX,3.459,31.939173,-102.066982
67743,STRIPES 7FLEET #42506,US-380 & US-277,Haskell,TX,3.539,33.158000,-99.730900
67744,STRIPES #40715,SR-107,La Villa,TX,3.169,26.299900,-97.924700
67745,STRIPES #40628,"I-2, EXIT 134 & US-83",Mission,TX,3.259,26.276167,-98.332067
67746,STRIPES #40598,I-2/US-83,Mission,TX,2.869,26.276167,-98.332067
67747,STRIPES 7FLEET #42424,US-87/US-190,Brady,TX,3.599,31.150900,-99.337200
67748,STRIPES 7FLEET #42428,"I-20 EXIT, 115",Odessa,TX,3.069,31.848278,-102.376622
67749,STRIPES 7FLEET #42436,I-20 EXIT 134,Midland,TX,3.06566666,31.939173,-102.066982
67750,STRIPES #40729,FM-511 & FM-802,Brownsville,TX,2.999,25.942040,-97.493380
67753,STRIPES #40892,SR-359 & SR-16,Hebbronville,TX,3.28566666,27.299700,-98.682900
67754,Refuel #185,US-220,Stokesdale,NC,3.699,36.255200,-79.970500
67755,BLUE WATER #12,"I-526, EXIT 23",Charleston,SC,3.23233333,32.825244,-79.928263
67757,KEITH'S SUPERSTORE,"I-59, I-20, EXIT 160",Meridian,MS,3.049,32.415414,-88.670443
67758,CLARKS PUMP N SHOP #47,SR-10/SR-9,Vanceburg,KY,3.599,38.469900,-83.270200
67762,CEFCO #2008,US-83/US-62 & US-287,Childress,TX,2.91566666,34.410400,-100.236400
67763,SHELL,US-72,Mount Pleasant,MS,3.399,34.953600,-89.523000
67764,NINNEKAH TRUCK STOP,US-277/US-81 & SR-19,Ninnekah,OK,3.229,34.914300,-97.933300
67766,STOP IN Food Store #8143,US-221/US-460 & SR-607,Montvale,VA,3.36566666,37.407000,-79.717500
67768,SHELL,US-60 & SR-657,Lewisport,KY,3.499,37.909000,-86.895700
67771,DUCK THRU FOOD STORE #26,"I-95, EXIT 154 & SR-308 & SR-11/SR-42",Lewiston Woodville,NC,3.399,36.093300,-77.143900
67772,STEVES SHELL,"I-55, EXIT 42",Brookhaven,MS,3.199,31.577167,-90.463133
67774,7-ELEVEN #39329,I-278/US-1,Linden,NJ,3.37566666,40.635400,-74.255600
67777,CIRCLE K #2721270,"I-95, EXIT 358B, SR-105",Jacksonville,FL,3.34233333,30.311931,-81.653317
67779,REATA PETROLEUM,I-76 & BARLOW RD,Fort Morgan,CO,3.439,40.254100,-103.803100
67782,SAMS MART #45,"I-40, EXIT 24 & SR-209",Waynesville,NC,3.599,35.517400,-82.981600
67783,RUTTERS #4,US-30 & SR-1016/2011,Wrightsville,PA,3.989,39.996600,-76.527000
67784,HAVANA CONVENIENCE,US-136,Havana,IL,3.799,40.300000,-90.061000
67787,PWI #109,"I-20, EXIT 126",Midland,TX,2.999,31.939173,-102.066982
67789,BEAR RIVER VALLEY CO OP,SR-13/SR-83,Corinne,UT,3.419,41.545000,-112.151400
67791,KINGSPORT TRUCK STOP,"I-81, EXIT 63",Kingsport,TN,3.899,36.536233,-82.543150
67792,CUBBYS #113,US-20/US-275,Oneill,NE,3.22566666,42.485700,-98.645600
67793,PILOT TRAVEL CENTER #131,"I-35, EXIT 34",Osceola,IA,3.459,41.029500,-93.771200
67793,PILOT TRAVEL CENTERS #131,"I-35, EXIT 34",Osceola,IA,3.439,41.029500,-93.771200
67794,ROAD RANGER #181,"I-55, EXIT 90",Springfield,IL,3.299,39.775611,-89.618957
67794,ROAD RANGER #181,"I-55, EXIT 90",Springfield,IL,3.399,39.775611,-89.618957
67794,ROAD RANGER #181,"I-55, EXIT 90",Springfield,IL,3.409,39.775611,-89.618957
67795,ROAD RANGER #263,"I-80, EXIT 93",Ottawa,IL,3.219,41.352600,-88.841600
67795,ROAD RANGER #263,"I-80, EXIT 93",Ottawa,IL,3.239,41.352600,-88.841600
67795,ROAD RANGER #263,"I-80, EXIT 93",Ottawa,IL,3.399,41.352600,-88.841600
67795,ROAD RANGER #263,"I-80, EXIT 93",Ottawa,IL,3.339,41.352600,-88.841600
67797,CHEVRON,US-71 & SR-179,Coushatta,LA,3.15566666,32.023100,-93.264800
67798,SUNSTOP #631,SR-231/SR-53 & SR-123,Ozark,AL,3.599,31.449100,-85.642050
67801,SUNOCO,"I-275, EXIT 42/SR-747",Cincinnati,OH,3.099,39.170541,-84.504528
67804,SUNSTOP #616,US-84/SR-134 & CR-1,Daleville,AL,3.399,31.281100,-85.730500
67806,84 QUICK STOP,I-84,Brookhaven,MS,3.149,31.577167,-90.463133
67811,QUICK FUEL #5301,SR-360,Grand Prairie,TX,3.024,32.694720,-97.017500
67813,LEROY TRUCK PLAZA,"I-74, EXIT 149",Le Roy,IL,3.479,40.346800,-88.759800
67815,LOVES TRAVEL STOP #254,"I-70, EXIT 59 & SR-39",Mooresville,IN,3.929,39.591500,-86.364200
67818,LOVES TRAVEL STOP #457,"I-30/US-67/US-70, EXIT 128",Little Rock,AR,3.24233333,34.759432,-92.344736
67819,BREW #31,US-71/US-18,Spencer,IA,3.46566666,43.145100,-95.145700
67820,CIRCLE K #2723487,US-17 & SR-211,Supply,NC,3.289,34.023100,-78.288400
67821,FAS MART #5261,SR-9 & SR-57,Tollesboro,KY,3.35233333,38.572300,-83.560500
67822,SPINX #178 (DISCOUNT AVAILABLE),"I-385, EXIT 42 & I-85, EXIT 51B & US-25",Travelers Rest,SC,3.19233333,35.003900,-82.427200
67823,FLASH MARKET #17032,"I-555/US-63, EXIT 29 & SR-69",Trumann,AR,3.40733333,35.588200,-90.562000
67824,CIRCLE K #2723641,US-231/SR-87/SR-10/SR-53 & CR-21,Troy,AL,3.799,31.785600,-85.976933
67826,VALLEN MART,US-14,Volga,SD,3.319,44.322400,-96.925100
67827,GAS N GO,US-280/SR-27 & SR-520,Richland,GA,3.199,32.084600,-84.666700
67829,KWIK TRIP #721,SR-19 & SR-73,Marshall,WI,3.49733333,43.163600,-89.075300
67832,Sprint Mart #45,US-278/US-45,Tupelo,MS,3.189,34.239550,-88.734500
67833,PETES #05,US-59 & US-400,Parsons,KS,3.299,37.338900,-95.269300
67835,CIRCLE K #2723782,"I-40, EXIT 38 & US-421",Greensboro,NC,3.08233333,36.078600,-79.803561
67837,PILOT TRAVEL CENTER #1054,US-183 & SR-21,Buda,TX,3.41566666,30.091800,-97.853400
67839,EL TIGRE FOOD STORE #13,SR-336,Hidalgo,TX,3.21566666,26.102800,-98.253600
67841,CIRCLE K #2723844,US-15/US-501/US-1,Sanford,NC,3.049,35.465533,-79.163333
67842,CIRCLE K #4707627,"I-81, EXIT 48",Watertown,NY,4.099,43.941500,-75.904450
67844,UNCLE WILLIES #1288,US-13,Felton,DE,3.219,39.022500,-75.582900
67846,CEDAR RIVER PLAZA,SR-35,Stephenson,MI,3.419,45.416600,-87.625800
67847,E Z PICKENS,"US-20, EXIT 275 & SR-13",Manchester,IA,3.579,42.483400,-91.449000
67848,JEMISON EXXON,"I-65, EXIT 219 & CR-42",Jemison,AL,3.299,32.980500,-86.718100
67849,KUM & GO #0379,US-412/ US-63 & SR-25,Black Rock,AR,3.199,36.114900,-91.117600
67850,SMILEYS FUEL CITY,"I-64/I-81, EXIT 205 & SR-206",Raphine,VA,3.539,37.937400,-79.221900
67854,CircleK #2709341,US-411,Chatsworth,GA,3.499,34.758900,-84.794300
67855,FAS MART #5262,"I-64, EXIT 94 & SR-1958/SR-2888",Winchester,KY,2.90733333,37.988650,-84.179300
67859,PILOT #1135,US-281,Falfurrias,TX,3.459,27.224200,-98.140800
67860,SHELL,"I-55, EXIT 227 & SR-32",Oakland,MS,2.999,34.075600,-89.887700
67861,CASEYS #4308,US-34,Chariton,IA,3.539,41.022600,-93.304200
67862,SUNOCO TRUCK STOP,"I-70, EXIT 123 & SR-3",Spiceland,IN,3.399,39.827100,-85.445000
67865,PILOT TRAVEL CENTER #897,"I-95, EXIT 12B, INTERSECTION OF SR-826 & 817",Opa Locka,FL,3.699,25.928650,-80.262400
67865,PILOT TRAVEL CENTERS #897,"I-95, EXIT 12B, INTERSECTION OF SR-826 & 817",Opa Locka,FL,3.699,25.928650,-80.262400
67866,QUICK DRAW TRAVEL PLAZA,"I-20, EXIT 49 & SR-531",Minden,LA,3.01233333,32.623850,-93.287700
67868,CHEVRON,SR-19,Huntsville,TX,2.979,30.735163,-95.565762
67871,BASIN MARKET #107,US-40,Vernal,UT,3.599,40.448050,-109.537800
67872,SMOKIES,US-45,Okolona,MS,3.099,33.969400,-88.763800
67874,RUTTERS #56,"I-83, EXIT 39A & SR-114",New Cumberland,PA,3.899,40.215100,-76.868900
67875,EXXON TIGER MART,"US-67/US-167, EXIT 28 & US-64",Beebe,AR,3.299,35.093700,-91.907400
67876,KUM & GO #0880,"US-412, EXIT 36",Stillwater,OK,2.954,36.111200,-97.061580
67877,CIRCLE K #4703701,I-24 EXIT 70,Smyrna,TN,3.03233333,35.965600,-86.504800
67879,Strike,US-287/96/69 & SR-347,Beaumont,TX,3.499,30.090154,-94.144269
67883,CASH MAGIC HOLLYWOOD,US-90,Berwick,LA,3.399,29.692900,-91.251800
67884,ROADRUNNER FUELS,US-550/SR-544,Aztec,NM,3.77566666,36.820500,-108.011000
67886,MAVERIK #5200,"I-70 BUSINESS, EXIT 25, CR-24",De Beque,CO,3.44233333,39.311800,-108.230400
67887,AIRLINE CHEVRON,US-61,Kenner,LA,3.099,29.992220,-90.249400
67890,KUM & GO #0449,US-60/US-71,Neosho,MO,3.05566666,36.870600,-94.386200
67892,TURRELL FUEL STOP,"I-55, EXIT 21",Turrell,AR,3.46566666,35.343900,-90.297800
67894,CIRCLE K #2705098,US-27 & SR-44,Leesburg,FL,3.57233333,28.829575,-81.856075
67897,KENT KWIK #273,SR-302 & SR-18,Kermit,TX,3.039,31.855000,-103.091300
67900,SPRINT FOODS #725,"I-520, EXIT 16/SR-28",Beech Island,SC,3.349,33.470700,-81.863900
67906,ON THE GO,SR-239,Prescott,KS,3.199,38.071800,-94.700800
67908,CIRCLE K #2744062,"I-25, EXIT 74",Colorado City,CO,3.349,37.944100,-104.841200
67910,G FUEL,US-40 & SR-140,Penns Grove,NJ,3.399,39.699400,-75.449500
67917,STRIPES 7FLEET #42510,"I-10, EXIT 256/US-285",Fort Stockton,TX,3.379,30.890800,-102.879900
67918,DELAWARE TRUCK STOP,"I-80, EXIT 4C/US-46",Delaware,NJ,3.079,40.892900,-75.064600
67922,EXXON,"I-20, EXIT 44 & US-371 & US-80/US-79",Minden,LA,3.399,32.623850,-93.287700
67923,MONROE CENTER BP OASIS,"I-39, EXIT 111/US-51 & SR-72",Monroe Center,IL,3.599,42.105000,-89.016900
67924,KUM & GO #0026,"I-90, EXIT 26",Adrian,MN,3.19066666,43.619700,-95.927300
67925,CHEVRON,US-61,Baton Rouge,LA,3.899,30.476669,-91.106726
67927,STONES TRUCK STOP,"I-29, EXIT 77/US-212",Watertown,SD,3.38233333,44.904300,-97.124000
67929,Circle K,SR-574,Plant City,FL,3.32566666,28.008780,-82.132320
67930,CIRCLE K #2721426,US-98/SR-30A & SR-368,Panama City,FL,3.29066666,30.195800,-85.664209
67931,Forks 1&23,US-1/US-23/SR-4 & SR-19,Alma,GA,3.599,31.546500,-82.463300
67932,SPRINT MART #4144,US-82/US-45/SR-12 & SR-182,Columbus,MS,3.01566666,33.498633,-88.411717
67933,SUNOCO,SR-50 & SR-471,Webster,FL,3.33566666,28.549000,-82.080500
67934,WHISPERING PINES,SR-10,Greensburg,LA,3.099,30.864700,-90.725600
67935,CIRCLE K #2707610,"I-10, EXIT 26",Milton,FL,3.23233333,30.641375,-87.085675
67938,TEXACO,"I-84, EXIT 376",Tremonton,UT,3.45566666,41.701600,-112.181300
67939,DELTA FUEL,"I-80, EXIT 242 & SR-339",Mifflinville,PA,3.36566666,41.032300,-76.308000
67940,MARTIN GENERAL STORE,US-22,Ebensburg,PA,3.524,40.480100,-78.726300
67941,FIESTA MART #21,"I-40, EXIT 278",Warner,OK,3.639,35.494500,-95.306400
67943,LOVES TRAVEL STOP #459,"I-65, EXIT 133 & SR-267",Whitestown,IN,3.62233333,40.000000,-86.350700
67949,7-ELEVEN #36835,"I-85, EXIT 32",Pelzer,SC,3.18233333,34.646100,-82.467300
67952,CIRCLE K #2707682,"I-75, EXIT 164 & US-17/SR-35",Punta Gorda,FL,3.399,26.935667,-82.001433
67957,CITGO,US-27,Hialeah,FL,3.47233333,25.875530,-80.304200
67965,DIAMOND #7,"I-65, EXIT 69",Brewton,AL,3.399,31.117300,-87.084150
67968,WHITESBURG BP,US-27/SR-16,Whitesburg,GA,3.699,33.511100,-84.925400
67974,TALL TIMBERS TRUCKSTOP,"I-10, EXIT 23 & SR-108",Sulphur,LA,3.83233333,30.228033,-93.378033
67976,KWIK TRIP #587,US-141 & SR-22,Lena,WI,3.28233333,44.956000,-88.075000
67977,KUM & GO #4127,"I-29, EXIT 127",Sloan,IA,3.109,42.242700,-96.230600
67994,Pure,US-82/SR-520/SR-135,Willacoochee,GA,3.46566666,31.345500,-83.044900
67997,CIRCLE K #2745137,"I-75/SR-401, EXIT 149 & SR-49",Byron,GA,3.199,32.618100,-83.789000
68002,CO RETAIL VENTURE DB,US-34 & SR-59,Yuma,CO,3.449,40.130100,-102.707200
68005,WESSON,"I-84, EXIT 22, SR-8, EXIT 22",Waterbury,CT,4.179,41.557450,-73.045219
68007,Highland oil,US-412,Hardy,AR,3.269,36.322700,-91.411000
68008,FAST LANE #3,US-64 & US-49,Mc Crory,AR,3.399,35.247300,-91.179300
68009,CIRCLE K #2741779,"US-270, EXIT 2",Hot Springs National Park,AR,3.369,34.547000,-93.037960
68012,ROYAL FARMS #120,US-13/CR-16,Greenwood,DE,3.259,38.817500,-75.593500
68016,Chevron #386730,"I-10, EXIT 139",Phoenix,AZ,3.299,33.491612,-112.079255
68017,TEXACO,SR-89,Prescott,AZ,3.739,34.630717,-112.523850
68019,PAC PRIDE CARDLOCK,CR-25/CR-826,Miami,FL,3.479,25.768995,-80.258580
68020,EXXON,"I-10, EXIT 335/SR-121",Macclenny,FL,3.499,30.273700,-82.132500
68026,MINIT MART #600627,"I-57, EXIT 312",Kankakee,IL,3.449,41.116600,-87.869600
68029,MAPCO #3502,SR-151,Ringgold,GA,3.09233333,34.920500,-85.154900
68030,FIVE STAR EXPRESS,"I-520/SR-415, EXIT 16 & SR-28",Augusta,GA,3.499,33.432962,-82.075146
68031,ORCHARD STOP BP,US-30,Montgomery,IL,3.649,41.717700,-88.332000
68031,ORCHARD STOP BP,US-30,Montgomery,IL,3.549,41.717700,-88.332000
68033,CIRCLE K #2703175,"I-520/SR-415, EXIT 9 & SR-56",Augusta,GA,3.28233333,33.432962,-82.075146
68036,MOBIL,"I-95, EXIT 60",Salisbury,MA,3.599,42.850700,-70.858800
68040,MISHAWAKA ROAD FLEET SITE,SR-19 & CR-20,Elkhart,IN,3.689,41.678825,-85.971125
68043,CARROLL MOTOR FUELS,US-40,Middle River,MD,3.139,39.340100,-76.415300
68048,CASEYS #3961,SR-3 & SR-143,Marcus,IA,3.299,42.820000,-95.803400
68052,CUBBYS #302,SR-39 & SR-175,Odebolt,IA,3.31566666,42.309500,-95.250100
68053,KJ TRAVEL CENTER,"US-20, EXIT 310",Idaho Falls,ID,3.40733333,43.484743,-112.004357
68055,Gallops,US-20,Michigan City,IN,3.399,41.700750,-86.892500
68062,FARMERS UNION OIL,US-83,Wilton,ND,3.899,47.170900,-100.794400
68065,Caseys #4450,US-160,Ulysses,KS,3.399,37.579200,-101.348800
68067,PUMP & PANTRY #2,US-30 & US-281,Grand Island,NE,3.30733333,40.907667,-98.410167
68068,ELGIN ONE STOP,SR-14 & SR-70,Elgin,NE,3.13733333,41.973200,-98.075100
68070,PAULS TRUCK STOP,US-171,Leesville,LA,3.449,31.134550,-93.217300
68072,FAMILY FARE #834 (DISCOUNT AVAILABLE),"US-131, EXIT 175",Byron Center,MI,3.739,42.801600,-85.713600
68073,BIG BATS 2,US-20,Chadron,NE,3.699,42.819300,-102.995300
68076,JENNINGS TRUCKSTOP,"I-10, EXIT 65",Jennings,LA,2.999,30.220100,-92.657400
68079,NORTH FORK TRUCK STOP,US-12/CR-103,White Pigeon,MI,3.559,41.792900,-85.675000
68079,NORTH FORK TRUCK STOP,US-12/CR-103,White Pigeon,MI,3.599,41.792900,-85.675000
68080,SAMMYS TRUCK AUTO PLAZA,"I-49, EXIT 53",Bunkie,LA,3.399,30.864100,-92.146600
68081,SHELL,SR-308 & SR-654,Mathews,LA,3.459,29.693800,-90.549600
68091,ALLTOWN MARKETS,"SR-101, EXIT 2",Auburn,NH,3.799,42.992500,-71.344900
68093,MARATHON,US-223/CR-52,Adrian,MI,3.599,41.900500,-84.044600
68095,ALEXS MARKET AND GRILL,"I-75, EXIT 101",Holly,MI,4.699,42.790500,-83.612700
68100,REFINED MARKETERS,"I-96, EXIT 31A/US-131, EXIT 88",Grand Rapids,MI,3.739,42.979527,-85.613319
68102,SUNOCO,ST 17,Carlstadt,NJ,3.16233333,40.840300,-74.092500
68107,SPEEDWAY #4500,"I-35, EXIT 171/CR-11",Pine City,MN,3.549,45.836300,-92.904200
68110,CIRCLE K #4705573,SR-82,Grafton,OH,3.749,41.285400,-82.043100
68112,QUICK FUEL #3138,"I-35, EXIT 98/CR-26",Saint Paul,MN,3.61733333,44.959586,-93.101595
68113,CIRCLE K #4705571,ST 2,Holland,OH,3.549,41.622600,-83.725700
68114,BP,US-130,Burlington,NJ,3.14566666,40.068000,-74.845400
68116,Circle K #2746335,"I-35, EXIT 22",Minneapolis,MN,3.799,44.982377,-93.296100
68122,CENEX,SR-11/SR-310,Roseau,MN,3.499,48.704800,-95.750400
68124,CIRCLE K #4705587,SR-585 & SR-57,Rittman,OH,3.659,40.968400,-81.782600
68129,CULVERS HAWKINS,"US-59/I-29, EXIT 43",Saint Joseph,MO,3.199,39.749525,-94.836650
68133,CASEYS #4256,US-71/SR-175,Joplin,MO,3.069,37.077950,-94.510500
68140,CROSSROADS RATON TRUCK STOP,"I-25/US-85, EXIT 451 & US-87",Raton,NM,3.499,36.895200,-104.434900
68147,Regal Truck Stop,SR 30,New Albany,MS,3.249,34.485100,-89.003100
68148,CIRCLE K #2723389,US-49,Gulfport,MS,2.944,30.414383,-89.071117
68151,KUM & GO #0498,SR-125,Rogersville,MO,3.05233333,37.131000,-93.096400
68154,LOVES TRAVEL STOP #395,"I-57, EXIT 308",Kankakee,IL,3.379,41.116600,-87.869600
68154,LOVES TRAVEL STOP #395,"I-57, EXIT 308",Kankakee,IL,3.449,41.116600,-87.869600
68154,LOVES TRAVEL STOP #395,"I-57, EXIT 308",Kankakee,IL,3.489,41.116600,-87.869600
68154,LOVES TRAVEL STOP #395,"I-57, EXIT 308",Kankakee,IL,3.429,41.116600,-87.869600
68154,LOVES TRAVEL STOP #395,"I-57, EXIT 308",Kankakee,IL,3.549,41.116600,-87.869600
68155,SHEETZ #181,"I-80, EXIT 158 & SR-220",Bellefonte,PA,3.729,40.897800,-77.773200
68156,A PLUS MINI MARKET,"I-95, EXIT 26",Philadelphia,PA,3.999,39.990761,-75.142609
68157,RAJS MINI MART,US-1/SR-29,Morrisville,PA,3.899,40.208400,-74.829100
68158,SUNOCO,"I-78, EXIT 29A/SR-61",Shoemakersville,PA,3.639,40.495500,-75.960300
68161,KWIK FILL #390,SR-15 & TABER RD,Blossburg,PA,3.684,41.669800,-77.079700
68165,GOLDEN GATE Fallon,US-50,Fallon,NV,3.549,39.472433,-118.780300
68167,CIRCLE K #4707628,SR-90 & SR-5,Montezuma,NY,3.999,43.010100,-76.703300
68169,GOLDEN GATE GOLDEN VALLEY,"US-395, EXIT 73",Reno,NV,3.949,39.536150,-119.814625
68174,MIRABITO #42,"I-81, EXIT 7",Castle Creek,NY,3.999,42.256800,-75.908700
68177,ONVO TRAVEL PLAZA - MIFFLINVILLE,"I-80, EXIT 242/CR-339",Mifflinville,PA,3.36566666,41.032300,-76.308000
68178,CIRCLE K #2723748,"I-20, EXIT 48",Pearl,MS,3.389,32.267500,-90.110850
68179,WEST PAK A POK,SR-8,Houston,MS,3.399,33.902600,-88.967000
68180,One9 #1374,"I-81, EXIT 143, SR-924",Hazleton,PA,3.86233333,40.949700,-76.002500
68185,CITGO,US-22/SR-72,Jonestown,PA,3.749,40.436100,-76.503800
68188,ONVO TRAVEL PLAZA - GIBSON,"I-81, EXIT 219 & SR-848",New Milford,PA,3.589,41.866400,-75.717100
68189,EAGLE EXXON,US-27/SR-29,Dayton,TN,3.399,35.500200,-85.013500
68191,MARTIN GENERAL STORE # 207,SR-865/I-99 EXIT 41,Altoona,PA,3.539,40.509300,-78.403133
68196,CATDADDY MARKET,SR-33,Tazewell,TN,3.299,36.471000,-83.555200
68211,CEFCO #2005,"I-40, EXIT 73",Amarillo,TX,2.869,35.253452,-101.865656
68212,CIRCLE K #2723415,"I-26, EXIT 16",Spartanburg,SC,3.099,34.937850,-81.899775
68213,CADOO MILLS,"I-30/US-67, EXIT 87 & FM-1903",Caddo Mills,TX,2.80066666,33.068300,-96.239100
68215,COWBOY TRAVEL PLAZA,"I-10, EXIT 833",Hamshire,TX,2.899,29.866800,-94.318700
68217,CIRCLE K #2723881,US-701 & US-501,Conway,SC,3.184,33.863867,-79.040733
68225,OASIS TRUCK STOP,US-60 & US-83,Canadian,TX,3.299,35.904500,-100.384100
68227,QUARLES #4914,"I-64 EXIT 297, US-13",Chesapeake,VA,3.52566666,36.750756,-76.282967
68234,CIRCLE K #2723705,"I-81, EXIT 80 & SR-121",Wytheville,VA,3.26566666,36.940700,-81.094100
68235,JOLLEY #113,"I-91, EXIT 28",Derby,VT,3.539,44.950200,-72.137600
68236,TEX BEST #506,"I-35, EXIT 84",Dilley,TX,3.099,28.678200,-99.174700
68243,PILOT EXPRESS #1173,"I-5, EXIT 135",Tacoma,WA,4.599,47.226089,-122.453629
68245,STRIPES #40705,US-77/SR-374,Combes,TX,2.91233333,26.245100,-97.741600
68253,KENT KWIK #262,"CR-18/I-20, EXIT 80",Monahans,TX,2.859,31.581300,-102.900300
68256,EXTRA MILE TRUCK STOP,I-30 EXIT 208,Hooks,TX,2.81733333,33.525300,-94.265700
68257,LOVES TRAVEL STOP #292,"I-55, EXIT 220",Dwight,IL,3.589,41.088700,-88.415900
68257,LOVES TRAVEL STOP #292,"I-55, EXIT 220",Dwight,IL,3.389,41.088700,-88.415900
68257,LOVES TRAVEL STOP #292,"I-55, EXIT 220",Dwight,IL,3.489,41.088700,-88.415900
68257,LOVES TRAVEL STOP #292,"I-55, EXIT 220",Dwight,IL,3.349,41.088700,-88.415900
68257,LOVES TRAVEL STOP #292,"I-55, EXIT 220",Dwight,IL,3.449,41.088700,-88.415900
68258,CIRCLE K #2741536,SR-83/CR-1015,Weslaco,TX,3.03566666,26.164450,-97.989750
68260,ALVARADO MARKET STATION,"I-35W, EXIT 26A & US-67",Alvarado,TX,2.844,32.439500,-97.213000
68261,STRIPES #2294,US-83 & FM-1120,Leakey,TX,2.949,29.769000,-99.747900
68266,FREDS FUEL AND FOOD #2,"I-57, EXIT 283 & US-24",Gilman,IL,3.189,40.768000,-87.993300
68266,FREDS FUEL AND FOOD #2,"I-57, EXIT 283 & US-24",Gilman,IL,3.269,40.768000,-87.993300
68266,FREDS FUEL AND FOOD #2,"I-57, EXIT 283 & US-24",Gilman,IL,3.049,40.768000,-87.993300
68268,SPEED SMART,"I-10, EXIT 114",Buckeye,AZ,3.37233333,33.419150,-112.531250
68270,MPC #2,US-67 & CR-A,Fredericktown,MO,2.99066666,37.490600,-90.336200
68271,PHOENIX #308,ST 210,Rocky Point,NC,3.619,34.434400,-77.923400
68273,CHISUM TRAVEL CENTER,US-70/US-54,Tularosa,NM,2.999,33.065000,-106.010800
68274,CEFCO #6,SR-6 & SR-7,Marlin,TX,2.999,31.303600,-96.888900
68276,KWIK STAR #895,US-18/US-63 EXIT 204,New Hampton,IA,3.449,43.056000,-92.313100
68277,WHITE OAK STATION #15,US-65,Harrison,AR,3.599,36.235750,-93.106950
68279,MACS MARKET #101,ST 22A,Fair Haven,VT,3.599,43.623400,-73.270100
68282,SUNSTOP #612,US-84,Andalusia,AL,3.48566666,31.310900,-86.498600
68290,WALTON TRUCK STOP,US-78/SR-10 & SR-83,Monroe,GA,3.999,33.813450,-83.705850
68292,GAS N GO,US-280/US-19,Americus,GA,3.299,32.061850,-84.256400
68294,BP,"I-74, EXIT 51",Galesburg,IL,3.499,40.949950,-90.370500
68298,MR FUEL #719,"I-80, EXIT 6",Gary,IN,3.56566666,41.579437,-87.339713
68301,LOVES TRAVEL STOP #463,I-10 EXIT 604,Seguin,TX,3.179,29.586550,-97.967000
68302,FLYING J #493,I-95 EXIT 77,Saint George,SC,3.519,33.184500,-80.573200
68303,KWIK TRIP #351,SR-13 & SR-64,Medford,WI,3.40066666,45.151200,-90.350300
68306,BIG D #018,SR-387 & SR-59,Gillette,WY,3.459,44.171633,-105.514167
68307,EXPRESSWAY LUVERNE,"I-90, EXIT 12",Luverne,MN,3.239,43.661400,-96.221600
68308,PINECONE TRAVEL PLAZA,"I-94, EXIT 267",Johnson Creek,WI,3.219,43.075100,-88.783600
68311,SUN DO KWIK SHOP,SR-242,Evergreen,NC,3.159,34.420400,-78.894700
68314,Refuel #313,US-183 & SR-29,Liberty Hill,TX,2.909,30.663000,-97.931600
68315,SHELL,"I-40, EXIT 200 & SR-99",Seminole,OK,2.859,35.238300,-96.669450
68316,CIRCLE K #2723622,"I-75, EXIT 345",Ringgold,GA,3.07566666,34.920500,-85.154900
68318,NINOS TRUCK PLAZA,"I-10, EXIT 151",Port Allen,LA,3.039,30.472000,-91.254100
68319,HOLIDAY STATIONSTORE #2746484,US-61 & US-10,Hastings,MN,3.569,44.712900,-92.863700
68321,Big's #304,"I-35, EXIT 141",Moore,TX,2.999,29.059500,-99.020400
68323,TRAINER MART,"I-10, EXIT 593",Marion,TX,2.999,29.568300,-98.151700
68328,TONKAWA TRAVEL CENTER,"I-35, EXIT 214 & US-60",Tonkawa,OK,3.099,36.680600,-97.306300
68330,SHREES TRUCK STOP,"I-90, EXIT 149 & SR-281",George,WA,3.709,47.079200,-119.860100
68330,SHREES TRUCK STOP,"I-90, EXIT 149 & SR-281",George,WA,3.569,47.079200,-119.860100
68330,SHREES TRUCK STOP,"I-90, EXIT 149 & SR-281",George,WA,3.739,47.079200,-119.860100
68330,SHREES TRUCK STOP,"I-90, EXIT 149 & SR-281",George,WA,3.759,47.079200,-119.860100
68332,CIRCLE K #2701526,"I-40, EXIT 208",Colfax,NC,2.95733333,36.100300,-80.010300
68333,GO MART FOOD STORE #106,US-250/US-219/SR-92/SR-55,Elkins,WV,3.499,38.925300,-79.847100
68335,PILOT #481,"I-75, EXIT 20",Mc Donald,TN,3.599,35.086900,-84.989200
68337,SPEEDWAY #1426,US-30 & SR-51,Merrillville,IN,3.88566666,41.478600,-87.361850
68339,LOVES TRAVEL STOP #464,"I-10, EXIT 523 & US-87",Comfort,TX,3.21233333,29.967700,-98.905000
68343,HUTCH'S #119,I-40 EXIT 40,Elk City,OK,2.969,35.411200,-99.412700
68347,ENERGY EXPRESS TRAVEL CENTER,I-70 EXIT 247,Saint Louis,MO,2.909,38.640271,-90.286310
68348,HOT SPOT #6007,"I-85, EXIT 80",Spartanburg,SC,3.089,34.937850,-81.899775
68349,SAPP BROS TRAVEL CENTER,"US-75, EXIT 116",Le Mars,IA,3.269,42.796200,-96.170400
68350,JOAQUIN QUICK STOP,US-84,Joaquin,TX,3.43233333,31.944000,-94.060800
68354,LEERJAK TRAVEL CENTER,US-60,Ellsinore,MO,3.409,36.945300,-90.748500
68359,LOVES TRAVEL STOP #466,"I-78, EXIT 65",Jasper,AL,3.55566666,33.867575,-87.257275
68360,A PLUS MINI MARKET,"I-95, EXIT 19",Philadelphia,PA,4.049,39.990761,-75.142609
68361,DUCK THRU FOOD STORE #34,US-158 & US-17,Elizabeth City,NC,3.499,36.288500,-76.237700
68362,RUTTERS #5,US-30 & SR-997,Fayetteville,PA,3.859,39.906500,-77.531000
68364,Maplefields,"I-89, EXIT 19",Saint Albans,VT,3.539,44.811000,-73.086100
68365,7-ELEVEN #36834,SR-72,Abbeville,SC,3.619,34.181900,-82.378500
68366,MARATHON,US-68/SR-80,Russellville,KY,3.199,36.845300,-86.882300
68367,LOVES TRAVEL STOP #447,"I-10 E, EXIT 0",Anthony,TX,3.449,31.990700,-106.597600
68368,AKAL TRAVEL CENTER,I-80 EX 360,Waco,NE,2.799,40.919800,-97.453400
68369,WORKMANS TRAVEL CENTER,"I-40 EXIT, 35 & SR-23",Ozark,AR,3.29733333,35.524600,-93.837400
68370,GULF EXPRESS DIESEL AND GAS,"I-295, EXIT 4 & SR-14",Johnston,RI,3.799,41.827400,-71.520000
68372,SPEEDWAY #8062,SR-26/CR-00,Kokomo,IN,3.799,40.472225,-86.129575
68375,PILOT #491,"I-81, EXIT 251 & US-11",Harrisonburg,VA,3.659,38.457475,-78.858100
68377,PILOT #4568,I-20 EXIT 11,Graniteville,SC,3.39233333,33.563000,-81.814700
68378,PILOT TRAVEL CENTERS #596,I-69 EXIT 196,Smiths Creek,MI,3.959,42.905100,-82.567900
68381,Fast Stop Travel Centers #2241,US-26 S & SR-39,Blackfoot,ID,3.999,43.194300,-112.361500
68382,QUIKTRIP #766,US-29 & SR-316,Dacula,GA,3.32066666,33.988300,-83.879500
68383,AYERCO 32,US-61 & SR-P,Canton,MO,3.01566666,40.143700,-91.548000
68386,KWIK TRIP #884,US-45 & SR-22,Clintonville,WI,3.559,44.636400,-88.743000
68389,WEBERS OF PLYMOUTH,SR-57 N/CR-PP E,Plymouth,WI,3.499,43.752600,-87.977900
68394,CHEVRON,"I-84, EXIT 343/CR-104",Ogden,UT,3.44233333,41.239508,-111.965408
68396,TOOT N TOTUM #44,SR-287 E/CR-335 N,Amarillo,TX,3.04233333,35.253452,-101.865656
68403,RUTTERS #16,"I-83, EXIT 10 & SR-214",York,PA,4.199,39.964987,-76.697000
68405,PILOT TRAVEL CENTER #1028,"I-45, EXIT 178/US-79 N",Buffalo,TX,3.549,31.412100,-95.990400
68406,TOOT N TOTUM #114,US-385/US-54,Dalhart,TX,3.199,36.073200,-102.517700
68411,PAWNEE TRAVEL PLAZA,US-412 & SR-18,Pawnee,OK,3.044,36.336200,-96.792300
68416,STRIPES 7FLEET #42515,US-87 N,Lamesa,TX,3.099,32.736700,-101.956900
68417,7-ELEVEN #42072,"I-20, EXIT 599/SR-281",Longview,TX,3.20733333,32.509956,-94.764822
68419,ROAD RANGERS #270,"I-35, EXIT 114/SR-462",Moore,TX,3.169,29.059500,-99.020400
68420,SHELBINA Phillips 66,US-36 & SR-15,Shelbina,MO,3.099,39.694700,-92.037100
68421,STRIPES,US-77,Refugio,TX,3.074,28.316900,-97.276700
68423,GOLDEN GATE TRUCKSTOP,"I-80, EXIT 106 & SR-398",Lovelock,NV,3.649,40.181900,-118.468900
68424,MAVERICK TRAVEL CENTER,"I-20, EXIT 386/US-281",Santo,TX,3.099,32.597900,-98.179700
68428,STRIPES #40519,US-90/CR-1023,Uvalde,TX,3.359,29.220450,-99.786250
68432,PAPA ROCK,US-79/SR-76,Clarksville,TN,3.199,36.525360,-87.354700
68434,Circle K #2741789,"I-30, EXIT 98 & US-270",Malvern,AR,3.439,34.355700,-92.829200
68440,EXPRESS GAS,"I-40, EXIT 2A/US-51",Memphis,TN,2.979,35.159839,-89.969254
68441,QUIKTRIP #1106,US-76,Anderson,SC,2.959,34.481933,-82.701850
68444,Sunoco,US-30,Roebling,NJ,3.159,40.115400,-74.777200
68446,J J OIL #07,US-160,Ulysses,KS,3.399,37.579200,-101.348800
68447,JUMPIN JACKS 419,SR-161,Rockport,IN,3.999,37.885800,-87.077000
68451,CASEYS #3439,US-63,Lime Springs,IA,3.56566666,43.455600,-92.273300
68453,Marathon,US-82/US-27,Cuthbert,GA,3.699,31.770600,-84.793600
68458,SPEEDWAY #6278,"I-96, EXIT 16",Coopersville,MI,3.599,43.060100,-85.951700
68458,SPEEDWAY #6278,"I-96, EXIT 16",Coopersville,MI,3.499,43.060100,-85.951700
68462,CHEVRON,SR-24 & SR-660,Houma,LA,3.099,29.595025,-90.723200
68463,SPANISH LAKE TRUCK AND CASINO PLAZA,SR-182,New Iberia,LA,3.329,30.009667,-91.796100
68465,LOVES TRAVEL STOP #470,"I-75, EXIT 451",Jasper,FL,3.32733333,30.502900,-82.932200
68466,KWIK TRIP #462,SR-11 & SR-83,Burlington,WI,3.274,42.666000,-88.274900
68468,SHELL,SR-193/SR-163 & CR-26,Theodore,AL,3.039,30.516200,-88.217000
68469,8 MILE STORE,"US-64/I-40, EXIT 127",Conway,AR,3.399,35.094275,-92.400425
68471,B LINE SHELL,SR-710,Jupiter,FL,3.95733333,26.938820,-80.122740
68476,CREEK TRAVEL PLAZA,"I-65, EXIT 54",Atmore,AL,3.13566666,31.032267,-87.492800
68480,KUM & GO #0414,US-212/SR-265,Springdale,AR,3.14233333,36.178575,-94.125325
68493,FAST TRACK 427,"I-10, EXIT 225/US-19",Lamont,FL,3.739,30.377200,-83.812900
68494,LOVES TRAVEL STOPS #469,"I-85, EXIT 15 & US-1",South Hill,VA,3.949,36.712400,-78.153400
68494,LOVES TRAVEL STOP #469,"I-85, EXIT 15 & US-1",South Hill,VA,3.949,36.712400,-78.153400
68497,JACKSONS FOOD STORE #30,"I-86, EXIT 61",Pocatello,ID,3.459,42.831133,-112.419833
68499,DUBOIS TRAVEL STOP,I-15 & MAIN,Dubois,ID,4.299,44.185800,-112.325900
68506,WARRIOR RIDGE,US-22 & SR-3035,Ashland,PA,3.699,40.773200,-76.343000
68511,PWI #675,I-10/US-85/US-180 EXIT 155 & SR-227,Vado,NM,2.949,32.118700,-106.649000
68512,BP,US-29/SR-154,Palmetto,GA,3.249,33.524200,-84.679000
68518,CHEVRON,SR-243,Gordon,GA,3.359,32.881300,-83.302900
68520,SPEED GAS,SR-56,Rosenhayn,NJ,3.459,39.478200,-75.131300
68522,MINIT MART #600632,"I-474, EXIT 9 & SR-29",Pekin,IL,3.739,40.565200,-89.638400
68524,Coastal Fuel,US-421,Wilmington,NC,3.399,34.199792,-77.886400
68531,CASEYS #2845,"SR-150, I-380, EXIT 41",Urbana,IA,3.449,42.236500,-91.888100
68533,MACH ONE FOOD SHOP #17,US-45/US-50,Flora,IL,3.899,38.670300,-88.491900
68534,BG FOOD MART,US-31,Bowling Green,KY,3.05733333,36.960875,-86.420050
68535,CASEYS #3295,SR-35 & SR-27,Prairie Du Chien,WI,3.499,43.042600,-91.119300
68541,DUCK THRU #3,SR-11 & SR-561,Ahoskie,NC,3.56233333,36.295700,-76.996600
68542,EXCELL FUELS,SR-5,Buffalo,NY,3.999,42.869418,-78.845336
68549,GOOD 2 GO #212,US-310/SR 789,Lovell,WY,3.657,44.833600,-108.414100
68552,HUCKS FOOD & FUEL #368,"US-41, EXIT 44/SR-281",Madisonville,KY,3.399,37.325600,-87.495300
68556,MONICARLO FUEL STOP,US-61 & SR-54,Garyville,LA,3.199,30.053500,-90.620100
68559,KUM & GO #0779,"I-35, EXIT 92 & US-136",Bethany,MO,2.95566666,40.260100,-94.018900
68562,CHEVRON,SR-3235,Galliano,LA,3.499,29.431100,-90.298100
68572,FOOD N FUN #17,US-90 & SR-83 & CR-605,New Iberia,LA,3.067,30.009667,-91.796100
68574,SPRING STREET SERVICE STATION,US-1/US-9,Elizabeth,NJ,3.099,40.666725,-74.215100
68581,CHEVRON #308195,"I-82, EXIT 58/US-12 & SR-223",Granger,WA,4.499,46.348000,-120.181800
68581,CHEVRON #308195,"I-82, EXIT 58/US-12 & SR-223",Granger,WA,4.329,46.348000,-120.181800
68588,SHELL,"US-202, EXIT 16",Orange,MA,3.649,42.612900,-72.292400
68592,Sprint Food #742,US-25/SR-121,North Augusta,SC,3.159,33.543233,-81.959767
68593,ONE9 #1285,"I-20, EXIT 386 & US-281",Santo,TX,2.924,32.597900,-98.179700
68594,CIRCLE K #2723796,SR-S-8-33 & SR-S-8-119,Charleston,SC,3.199,32.825244,-79.928263
68595,SUPER LUCKY LOUIES,US-190/SR-1,Port Allen,LA,3.03233333,30.472000,-91.254100
68596,FLASH MARKET SHELL,US-63,Koshkonong,MO,3.499,36.605600,-91.630400
68598,7-ELEVEN #41032,US-84 & US-259,Mount Enterprise,TX,3.349,31.912500,-94.623500
68602,NEW DIXIE MART #19,"I-95, EXIT150",Whitakers,NC,3.339,36.075800,-77.716700
68606,SAMS MART #95,SR-49,Harrisburg,NC,3.799,35.324700,-80.659400
68613,SHEETZ #236,SR-441 & SR-772,Marietta,PA,3.389,40.066400,-76.564500
68618,MINER TOWNE MART,206 R-11,Shullsburg,WI,3.399,42.578600,-90.226600
68621,CIRCLE K #2723367,"I-77, EXIT 8 & SR-148",Fancy Gap,VA,3.29066666,36.664000,-80.690700
68622,PILOT #474,"I-79, EXIT 67 & SR-19",Sutton,WV,3.86566666,38.654100,-80.676000
68623,FLYING J TRAVEL PLAZA #304,"I-469, EXIT 19 & US-30",New Haven,IN,3.859,41.069900,-85.011700
68623,FLYING J #304,"I-469, EXIT 19 & US-30",New Haven,IN,3.859,41.069900,-85.011700
68624,PILOT #586,"I-10, EXIT 69 & SR-63",Moss Point,MS,3.459,30.486050,-88.508000
68625,FLYING J #470 HUDSON,"I-94, EXIT 10 & US-65",Roberts,WI,3.559,44.987400,-92.559800
68626,BECKS EXPRESS MART #14,SR-26,Princeton,IL,3.249,41.362900,-89.427000
68630,DOWNSTREAM Q STORE,US-166/US-400,Joplin,MO,3.199,37.077950,-94.510500
68642,EXXON SANDY RIDGE MART,"I-40/US-421, EXIT 208",Colfax,NC,3.099,36.100300,-80.010300
68643,SHELL,"I-95, EXIT 58 & US-13",Wade,NC,3.199,35.160600,-78.724900
68644,SUPERPUMPER #32,US-2,Minot,ND,3.599,48.259375,-101.302900
68650,MARATHON,"I-75, EXIT 8",Cincinnati,OH,3.899,39.170541,-84.504528
68653,KWIK TRIP #679,"I-43, EXIT 128 & SR-42",Sheboygan,WI,3.21566666,43.758967,-87.703133
68656,TA Express Williston,US-2 & US-85,Williston,ND,3.44733333,48.180433,-103.627900
68659,KWIK TRIP #659,"US-52, EXIT 56 & CR-22",Rochester,MN,3.549,44.031700,-92.463900
68663,LOVES TRAVEL STOP #474,US-85/US-2 & CR-6,Williston,ND,3.519,48.180433,-103.627900
68665,BIG D 14,"I-90, EXIT 46/US-14/SR-79",Piedmont,SD,3.13733333,44.228700,-103.368800
68671,CASEYS #2969,US-81 & RD F,Fairmont,NE,3.28233333,40.640400,-97.587300
68672,24 NORTH MOBIL,"I-495, EXIT 7A & SR-24, EXIT 14B",Bridgewater,MA,3.699,41.982300,-70.972550
68674,TEXACO,US-290 & SR-696,Elgin,TX,3.099,30.323100,-97.373700
68684,Rebecca Plantation Truck Plaza,"US-90, EXIT 200 & SR-311",Schriever,LA,2.999,29.712300,-90.851300
68685,QUICK FUEL #2403,"I-29/I-35/SR-71, EXIT 5B",Kansas City,MO,3.344,39.117442,-94.567246
68689,CHEVRON,"I-10, EXIT 59 & SR-395",Roanoke,LA,3.609,30.246400,-92.742100
68690,MARATHON,US-30 & SR-30,Mansfield,OH,3.499,40.760929,-82.516871
68691,BYRNE DAIRY #43,"I-81, EXIT 36 & SR-13",Pulaski,NY,4.099,43.556200,-76.125200
68692,DANDY MINI MART #57,SR-14,Horseheads,NY,3.899,42.180500,-76.834500
68693,SUPER STOPS,SR-70 & SR-308,Belle Rose,LA,3.499,30.026000,-91.044400
68696,STRIPES #40800,FM-351 & US-181,Beeville,TX,3.01566666,28.407650,-97.768800
68697,STRIPES #40915,"I-35, EXIT 8 & SR-20 & FM-1472",Laredo,TX,2.979,27.518557,-99.461743
68698,GAS N WASH,"I-80, EXIT 145 & SR-84",Mokena,IL,3.499,41.534200,-87.891100
68699,ORGANIC CONNECTION MOBIL,SR-997,Homestead,FL,3.344,25.487844,-80.468789
68701,SPEEDWAY #1421,US-45 & CR-74,Frankfort,IL,3.399,41.509400,-87.824800
68701,SPEEDWAY #1421,US-45 & CR-74,Frankfort,IL,3.359,41.509400,-87.824800
68701,SPEEDWAY #1421,US-45 & CR-74,Frankfort,IL,3.299,41.509400,-87.824800
68701,SPEEDWAY #1421,US-45 & CR-74,Frankfort,IL,3.369,41.509400,-87.824800
68702,QUIKTRIP #1120,"I-85, EXIT 90 & SR-105",Gaffney,SC,3.19066666,35.052567,-81.669033
68708,LOVES TRAVEL STOP #476,"I-80, EXIT 292 & SR-130",Davenport,IA,3.86233333,41.565378,-90.591600
68716,ALLTOWN MARKETS #833,I-95 EXIT 41,Milford,CT,3.599,41.225650,-73.064800
68722,Pilot #140,US-40/US-191,Roosevelt,UT,3.759,40.310200,-110.010800
68730,KENT KWIK #315,SR-158 & FM-1788,Midland,TX,3.43733333,31.939173,-102.066982
68734,LOVES TRAVEL STOP #478,"I-15, EXIT 113",Idaho Falls,ID,3.75566666,43.484743,-112.004357
68737,KWIK TRIP #691,"I-39, EXIT 161",Stevens Point,WI,3.559,44.528967,-89.535200
68738,CASEYS #2316,US-136/SR-5 & SR-5,Unionville,MO,3.214,40.481500,-92.995100
68740,Certified Oil #400352,US-20 & SR-510 & SR-101,Clyde,OH,3.379,41.302400,-82.991800
68741,COUNTY LINE TRUCK STOP,SR-22,Dickinson,ND,3.53233333,46.842450,-102.773050
68742,ARTESIA #401,SR-82 & SR-285,Artesia,NM,3.439,32.796000,-104.367750
68796,MR FUEL #731,"I-70, EXIT 123 & SR-3",Spiceland,IN,3.699,39.827100,-85.445000
68797,SPEEDWAY #1412,SR-43,Frankfort,IL,3.359,41.509400,-87.824800
68798,PILOT DEALER #1179,SR-189,Nogales,AZ,4.249,31.480333,-110.920700
68798,PILOT #1179,SR-189,Nogales,AZ,4.249,31.480333,-110.920700
68799,SHELL FOOD MART # 25,"I-20, EXIT 77 & SR-13",Morton,MS,3.199,32.402900,-89.594900
68801,7-ELEVEN #40574,US-281,Blanco,TX,3.399,30.087400,-98.410700
68803,SHELL,"I-45, EXIT 152",Madisonville,TX,3.18233333,30.953300,-95.909100
68806,SHELL,US-90,Westwego,LA,3.06566666,29.901650,-90.172800
68808,SPEEDWAY #4574,US-701,Loris,SC,3.269,34.055800,-78.916100
68813,SPEEDWAY #8741,"I-96, EXIT 86 & SR-100",Eagle,MI,3.789,42.826300,-84.759000
68814,TA HOLBROOK,"I-40/US-180, EXIT 283",Holbrook,AZ,3.65566666,34.908500,-110.143400
68815,LOVES TRAVEL STOP #471,"I-35, EXIT 127 & FM-471",Natalia,TX,3.203,29.211700,-98.855200
68815,LOVES TRAVEL STOPS #471,"I-35, EXIT 127 & FM-471",Natalia,TX,3.289,29.211700,-98.855200
68821,Joe's Kwik Mart #473,CR-139,Lancaster,NY,3.799,42.901700,-78.663100
68821,Joe's Kwik Mart #473,CR-139,Lancaster,NY,3.659,42.901700,-78.663100
68822,CASEYS #3919,"I-35/US-50, EXIT 148 & SR-131",Lebo,KS,3.089,38.416100,-95.822200
68823,FRIENDS FOOD MART,SR-13,Mansfield,OH,4.199,40.760929,-82.516871
68824,EXPRESSWAY,SR-60 & CR-9,Heron Lake,MN,3.299,43.797900,-95.326700
68825,ALLTOWN MARKETS #832,"I-95, EXIT 40",Milford,CT,3.599,41.225650,-73.064800
68826,HIGHWAY SERVICE,US-44,Seekonk,MA,3.319,41.837800,-71.322400
68828,CIRCLE K #2721540,US-78 & SR-15,New Albany,MS,3.759,34.485100,-89.003100
68831,KWIK TRIP #896,SR-65 & CR-J,Minneapolis,MN,3.599,44.982377,-93.296100
68835,SPEEDWAY #7954,US-258/SR-24,Richlands,NC,3.324,34.862400,-77.586300
68836,Corner Market #160,US-60,Pampa,TX,3.399,35.535700,-100.956950
68839,CHOCTAW TRAVEL PLAZA #641,US-69/SR-43,Stringtown,OK,3.159,34.467600,-96.000200
68840,LOVES TRAVEL STOP #475,"I-20/US-84, EXIT 242 & FM-142",Sweetwater,TX,3.189,32.472600,-100.397900
68841,PILOT TRAVEL CENTER #575,"I-95, EXIT 1",Saint Marys,GA,3.599,30.730500,-81.546500
68841,PILOT TRAVEL CENTERS #575,"I-95, EXIT 1",Saint Marys,GA,3.599,30.730500,-81.546500
68843,PILOT #467,"I-37, EXIT 125",San Antonio,TX,3.399,29.464699,-98.498407
68844,FLYING J #553,"I-10, EXIT 259",Fort Stockton,TX,3.659,30.890800,-102.879900
68845,PILOT TRAVEL CENTER #4651,"I-95, EXIT 4",Skippers,VA,3.799,36.595800,-77.592100
68847,CIRCLE K #2741553,US-190/US-183 & US-281,Lampasas,TX,2.759,31.068000,-98.183400
68848,CIRCLE K #2741328,"I-35, EXIT 328 & FM-2063",Hewitt,TX,2.86566666,31.458200,-97.196600
68849,Circle K #2706632,US-80/SR-8 & CR-480,Selma,AL,3.699,32.414233,-87.019700
68850,SPRINT MART #67,US-84/US-425,Vidalia,LA,3.08233333,31.578200,-91.469500
68856,KWIK N EZ #1,"I-40, EXIT 265",Checotah,OK,2.909,35.435800,-95.535000
68860,PETRO STOP #394,"I-35, EXIT 101 & FM-140",Pearsall,TX,3.53566666,28.892300,-99.094400
68861,KWIK TRIP #733,SR-76/SR-44,Caledonia,MN,3.49066666,43.622100,-91.483700
68864,QUICK FUEL #3190,"I-75, EXIT 68",Dayton,OH,3.67733333,39.746584,-84.199540
68865,QUICK FUEL #3192,"I-275, EXIT 42B & SR-747",Cincinnati,OH,3.25233333,39.170541,-84.504528
68868,PUMP & PANTRY #14,SR-92/SR-2,Broken Bow,NE,3.299,41.412600,-99.635500
68869,PUMP & PANTRY #4,SR-2 & SR-11,Cairo,NE,3.32733333,41.000200,-98.616500
68873,ONVO TRAVEL PLAZA - MOUNTAIN COBB,"I-84, EXIT 8",Lake Ariel,PA,3.58566666,41.439500,-75.431300
68874,QUIKTRIP #492,"I-10, EXIT 114 & SR-85",Buckeye,AZ,3.369,33.419150,-112.531250
68875,SHEETZ #512,"I-40, EXIT 203 & SR-66",Kernersville,NC,2.844,36.118200,-80.078400
68882,CAPITAL FUELS MYTON,US-40/191,Myton,UT,3.50233333,40.194000,-110.048100
68883,CBH TRAVEL CENTER,US-85,Belle Fourche,SD,3.299,44.672300,-103.839600
68885,FLYING J #488,"I-35, EXIT 69",Cotulla,TX,3.599,28.439800,-99.232800
68886,BEBO'S,SR-38,Kentwood,LA,3.01566666,30.889200,-90.472800
68888,Express Lane,"US-80, EXIT 33 & US-6/SR-78",Annawan,IL,3.299,41.398000,-89.912900
68888,Express Lane,"US-80, EXIT 33 & US-6/SR-78",Annawan,IL,3.399,41.398000,-89.912900
68890,Circle K #2741795,"I-430, EXIT 12 & SR-100",Maumelle,AR,3.18566666,34.849100,-92.405900
68891,LOVES TRAVEL STOP #480,I-40 EXIT 364,Lenoir City,TN,3.439,35.799350,-84.242650
68892,OLIVE EXXON,US-31,Holland,MI,3.799,42.790067,-86.122633
68893,J & H FAMILY STORE,"I-96, EXIT 52 & SR-50",Lowell,MI,3.789,42.955000,-85.365300
68894,ROCKFORD MOBIL MART,"US-131, EXIT 97",Rockford,MI,3.599,43.117600,-85.536800
68894,ROCKFORD MOBIL MART,"US-131, EXIT 97",Rockford,MI,3.299,43.117600,-85.536800
68895,J & H FAMILY STORE #103,"I-196, EXIT 62",Hudsonville,MI,3.399,42.874800,-85.875100
68897,TA CARYVILLE,"I-75, EXIT 141",Pioneer,TN,3.00733333,36.469500,-84.290700
68899,XTRAMART,SR-9,Westborough,MA,3.649,42.267900,-71.617600
68900,DUCK THRU #41,US-17/SR-37,Hertford,NC,3.599,36.179350,-76.419600
68901,SPEEDWAY #1224,"SR-741 & I-71, EXIT 25",Mason,OH,3.159,39.335700,-84.314900
68902,CASEYS #3062,SR-281 & SR-160,Medicine Lodge,KS,3.114,37.284500,-98.584800
68903,BIG D KWIK SHOP,SR-59,Gillette,WY,3.379,44.171633,-105.514167
68907,QUIKTRIP #943,"I-35E, EXIT 405 & US-77",Waxahachie,TX,2.89566666,32.377667,-96.823400
68908,SPEEDWAY #1804,"I-270, EXIT 32 & I-71, EXIT 116",Columbus,OH,3.69233333,39.992260,-82.991882
68912,Chisholm Corner #13,"SR-19 & I-35, EXIT 72",Pauls Valley,OK,3.089,34.738500,-97.219500
68913,CASEYS #3263,"I-90, EXIT 43 & SR-60",Worthington,MN,3.14233333,43.628600,-95.605900
68915,PUMP & PANTRY #53,US-20,Jackson,NE,3.41233333,42.452900,-96.574300
68916,YESWAY #1075,"I-20, EXIT 278",Tye,TX,2.87566666,32.447700,-99.868400
68919,GULF MART 5150,"I-90 E, MM 117",Natick,MA,4.06566666,42.287500,-71.357400
68921,GAS N GO,US-341/SR-7 & SR-96/SR-49,Fort Valley,GA,3.18233333,32.549600,-83.888700
68923,STRIPES 7FLEET #42509,US-67 & SR-137,Big Lake,TX,3.599,31.417000,-101.542300
68924,KWIK TRIP #326,"I-90, EXIT 171 & US-51 & US-14",Janesville,WI,3.374,42.704650,-89.050450
68925,KWIK TRIP #874,"I-35, EXIT 132 & US-8",Chisago City,MN,3.32733333,45.361100,-92.892100
68926,KWIK TRIP #872,SR-26,Jefferson,WI,3.38233333,43.000600,-88.807800
68927,MARATHON,US-19 & SR-80,Rosedale,VA,3.749,36.959300,-81.931200
68928,PILOT TRAVEL CENTER #475,"I-40, EXIT 196 & SR-41",Moriarty,NM,3.244,34.988900,-106.060900
68929,SPEEDWAY #6953,"I-74/US-311, EXIT 65",High Point,NC,3.529,35.999729,-79.997800
68930,PILOT #4569,"I-95, EXIT 5",Hardeeville,SC,3.37566666,32.263500,-81.066900
68933,RUTTERS #23,US-30 & SR-462,Mountville,PA,3.979,40.042700,-76.427700
68935,JACKSONS FOOD STORES #144,I-84 & SR-55,Nampa,ID,3.899,43.602680,-116.612120
68936,AMOCO,US-421/SR-11 & SR-53,Burgaw,NC,3.599,34.548700,-77.940300
68937,LANTZ CORNERS MINI MART #255,US-6 & US-219,Kane,PA,3.71566666,41.661900,-78.797800
68938,TOOT N TOTUM #23,SR-136/207 & SR-152,Borger,TX,3.01566666,35.667800,-101.397400
68941,ALLTOWN MARKETS #2743,"US-3, EXIT 28",North Billerica,MA,3.68233333,42.575700,-71.290200
68946,FLYING J #97,"I-75, EXIT 64",Vandalia,OH,3.35233333,39.888300,-84.202300
68947,PILOT TRAVEL CENTER #593,"I-10, EXIT 268",Tucson,AZ,3.30233333,32.225478,-110.944676
68949,JOES KWIK MARTS #475,US-15 & SR-20,Orange,VA,3.33233333,38.219200,-78.046100
68950,KWIK TRIP #608,US-52 & SR-30,Chatfield,MN,3.48233333,43.836200,-92.157400
68951,KWIK TRIP #313,US-10 & SR-73,Neillsville,WI,3.339,44.549400,-90.611200
68952,MAVERIK COUNTRY STORE #425,"I-84, EXIT 376, US-30/US-95",Fruitland,ID,3.36566666,44.002700,-116.914300
68956,SPEEDWAY #4533,"US-18/US-12, EXIT 146",Madison,WI,3.599,43.072400,-89.402326
68957,TA EXPRESS #6259,US-85/SR-200,Alexander,ND,3.52566666,47.794700,-103.654600
68959,SPEEDWAY #5215,"I-70, EXIT 66 & SR-54",South Vienna,OH,3.159,39.947300,-83.615700
68960,MAVERIK COUNTRY STORE #484,"I-15/84, EXIT 343 & SR-126",Ogden,UT,3.39233333,41.239508,-111.965408
68964,JIFFY TRIP #201,US-64/SR-58,Cherokee,OK,3.269,36.756400,-98.359400
68969,MAVERIK COUNTRY STORE #474,"I-80, EXIT 115, CR-154",Salt Lake City,UT,3.389,40.709875,-111.888812
68971,FLYING J #580,"I-20, EXIT 121",Odessa,TX,3.56566666,31.848278,-102.376622
68972,SUNOCO CLARA BARTON PLAZA #7005,NJTP MM 5 SB,Penns Grove,NJ,3.899,39.699400,-75.449500
68974,STRIPES #40801,US-181 & SR-123 & CR-347,Karnes City,TX,3.174,28.882800,-97.907100
68976,MAVERIK COUNTRY STORE #453,"I-80, EXIT 223 & SR-305",Battle Mountain,NV,3.389,40.622000,-116.955400
68977,MAVERIK COUNTRY STORE #444,US-491 & US-666,Monticello,UT,3.489,37.921700,-109.315300
68978,MAVERIK COUNTRY STORE #287,"I-84, EXIT 36 & US-30",Nampa,ID,3.38566666,43.602680,-116.612120
68979,MAVERIK COUNTRY STORE #478,"I-40, EXIT 286 & SR-77",Holbrook,AZ,3.224,34.908500,-110.143400
68981,PETRO-CARD 24 #910450,US-63 & US-36,Macon,MO,3.239,39.748100,-92.462200
68982,SHELL,US-23,Grand Blanc,MI,3.799,42.923100,-83.621700
68985,LOVES TRAVEL STOP #500,"I-35, EXIT 106",Eagleville,MO,3.789,40.491200,-93.995100
68987,STRIPES #40535,I-35,Cotulla,TX,3.339,28.439800,-99.232800
68988,7-ELEVEN #40547,US-281 & SR-29,Burnet,TX,2.95733333,30.776600,-98.264200
68989,QUARLES #4907,SR-166,Norfolk,VA,3.809,36.896771,-76.258424
68990,LOVES TRAVEL STOP #490,"I-24, EXIT 158",Jasper,TN,3.25233333,35.097000,-85.589700
68991,LOVES TRAVEL STOP #514,"I-90/US-395, EXIT 221 & SR-261",Ritzville,WA,3.959,47.131500,-118.395800
68991,LOVES TRAVEL STOP #514,"I-90/US-395, EXIT 221 & SR-261",Ritzville,WA,4.049,47.131500,-118.395800
68991,LOVES TRAVEL STOP #514,"I-90/US-395, EXIT 221 & SR-261",Ritzville,WA,3.989,47.131500,-118.395800
68991,LOVES TRAVEL STOP #514,"I-90/US-395, EXIT 221 & SR-261",Ritzville,WA,3.919,47.131500,-118.395800
68991,LOVES TRAVEL STOPS #514,"I-90/US-395, EXIT 221 & SR-261",Ritzville,WA,4.019,47.131500,-118.395800
68992,SHORT STOP #24,US-24,Saint Marys,KS,2.96733333,39.198700,-96.068300
68993,SHORT STOP #22,SR-15,Clay Center,KS,2.97233333,39.384400,-97.127800
68994,SHORT STOP #25,US-36 & SR-15,Washington,KS,2.90233333,39.822300,-97.048400
68995,ALLTOWN MARKETS #839,"I-95, EXIT 10",Darien,CT,3.83233333,41.076800,-73.485300
68996,BLU / DRIVEN FUELS,"I-15, EXIT 113",Idaho Falls,ID,3.479,43.484743,-112.004357
69002,KWIK TRIP #863,US-10,Stevens Point,WI,3.584,44.528967,-89.535200
69004,Maplefields,HWY 9 N & ROUTE 22,Ticonderoga,NY,3.749,43.846300,-73.442600
69005,SPEEDWAY #1017,"I-70, EXIT 186 & SR-285",Lore City,OH,3.23233333,40.045900,-81.447900
69006,PILOT #449,"I-70, EXIT 208",Belmont,OH,3.539,40.032000,-81.006600
69007,SPEEDWAY #7136,US-41 & US-70,Nashville,TN,3.24233333,36.166456,-86.785662
69008,SPEEDWAY #7137,SR-42 & SR-111,Cookeville,TN,3.07733333,36.177620,-85.497580
69009,PILOT #1140,US-287,Rhome,TX,3.17566666,33.054000,-97.481700
69010,PILOT TRAVEL CENTER #1023,US-69 & US-59/SR-287,Lufkin,TX,3.659,31.319200,-94.707480
69013,SPEEDWAY #7124,US-231/SR-10,Lebanon,TN,3.024,36.178800,-86.285500
69014,SPEEDWAY #4100,"I-94, EXIT 308 & US-41",Milwaukee,WI,3.599,43.049795,-87.952922
69015,Joe's Kwik Mart,"I-75, EXIT 7 & US-11 & US-64",Chattanooga,TN,3.149,35.041390,-85.283515
69016,SPEEDWAY #7606,"I-75, EXIT 25",Corbin,KY,3.519,36.935900,-84.102600
69017,SHELL,US-71 & SR-511,Bossier City,LA,2.999,32.560420,-93.666120
69021,SWEET CRUDE TRAVEL CENTER,HWY 85 & SR 200,Grassy Butte,ND,3.64066666,47.443100,-103.294400
69027,SPINX #134 (DISCOUNT AVAILABLE),SR-55 & 418,Simpsonville,SC,3.06566666,34.723700,-82.272150
69028,LOVES TRAVEL STOP #427,"I-75, EXIT 51",Dayton,OH,3.319,39.746584,-84.199540
69029,LOVES TRAVEL STOP #461,"I-70, EXIT 246A",Saint Louis,MO,3.114,38.640271,-90.286310
69030,LOVES TRAVEL STOP #424,"I-20, EXIT 51",Lexington,SC,3.40733333,33.939033,-81.235733
69031,LOVES TRAVEL STOP #492,"I-20, EXIT 42 & US-285",Pecos,TX,3.455,31.446700,-103.579100
69031,LOVES TRAVEL STOPS #492,"I-20, EXIT 42 & US-285",Pecos,TX,3.449,31.446700,-103.579100
69036,REFUEL #1038,US-15 & SR-151,Hartsville,SC,3.36566666,34.370750,-80.108300
69037,CIRCLE K #2723192,US-64 & US-421,Siler City,NC,2.949,35.735400,-79.456600
69038,REFUEL #1028,US-421/US-52 & US-15,Society Hill,SC,3.399,34.451200,-79.886500
69041,SPEEDWAY #7960,US-258/US-13,Farmville,NC,2.899,35.580600,-77.579300
69042,Joes Kwik Mart #7012,US-17/701,Georgetown,SC,2.999,33.417250,-79.274950
69043,KWIK TRIP #204,"US-51, EXIT 188",Wausau,WI,3.33233333,44.939733,-89.669500
69045,TA BRUNSWICK #6258,"I-95, EXIT 29",Brunswick,GA,3.46066666,31.210400,-81.509100
69046,SPEEDWAY #6303,"I-96, EXIT 4 & US-31",Muskegon,MI,3.299,43.228367,-86.239633
69046,SPEEDWAY #6303,"I-96, EXIT 4 & US-31",Muskegon,MI,3.319,43.228367,-86.239633
69046,SPEEDWAY #6303,"I-96, EXIT 4 & US-31",Muskegon,MI,3.359,43.228367,-86.239633
69046,SPEEDWAY #6303,"I-96, EXIT 4 & US-31",Muskegon,MI,3.379,43.228367,-86.239633
69046,SPEEDWAY #6303,"I-96, EXIT 4 & US-31",Muskegon,MI,3.279,43.228367,-86.239633
69047,SPEEDWAY #7461,I-294 & SR-50/SR-31,Alsip,IL,3.219,41.672100,-87.735700
69048,QUICK FUEL #2104,"I-74, EXIT 11",Indianapolis,IN,3.66233333,39.800271,-86.136173
69049,CIRCLE K #2741787,"I-440, EXIT 7 & US-165",North Little Rock,AR,3.369,34.786022,-92.285700
69051,PILOT TRAVEL CENTER #1225,"I-64, EXIT 23 & SR-4",Mascoutah,IL,3.799,38.474500,-89.787700
69051,PILOT TRAVEL CENTER #1225,"I-64, EXIT 23 & SR-4",Mascoutah,IL,3.859,38.474500,-89.787700
69051,PILOT #1225,"I-64, EXIT 23 & SR-4",Mascoutah,IL,3.859,38.474500,-89.787700
69052,PILOT DEALER #1193,US-93,Wikieup,AZ,3.839,34.703300,-113.611300
69052,PILOT #1193,US-93,Wikieup,AZ,3.899,34.703300,-113.611300
69053,PILOT #1192,US-60,Wittmann,AZ,4.899,33.763700,-112.614200
69053,PILOT DEALER #1192,US-60,Wittmann,AZ,4.899,33.763700,-112.614200
69055,PILOT DEALER #1058,US-301 & SR-200,Waldo,FL,3.799,29.787100,-82.160800
69055,PILOT TRAVEL CENTER #1058,US-301 & SR-200,Waldo,FL,3.799,29.787100,-82.160800
69057,MACH ONE FOOD SHOP #18,US-45/SR-15,Fairfield,IL,3.759,38.378200,-88.359300
69057,MACH ONE FOOD SHOP #18,US-45/SR-15,Fairfield,IL,3.729,38.378200,-88.359300
69058,FOOD N FUEL,SR-53,Joliet,IL,3.599,41.513350,-88.070750
69058,FOOD N FUEL,SR-53,Joliet,IL,3.499,41.513350,-88.070750
69059,LOVES TRAVEL STOP #530,"I-20, EXIT 147",Moody,AL,3.17566666,33.603500,-86.466800
69061,SPINX #125 (DISCOUNT AVAILABLE),US-25 & SR-331,Piedmont,SC,3.06566666,34.724400,-82.470200
69064,DUCK THRU #7,US-258,Rich Square,NC,3.699,36.277300,-77.296900
69067,AP FUEL STOP,"I-75, EXIT 120",Lima,OH,3.08066666,40.747333,-84.122250
69069,SPINX #179 (DISCOUNT AVAILABLE),SR-291,Greenville,SC,3.799,34.855065,-82.412500
69073,LOVES TRAVEL CENTER #518,"I-15, EXIT 260 & SR-77",Springville,UT,3.689,40.162500,-111.598700
69073,LOVES TRAVEL STOP #518,"I-15, EXIT 260 & SR-77",Springville,UT,3.809,40.162500,-111.598700
69076,A PLUS MINI MARKET,"I-95, MM 82",Aberdeen,MD,3.83233333,39.510900,-76.180500
69077,FLYING J #554,"I-37, EXIT 56",George West,TX,3.199,28.320400,-98.116200
69078,PILOT #559,"I-20, EXIT 178",Big Spring,TX,3.659,32.276000,-101.415900
69079,Circle K #2746432,SR-2,Stanley,ND,3.549,48.345800,-102.418500
69084,TIGER MART #79,SR-287 & FM-664,Waxahachie,TX,2.849,32.377667,-96.823400
69085,FATDOGS OGALLALA,"US-80, EXIT 126 & US-26/SR-61",Ogallala,NE,3.014,41.127500,-101.710700
69088,SPEEDWAY #3478,US-9 & SR-184,Perth Amboy,NJ,3.419,40.473800,-74.346350
69091,SPEEDWAY #6670,US-36/SR-67,Indianapolis,IN,3.229,39.800271,-86.136173
69095,JACKSONS FOOD STORE #23,"SR-395, EXIT 78",Reno,NV,3.999,39.536150,-119.814625
69096,SPEEDWAY #2907,US-62 & SR-18,Hermitage,PA,3.93733333,41.232600,-80.453000
69097,CIRCLE K #2741192,"I-30, EXIT 42B & SR-180",Dallas,TX,2.899,32.788556,-96.787156
69098,CIRCLE K #2741318,SR-285 & CR-160,Dripping Springs,TX,3.049,30.226800,-98.102900
69099,LOVES TRAVEL STOP #523,"I-10, EXIT 92",Rayne,LA,3.149,30.234900,-92.268500
69100,DADS NORTH YELLOWSTONE,US-26,Idaho Falls,ID,3.599,43.484743,-112.004357
69101,BROMPTON VALERO,"I-20, EXIT 147 WEST",Moody,AL,3.12233333,33.603500,-86.466800
69102,CIRCLE K #4701445,"I-57, EXIT 250 & US-36",Rantoul,IL,3.599,40.310700,-88.146200
69102,CIRCLE K #4701445,"I-57, EXIT 250 & US-36",Rantoul,IL,3.799,40.310700,-88.146200
69103,LOVES TRAVEL STOP #539,US-385 & FM-1910,Andrews,TX,3.689,32.320100,-102.540900
69104,QUIKTRIP #970,SR-12 & SR-180,Dallas,TX,2.97566666,32.788556,-96.787156
69106,SPINX #201,"I-185, EXIT 1A, I-385, EXIT 30",Simpsonville,SC,2.96566666,34.723700,-82.272150
69109,SHEETZ #497,"I-99, EXIT 15 & US-220 (BUSINESS)",Claysburg,PA,3.644,40.282100,-78.508300
69110,SHEETZ #498,US-22/US-119,Blairsville,PA,3.52733333,40.441300,-79.253300
69112,LOVES TRAVEL STOP #529,"I-39, EXIT 54",Oglesby,IL,3.489,41.292800,-89.055300
69112,LOVES TRAVEL STOP #529,"I-39, EXIT 54",Oglesby,IL,3.589,41.292800,-89.055300
69112,LOVES TRAVEL STOP #529,"I-39, EXIT 54",Oglesby,IL,3.389,41.292800,-89.055300
69115,BP,"I-90, EXIT 387/CR-151",Hartford,SD,2.97733333,43.615500,-96.950100
69117,SPEEDWAY #6395,US-24 & SR-64,Waterville,OH,3.699,41.502200,-83.733100
69119,CIRCLE K #2741217,"I-24, EXIT 242 & US-550/SR-24",Bernalillo,NM,3.52566666,35.328500,-106.530900
69122,DOUBLE QUICK #61,US-82,Leland,MS,3.299,33.398500,-90.883900
69123,LATTA TRAVEL STOP,SR-1,Ada,OK,3.10733333,34.777250,-96.685350
69124,LOVES TRAVEL STOP #467,"I-95, EXIT 131 & SR-68",Fort Pierce,FL,3.50566666,27.427991,-80.371118
69125,TA BROOKLYN,"I-80, EXIT 197",Brooklyn,IA,3.819,41.732100,-92.428500
69127,TALL TIMBERS TRUCK STOP,"I-55, EXIT 46 & SR-16",Amite,LA,2.999,30.726600,-90.509000
69128,BEACON & BRIDGE #34,"US-127, EXIT 194 & SR-55",Houghton Lake,MI,3.399,44.314700,-84.764700
69132,PILOT #1001,US-67 & SR-137,Big Lake,TX,4.059,31.417000,-101.542300
69133,PILOT TRAVEL CENTERS #557,US-180 & US-62,Hobbs,NM,3.729,32.745700,-103.162100
69134,LOVES TRAVEL STOP #486,"I-40 & US-270, EXIT 166",Choctaw,OK,3.33733333,35.471800,-97.272600
69135,SPEEDWAY #8013,"I-70, EXIT 21",Brookville,OH,3.34066666,39.841400,-84.416500
69137,CIRCLE K #2741564,"I-35/US-77, EXIT 338B",Waco,TX,2.889,31.554531,-97.162744
69139,CIRCLE K #2741545,SR-72 & US-87,Cuero,TX,3.099,29.091000,-97.281200
69141,LOVES TRAVEL STOP #558,US-283 & US-400/US-56,Dodge City,KS,3.789,37.756900,-100.024100
69142,LOVES TRAVEL STOP #517,"I-70, EXIT 26 & US-50/6",Grand Junction,CO,3.989,39.061714,-108.530514
69143,MACH 1 #21,US-45 & SR-34,Harrisburg,IL,3.689,37.725700,-88.544000
69144,STRIPES 7FLEET #42530,SR-71 & SR-16,Llano,TX,3.23233333,30.715100,-98.610900
69145,SPEEDWAY #9561,"I-77, EXIT 132",Ripley,WV,3.499,38.809000,-81.702000
69146,DRUMS FUEL STOP,I-80 EXIT 262,Drums,PA,3.569,41.025500,-75.976800
69149,BLU STATION- LAMAR AVE,"I-240, EXIT 30",Memphis,TN,2.969,35.159839,-89.969254
69150,BLU STATION,"I-70, EXIT 66 & SR-267",Plainfield,IN,3.479,39.689300,-86.391900
69151,PILOT #592,"I-70, EXIT 26 & US-50",Grand Junction,CO,3.999,39.061714,-108.530514
69151,PILOT TRAVEL CENTER #592,"I-70, EXIT 26 & US-50",Grand Junction,CO,3.999,39.061714,-108.530514
69152,LOVES TRAVEL STOP #557,"US-64/167, EXIT 44 & SR-367",Searcy,AR,3.36233333,35.256133,-91.731900
69153,Pilot Travel Center #1550,"I-65, EXIT 304 & SR-69/CR-437",Cullman,AL,3.859,34.162125,-86.842525
69153,PILOT #1550,"I-65, EXIT 304 & SR-69/CR-437",Cullman,AL,3.859,34.162125,-86.842525
69155,PILOT TRAVEL CENTERS #1004,"I-35, EXIT 214 & US-60",Tonkawa,OK,3.59566666,36.680600,-97.306300
69156,BLU STATION,"I-55, EXIT 5A",Memphis,TN,2.969,35.159839,-89.969254
69159,EXXON,US-15 & SR-49,Lawrenceville,PA,3.699,41.978300,-77.113600
69162,Shell,US-20 & SR-15,Goshen,IN,3.549,41.602433,-85.851767
69163,CUBBYS #406,"I-229, EXIT 9 & SR-115",Sioux Falls,SD,3.099,43.589987,-96.750673
69164,CIRCLE K #2741557,US-190 & SR-195 & SR-3470,Killeen,TX,2.76233333,31.085317,-97.728400
69165,EL TIPI QUICK STOP,US-283 & SR-15,Shattuck,OK,3.23233333,36.288900,-99.879300
69167,HOBO TRUCK STOP 2,US-50/400 & US-83,Garden City,KS,3.399,37.976900,-100.862100
69168,STRIPES 7FLEET #42470,I-20 EXIT 324 & CR-134,Cisco,TX,3.12733333,32.380000,-98.986500
69169,LAMBOS #5,"I-57, EXIT 212 & SR-36/CR-950",Tuscola,IL,3.229,39.799500,-88.281600
69170,SPEEDWAY #9381,US-50 & SR-14,Parkersburg,WV,3.464,39.243560,-81.513060
69171,KWIK STAR #215,US-61,Davenport,IA,3.649,41.565378,-90.591600
69172,KWIK TRIP #210,"US-53, EXIT 90",Eau Claire,WI,3.40733333,44.809967,-91.500700
69173,KWIK TRIP #231,US-61 & SR-310,Boscobel,WI,3.474,43.139300,-90.706100
69174,KWIK TRIP #860,SR-17,Rhinelander,WI,3.45233333,45.704500,-89.386600
69175,KWIK TRIP #854,US-212 & CR-33,Norwood Young America,MN,3.674,44.773600,-93.921600
69176,FLYING J TRAVEL PLAZA #1015- TOWN PUMP,SR-200/SR-16 & CR-123,Sidney,MT,3.384,47.713000,-104.163400
69177,LOVES TRAVEL STOP #426,"I-80, EXIT 34",Shelby,IA,3.649,41.533900,-95.446900
69178,LOVES TRAVEL STOP #495,"I-75, EXIT 143 & CR-78",North Fort Myers,FL,3.789,26.698667,-81.878700
69182,XtraMart #1513,"I-87, EXIT 10 & US-9",Clifton Park,NY,3.899,42.849900,-73.785100
69183,SPEEDWAY #7611,"I-71, EXIT 65 & SR-435",Jeffersonville,OH,3.229,39.659000,-83.568700
69185,LOVES TRAVEL STOP #560,US-258 & US-58,Franklin,VA,3.889,36.678600,-76.939100
69185,LOVES TRAVEL STOPS #560,US-258 & US-58,Franklin,VA,3.889,36.678600,-76.939100
69186,LOVES TRAVEL STOP #551,US-20 & CR-127,Angola,IN,3.889,41.656300,-85.019800
69187,LOVES TRAVEL STOP #559,US-82 & US-49,Indianola,MS,3.31566666,33.451000,-90.655100
69188,PILOT TRAVEL CENTER #1013-TOWN PUMP,"I-90, EXIT 298",Belgrade,MT,3.63066666,45.780100,-111.143900
69189,LOVES TRAVEL STOP #542,"I-10, EXIT 261/US-67 & I-10 BUS",Fort Stockton,TX,3.649,30.890800,-102.879900
69190,LOVES TRAVEL STOP #561,"I-10, EXIT 70 & US-90 & SR-285",Defuniak Springs,FL,3.609,30.785200,-86.158750
69193,Certified Oil #400305,SR-2 & SR-7,New Martinsville,WV,3.31733333,39.658800,-80.856500
69194,CHESAPEAKE HOUSE SUNOCO,"I-95, EXIT 97",North East,MD,3.83233333,39.604500,-75.953800
69200,BECKS EXPRESS MART #22,"I-55, EXIT 126",Lincoln,IL,3.299,40.145100,-89.368400
69201,CASEYS #3654,SR-210,Brainerd,MN,3.44566666,46.350200,-94.100000
69203,SPEEDWAY #1414,US-45,Mokena,IL,3.339,41.534200,-87.891100
69207,CIRCLE K #2705988,"I-10, EXIT 209A & US-90/SR-10",Tallahassee,FL,3.619,30.454750,-84.280195
69211,KWIK TRIP #213,"I-35/US-61, EXIT 139 & CR-19",Stacy,MN,3.37733333,45.397750,-93.002550
69213,Circle K #2741498,SR-72 & SR-16,Tilden,TX,3.199,28.419800,-98.569300
69214,MAVERIK #5031,"I-70, EXIT 90 & US-24",Rifle,CO,3.46233333,39.549100,-107.789800
69215,GASWAY,US-1,North Brunswick,NJ,3.159,40.453800,-74.482300
69217,Circle K #4705624,"I-76, EXIT 2 & US-224",Seville,OH,3.06566666,41.022700,-81.856200
69218,DANDY MINI MART #58,"I-86, EXIT 41 & US-17/15",Campbell,NY,3.899,42.238600,-77.206600
69218,DANDY MINI MART #58,"I-86, EXIT 41 & US-17/15",Campbell,NY,3.999,42.238600,-77.206600
69220,CIRCLE K #2705097,"I-275, EXIT 2 & US-41",Palmetto,FL,3.699,27.532150,-82.567650
69221,PILOT TRAVEL CENTER #483,"I-80, EXIT 112 & SR-47",Morris,IL,3.799,41.367200,-88.417800
69222,PILOT TRAVEL CENTERS #1003,US-287 & US-283,Childress,TX,3.799,34.410400,-100.236400
69223,LOVES TRAVEL STOP #566,"US-231/CR-53, EXIT 12",Ozark,AL,3.989,31.449100,-85.642050
69226,STRIPES #40812,US-77,Odem,TX,3.199,27.940300,-97.583800
69228,QUIKTRIP #993,"I-20, EXIT 501 & SR-34",Terrell,TX,2.87066666,32.742350,-96.239050
69229,SPEEDWAY #7154,"I-40, EXIT 87 & US-70",Jackson,TN,3.399,35.623783,-88.834483
69230,JOES KWIK MARTS #6013,SR-16 & SR-73,Denver,NC,3.189,35.483700,-80.989800
69233,PILOT TRAVEL CENTER #597,US-23 & US-50,Chillicothe,OH,3.799,39.338000,-82.989500
69234,KWIK TRIP #220,US-53/SR-194,Duluth,MN,3.499,46.786400,-92.126557
69235,KWIK TRIP #203,US-2 & SR-35,Superior,WI,3.339,46.701600,-92.091200
69236,KWIK TRIP #225,SR-54/SR-55,Seymour,WI,3.39066666,44.509100,-88.317200
69237,KWIK TRIP #239,"I-43, EXIT 50 & SR-164",Big Bend,WI,3.33233333,42.888500,-88.212200
69238,KWIK TRIP #242,"US-41, EXIT 97",Fond Du Lac,WI,3.34066666,43.771400,-88.493233
69239,LOVES TRAVEL STOP #580,SR-20/157 & SR-133,Tuscumbia,AL,3.849,34.687400,-87.683300
69245,SPEEDWAY #7946,SR-24,Newport,NC,3.699,34.755100,-76.906900
69250,MAVERIK #5150,"I-25, EXIT 278 & SR-1",Wellington,CO,3.199,40.725500,-105.031800
69252,SPEEDWAY #6977,SR-96,Youngsville,NC,2.95233333,36.024900,-78.474400
69255,THE LANDING,US-82,Greenwood,MS,3.199,33.516050,-90.176050
69257,CATARINA ONE STOP,US-83,Catarina,TX,3.024,28.359800,-99.586000
69258,TEX-BEST #525,"I-37, EXIT 109 & SR-97",Pleasanton,TX,3.099,28.992400,-98.483100
69259,SPEEDWAY #7162,US-74/SR-311,Cleveland,TN,3.449,35.163020,-84.858420
69261,THORNTONS #314,SR-83,Bensenville,IL,3.449,41.952550,-87.942550
69261,THORNTONS #314,SR-83,Bensenville,IL,3.409,41.952550,-87.942550
69261,THORNTONS #314,SR-83,Bensenville,IL,3.459,41.952550,-87.942550
69263,LOVES TRAVEL STOP #564,US-82 & SR-50 & SR-12,Columbus,MS,3.249,33.498633,-88.411717
69288,KWIK STAR #207,"US-61, EXIT 311B & US-30",De Witt,IA,3.624,41.826700,-90.523700
69289,KWIK TRIP #224,"I-35, EXIT 254",Duluth,MN,3.499,46.786400,-92.126557
69290,LOVES TRAVEL STOP #587,"I-41/US-45, EXIT 97",Fond Du Lac,WI,3.44566666,43.771400,-88.493233
69291,LOVES TRAVEL STOP #581,"I-70, EXIT 56 & US-89",Salina,UT,3.70566666,38.956000,-111.881100
69294,KWIK TRIP #317,"I-90, EXIT 28 & SR-16",Sparta,WI,3.24233333,43.954000,-90.814600
69296,KWIK TRIP #234,"I-35, EXIT 239",Cloquet,MN,3.319,46.754600,-92.540800
69297,KWIK TRIP #241,"US-51, EXIT 208 & SR-64",Merrill,WI,3.40733333,45.180900,-89.690700
69299,SPEEDWAY #7912,US-421/SR-16,Wilkesboro,NC,3.134,36.135900,-81.157300
69300,SPEEDWAY #8262,SR-306 & SR-55,Grantsboro,NC,3.44066666,35.066800,-76.871000
69301,SPEEDWAY #6969,US-264 & SR-99,Belhaven,NC,3.19733333,35.445800,-76.639100
69305,ROAD RANGER #268,"I-64, EXIT 130 & SR-1",Grayville,IL,3.799,38.262700,-88.003500
69306,PILOT TRAVEL CENTER #500,"I-75, EXIT 460 & SR-6",Jasper,FL,3.369,30.502900,-82.932200
69307,LOVES TRAVEL STOP #578,I-55 EXIT 30 & SR-140,Hamel,IL,3.569,38.890100,-89.845700
69307,LOVES TRAVEL STOP #578,I-55 EXIT 30 & SR-140,Hamel,IL,3.419,38.890100,-89.845700
69307,LOVES TRAVEL STOP #578,I-55 EXIT 30 & SR-140,Hamel,IL,3.429,38.890100,-89.845700
69307,LOVES TRAVEL STOP #578,I-55 EXIT 30 & SR-140,Hamel,IL,3.689,38.890100,-89.845700
69308,LOVES TRAVEL STOP #535,SR-283,Middletown,PA,3.759,40.204100,-76.733100
69309,PILOT TRAVEL CENTER #1012,"US-218, EXIT 42B & US-34",Mount Pleasant,IA,3.56566666,40.964600,-91.561400
69310,PILOT TRAVEL CENTER #1006,"I-10, EXIT 456 & US-377",Junction,TX,3.599,30.475400,-99.747300
69311,GOLDEN GATE TRUCKSTOP HAWTHORNE,US-95/SR-362,Hawthorne,NV,4.079,38.534700,-118.641100
69312,ONVO TRAVEL PLAZA - DUNCANNON,US-11/15,Duncannon,PA,3.55233333,40.408700,-77.047300
69313,PETERSONS DIESEL FUELING,"I-5, EXIT 156",Seattle,WA,4.399,47.603675,-122.330976
69314,Circle K #4706799,"I-55, EXIT 283 & SR-43",Bridgeview,IL,3.919,41.743100,-87.806600
69315,ROAD RANGER #269,"I-70, EXIT 147 & SR-1",Marshall,IL,3.449,39.422000,-87.692300
69315,ROAD RANGER #269,"I-70, EXIT 147 & SR-1",Marshall,IL,3.249,39.422000,-87.692300
69315,ROAD RANGER #269,"I-70, EXIT 147 & SR-1",Marshall,IL,3.309,39.422000,-87.692300
69318,FUEL ONE,US-9 & SR-35,Avenel,NJ,3.37233333,40.582600,-74.278500
69319,SPEEDWAY #8190,US-117/13 BYP S,Goldsboro,NC,3.599,35.364340,-78.016840
69321,CIRCLE K #2741546,US-90,Gonzales,TX,2.87566666,29.508600,-97.449500
69322,SHELL SERVICE STATION,"I-10, EXIT 828 & SR-73",Winnie,TX,3.23233333,29.815700,-94.339500
69324,CIRCLE K #4707006,"I-95, EXIT 302 & US-1",Houlton,ME,3.899,46.118900,-67.863000
69330,KWIK TRIP #292,"I-43, EXIT 183",Green Bay,WI,3.39066666,44.492967,-88.025892
69333,SPEEDWAY #3578,"US-131, EXIT 64",Wayland,MI,3.599,42.664300,-85.619100
69333,SPEEDWAY #3578,"US-131, EXIT 64",Wayland,MI,3.499,42.664300,-85.619100
69333,SPEEDWAY #3578,"US-131, EXIT 64",Wayland,MI,3.699,42.664300,-85.619100
69336,SPEEDWAY #7148,"I-40, EXIT 232 & SR-109",Lebanon,TN,2.92233333,36.178800,-86.285500
69338,SPEEDWAY #6139,US-30 & SR-13,Pierceton,IN,3.729,41.212400,-85.706100
69339,SPEEDWAY #9383,"I-75, EXIT 29 & SR-63",Monroe,OH,3.20233333,39.441300,-84.365200
69341,CIRCLE K #2741067,"I-410/US-281, EXIT 41",San Antonio,TX,2.899,29.464699,-98.498407
69342,WARREN OIL,"I-90, EXIT 3 & US-41 & SR-912",Hammond,IN,3.439,41.575180,-87.469720
69344,CIRCLE K #2741078,SR-97 & SR-123,Stockdale,TX,3.079,29.231900,-97.935100
69345,RUTTERS #20,"I-76, EXIT 247 & I-283, EXIT 1A",Middletown,PA,3.82233333,40.204100,-76.733100
69346,D AND C FUEL SALES,US-6 & CR-4019,Tunkhannock,PA,3.699,41.538700,-75.946600
69353,SPEEDWAY #2910,"I-79, EXIT 55",Pittsburgh,PA,3.909,40.441256,-80.003773
69354,CIRCLE K #4702411,US-36,Danville,IN,3.789,39.762800,-86.534300
69362,HART MARATHON,US-31,Hart,MI,3.499,43.706800,-86.314200
69362,HART MARATHON,US-31,Hart,MI,3.449,43.706800,-86.314200
69365,Circle K #4703911,SR-109 & SR-52,Portland,TN,2.959,36.567300,-86.505900
69369,SPEEDWAY #2912,SR-65,Baden,PA,3.91233333,40.641600,-80.198500
69374,7-ELEVEN #40558,SR-6 & CR-185,Woodway,TX,2.98566666,31.505100,-97.231100
69377,CIRCLE K #4705628,SR-21 & SR-585,Barberton,OH,3.58233333,41.019700,-81.621200
69379,Kum & Go #0535,US-6 & US-65,Des Moines,IA,2.98733333,41.650284,-93.586047
69380,CASEYS #2967,SR-43 & SR-2,Bennet,NE,3.229,40.680000,-96.506400
69384,KWIK TRIP #209,"US-41, EXIT 148 & SR-55",Kaukauna,WI,3.369,44.295600,-88.271700
69390,MINIT MART #600625,"I-57, EXIT 283 & US-24",Gilman,IL,3.399,40.768000,-87.993300
69390,MINIT MART #600625,"I-57, EXIT 283 & US-24",Gilman,IL,3.489,40.768000,-87.993300
69392,LOVES TRAVEL STOP #600,"I-69, EXIT 214",Pendleton,IN,3.57566666,39.997500,-85.746600
69393,LOVES TRAVEL STOP #594,US-35 & SR-850,Bidwell,OH,3.849,38.927600,-82.270100
69394,SPEEDWAY #3424,"I-75, EXIT 73 & SR-55",Troy,OH,3.13566666,40.038700,-84.216500
69395,SPEEDWAY #3766,US-52,Indianapolis,IN,3.599,39.800271,-86.136173
69396,SPEEDWAY #7158,"I-40, EXIT 320 & SR-98",Crossville,TN,3.07233333,35.971980,-85.016060
69397,SPEEDWAY #7163,"I-40/US-412, EXIT 85",Jackson,TN,3.349,35.623783,-88.834483
69398,SPEEDWAY #7114,"I-75, EXIT 4, SR-153, EXIT 1 & US-64/US-11",Chattanooga,TN,3.08233333,35.041390,-85.283515
69399,SPEEDWAY #7147,"I-75, EXIT 49 & SR-30",Athens,TN,3.349,35.450150,-84.598650
69400,CASEYS #4411,US-641 & SR-58,Benton,KY,3.199,36.880600,-88.354800
69401,CASEYS #3205,"I-29, EXIT 47 & US-275/SR-92",Council Bluffs,IA,3.599,41.251967,-95.853667
69402,SHELL,"I-71, EXIT 151 & SR-95",Mount Gilead,OH,3.759,40.538400,-82.806200
69403,SHORTYS ONE STOP,US-83/12/SR-20,Selby,SD,3.089,45.478600,-100.054100
69405,FLYING J #551,"I-20, EXIT 330 & SR-206",Cisco,TX,3.14233333,32.380000,-98.986500
69407,Cenex,US-14/CR-812 & US-83,Blunt,SD,3.1015,44.502600,-99.946300
69410,LOVES TRAVEL STOP #602,"I-90, EXIT 67B",Box Elder,SD,3.989,44.119900,-103.068200
69412,CIRCLE K #4705724,US-127 & CR-144,Paulding,OH,3.699,41.141000,-84.572200
69413,ASAP GENERAL STORE #300,"I-40, EXIT 66 & US-183",Clinton,OK,3.149,35.511500,-98.979500
69414,FLEX MARKET,"I-65 EXIT20, US-31 W EXIT 4",Bowling Green,KY,2.999,36.960875,-86.420050
69416,CIRCLE K #2740541,HWY 90,Roans Prairie,TX,3.07233333,30.607500,-95.957900
69417,LOVLEN FOODS,US-58 & SR-615,Drewryville,VA,3.049,36.685400,-77.359100
69421,CIRCLE K #2741257,"I-10, EXIT 19B",El Paso,TX,2.91566666,31.722307,-106.343082
69423,FAST MARKET #4574,SR-375 & CR-258,El Paso,TX,2.90566666,31.722307,-106.343082
69425,5R TRAVEL CENTER,"I-10, US HWY 180, EXIT 82A",Deming,NM,3.049,32.235800,-107.743500
69426,LOVES TRAVEL STOP #553,"I-40 E, EXIT 163",Williams,AZ,3.59566666,35.543400,-112.170700
69434,CIRCLE K #2741559,US-281 & SR-29,Burnet,TX,2.91566666,30.776600,-98.264200
69436,CIRCLE K #2741077,SR-97 & CR-433,Pleasanton,TX,2.949,28.992400,-98.483100
69437,CountryMark,SR-66,Evansville,IN,3.699,37.996244,-87.570194
69438,LOVES TRAVEL STOP #585,"I-49/US-71, EXIT 27 & SR-86",Neosho,MO,3.39733333,36.870600,-94.386200
69439,LOVES TRAVEL STOP #608,"I-135, EXIT 60 & US-56",Mcpherson,KS,3.324,38.376300,-97.670200
69440,LOVES TRAVEL STOP #592,US-24 & SR-101,Woodburn,IN,3.849,41.125300,-84.853300
69441,LOVES TRAVEL STOP #610,"I-20, EXIT 307 & US-283",Baird,TX,3.10733333,32.391600,-99.377700
69442,Eagle #51,US-83 & FM-1917,Carrizo Springs,TX,3.279,28.527800,-99.863500
69446,SUPER SAVE #4,SR-33 & SR-15,Farmerville,LA,3.479,32.753400,-92.318000
69448,STRIPES #42525,"I-27/US-87, EXIT 2",Lubbock,TX,2.95733333,33.574273,-101.871115
69451,LOVES TRAVEL STOP #603,I-95 EXIT 366 AT PECAN PARK RD,Jacksonville,FL,3.399,30.311931,-81.653317
69452,DANDY MINI MART #5,HWY 6,Towanda,PA,3.999,41.763800,-76.464500
69453,7-ELEVEN #41033,US-69,Woodville,TX,3.149,30.775200,-94.415500
69454,SPEEDWAY #6092,"I-65, EXIT 76A & US-31",Taylorsville,IN,3.35733333,39.295300,-85.949800
69455,SPEEDWAY #4214,"I-45, EXIT 46 & US-100",Milwaukee,WI,3.36566666,43.049795,-87.952922
69458,PEOSTA KWIK STOP,"US-20, EXIT 308",Peosta,IA,3.489,42.443500,-90.809400
69459,LOVES TRAVEL STOP #583,"I-64, EXIT 27 & SR-161",New Baden,IL,3.849,38.531500,-89.692200
69462,LOVES TRAVEL STOP #619,"I-59, EXIT 29 & SR-26",Poplarville,MS,3.17566666,30.852400,-89.564800
69465,MAVERIK COUNTRY STORE #476,US-59,Gillette,WY,3.36566666,44.171633,-105.514167
69467,CIRCLE K #2741547,US-181,Floresville,TX,2.99566666,29.169300,-98.193600
69468,TOOT N TOTUM #100,US-83,Perryton,TX,2.999,36.374800,-100.815600
69469,QUIKTRIP #1110,"I-85, EXIT 60 & US-101",Greer,SC,3.08566666,34.926933,-82.238467
69471,Circle K #2741501,"I-37, EXIT 3A",Corpus Christi,TX,3.104,27.762360,-97.434843
69474,LOVES TRAVEL STOP #577,"I-85, EXIT 22",Shorter,AL,3.22066666,32.383600,-85.916200
69475,GUTHRIE TRAVEL CENTER,I-35 EXT 138C,Guthrie,OK,2.96566666,35.833000,-97.436000
69477,LOVES TRAVEL STOP #621,US-36 & SR-110,Bevier,MO,3.439,39.749700,-92.561900
69480,VAN HOOK TRAVEL CENTER,US-23,New Town,ND,3.56233333,47.971800,-102.471600
69483,LOVES TRAVEL STOP #607,"US-63, EXIT 40 & SR-463",Jonesboro,AR,3.439,35.806140,-90.717060
69484,KWIK TRIP #774,SR-13,Adams,WI,3.274,43.896700,-89.821900
69485,7-ELEVEN #41036,US-96,San Augustine,TX,3.159,31.515200,-94.132600
69486,DUCK THRU FOOD STORE #42,SR-186 & SR-305,Seaboard,NC,3.299,36.488600,-77.411300
69487,CIRCLE K #2742034,"I-35, EXIT 176",Schertz,TX,2.794,29.579000,-98.277800
69489,SPRINT FOODS #728,SR-38,Bennettsville,SC,3.399,34.625500,-79.689800
69492,GOOD 2 GO #418,"I-15, EXIT 273 & US-54 & US-91",Mona,UT,3.429,39.838200,-111.848000
69494,TMI FUEL STOP,SR 1,Port Allen,LA,3.06566666,30.472000,-91.254100
69495,QUIKTRIP #72,US-69 & US-62,Muskogee,OK,3.03233333,35.737033,-95.384000
69496,LOVES TRAVEL STOP #601,"I-70, EXIT 115 & SR-109",Knightstown,IN,3.949,39.806000,-85.526100
69497,MACH ONE FOOD SHOP #10,"I-70 & EXIT 129, SR-49",Casey,IL,3.499,39.301700,-87.991300
69497,MACH ONE FOOD SHOP #10,"I-70 & EXIT 129, SR-49",Casey,IL,3.299,39.301700,-87.991300
69497,MACH ONE FOOD SHOP #10,"I-70 & EXIT 129, SR-49",Casey,IL,3.199,39.301700,-87.991300
69499,HANKS TRUCK STOP,US-39 & US-30,Hanna,IN,3.499,41.408800,-86.775900
69500,ROAD RANGER #271,"I-20, EXIT 108",Odessa,TX,3.51566666,31.848278,-102.376622
69501,VALLEY COUNTRY STORE,"I-84, EXIT 16B & SR-79",Jerome,ID,3.43233333,42.717800,-114.501200
69504,KWIK TRIP #245,SR-42,Plainview,MN,3.624,44.163700,-92.162100
69505,KWIK TRIP #282,"I-43, EXIT 43 & SR-83",Mukwonago,WI,3.33733333,42.882100,-88.345100
69506,KWIK TRIP #290,"I-94/US-41, EXIT 321",Oak Creek,WI,3.719,42.889200,-87.902700
69508,KWIK TRIP #777,SR-49 & CR-F,Berlin,WI,3.42566666,43.976900,-88.949000
69510,CLARK #3121,SR-46 & SR-24,Caro,MI,3.399,43.483300,-83.383500
69512,LOVES TRAVEL STOP #589,"I-27/US-87, EXIT 8 & FM-2641",Lubbock,TX,3.33233333,33.574273,-101.871115
69513,KWIK TRIP #885,WI-29 EXIT 132,Abbotsford,WI,3.45233333,44.964100,-90.299400
69514,Flying J #1033,"I-20, EXIT 138 & SR-158",Midland,TX,3.56566666,31.939173,-102.066982
69520,SPEEDWAY #2908,SR-51,Perryopolis,PA,3.91566666,40.064600,-79.775600
69521,CASEYS #3319,"US-30, EXIT 158",Nevada,IA,2.989,42.019000,-93.446200
69522,FUEL EXPRESSO 17,"I-35 & EXIT 187, SR-68",Ottawa,KS,3.17233333,38.614200,-95.274500
69524,CONCORD XTRAMART,"I-93, EXIT 17 & US-4",Concord,NH,3.659,43.255975,-71.591825
69525,DILLEY TRUCK STOP,"I-35 & EXIT 85, FM 117",Dilley,TX,3.06566666,28.678200,-99.174700
69526,STRIPES 7FLEET #42469,"I-20, US-80 EXIT 15A",Santo,TX,2.91733333,32.597900,-98.179700
69527,Exxon,"I-96, EXIT 129",Fowlerville,MI,3.749,42.661400,-84.072100
69528,KWIK STAR #283,"I-380/US-218/SR-27, EXIT 13",Cedar Rapids,IA,3.53233333,42.037379,-91.635886
69530,CIRCLE K #2741030,"I-35, EXIT 160",San Antonio,TX,2.999,29.464699,-98.498407
69531,Kwik Star#223,"I-35, EXIT 194 & US-18/SR-122",Clear Lake,IA,3.079,43.140600,-93.385000
69532,JACKSONS FOOD STORE #147,"I-84, EXIT 27/US-20 & SR-19",Caldwell,ID,3.579,43.668733,-116.749667
69534,CAIRO TRAVEL CENTER,US-84/SR-38,Cairo,GA,3.424,30.914800,-84.208000
69536,7-ELEVEN #40802,US-87,Nixon,TX,3.079,29.301600,-97.752900
69541,PILOT #1027,US-385 & CR-E,Vega,TX,3.30566666,35.224100,-102.421400
69542,PILOT #1030,"I-57, EXIT 353",Alsip,IL,3.359,41.672100,-87.735700
69542,PILOT TRAVEL CENTER #1030,"I-57, EXIT 353",Alsip,IL,3.459,41.672100,-87.735700
69542,PILOT TRAVEL CENTER #1030,"I-57, EXIT 353",Alsip,IL,3.499,41.672100,-87.735700
69542,PILOT TRAVEL CENTER #1030,"I-57, EXIT 353",Alsip,IL,3.599,41.672100,-87.735700
69542,PILOT #1030,"I-57, EXIT 353",Alsip,IL,3.459,41.672100,-87.735700
69545,LOVES TRAVEL STOP #628,"I-35E, EXIT 386 & FM-1134",Italy,TX,3.10233333,32.178500,-96.882300
69546,KWIK TRIP #186,"I-35, EXIT 183",Hinckley,MN,3.35233333,46.018900,-92.899300
69547,KWIK TRIP #297,"US-10, WI-441",Menasha,WI,3.49066666,44.211200,-88.417500
69549,KWIK TRIP #178,"I-494, EXIT 64B & SR-156",South Saint Paul,MN,3.60733333,44.888100,-93.046000
69550,KWIK TRIP #273,"I-35, EXIT 251B & SR-23",Duluth,MN,3.499,46.786400,-92.126557
69553,SPEEDWAY #2120,US-30,Oswego,IL,3.249,41.684900,-88.345300
69553,SPEEDWAY #2120,US-30,Oswego,IL,3.259,41.684900,-88.345300
69553,SPEEDWAY #2120,US-30,Oswego,IL,3.299,41.684900,-88.345300
69554,SPEEDWAY #8047,"I-70, EXIT 104 & SR-9",Greenfield,IN,3.599,39.790200,-85.814100
69558,CIRCLE K #2741070,FM-1560,San Antonio,TX,2.914,29.464699,-98.498407
69559,CASEYS #3424,"I-35, EXIT 26 & SR-30",Ellendale,MN,3.499,43.882600,-93.319500
69560,LOVES TRAVEL STOP #614,"I-40, EXIT 149",Albuquerque,NM,3.52066666,35.077348,-106.644838
69561,SPEEDWAY #7156,"I-40/75, EXIT 374 & SR-131",Knoxville,TN,3.26566666,35.971652,-83.964548
69562,SPEEDWAY #8796,"I-496, EXIT 11",Lansing,MI,3.699,42.723891,-84.571327
69563,SPEEDWAY #9651,"I-75, EXIT 104",Lexington,KY,3.149,38.029579,-84.484936
69564,SPEEDWAY #7106,"I-40, EXIT 280 & SR-56",Baxter,TN,3.06566666,36.124900,-85.637800
69565,PILOT #1021,"I-196, EXIT 49",Holland,MI,3.999,42.790067,-86.122633
69565,PILOT #1021,"I-196, EXIT 49",Holland,MI,4.099,42.790067,-86.122633
69566,PILOT TRAVEL CENTER #1024,"I-80, EXIT 132B & SR-53",Joliet,IL,3.799,41.513350,-88.070750
69566,PILOT #1024,"I-80, EXIT 132B & SR-53",Joliet,IL,3.799,41.513350,-88.070750
69567,KWIK TRIP #166,"I-35, EXIT 214",Moose Lake,MN,3.319,46.447200,-92.746600
69568,KWIK TRIP #295,SR-26 & SR-59,Milton,WI,3.399,42.779100,-88.953100
69570,CENEX CONVENIENCE,SR-34 & CR-21,Detroit Lakes,MN,3.499,46.817200,-95.845300
69572,AC & T GARLAND GROH,I-81 EXIT 7B,Hagerstown,MD,3.559,39.629750,-77.718317
69573,AC & T Falling Waters,"I-81, EXIT 23",Falling Waters,WV,3.849,39.586500,-77.885200
69574,LOVES TRAVEL STOP #622,"I-94, EXIT 45 & CR-B",Menomonie,WI,3.579,44.871800,-91.926500
69575,LOVES TRAVEL STOP #537,"I-68, EXIT 46 & US-220/SR-144",Cumberland,MD,4.249,39.615940,-78.780680
69576,PILOT #498,US-69/75 & SR-7,Atoka,OK,3.499,34.344500,-96.141800
69580,GORES TRAVEL PLAZA,US-270/SR-3,Seiling,OK,3.149,36.127800,-98.887500
69581,BYRNE DAIRY #22,"I-81, EXIT 15 & US-20",La Fayette,NY,4.299,42.891000,-76.106100
69584,LOVES TRAVEL STOP #648,US-70,Valliant,OK,3.099,34.009100,-95.068600
69585,LOVES TRAVEL STOP #618,"I-75, EXIT 136 & SR-32",Sadieville,KY,3.139,38.390800,-84.538400
69587,LAMBOS #3,"I-57, EXIT 190A & SR-16",Mattoon,IL,3.399,39.480200,-88.376200
69588,FUEL CITY,"I-30, EXIT 52B & US-80",Mesquite,TX,2.96566666,32.763600,-96.629040
69589,LOVES TRAVEL STOP #604,I-35 EXIT 157 & SR-33,Guthrie,OK,3.319,35.833000,-97.436000
69590,LOVES TRAVEL STOP #654,US-81,Union City,OK,3.37566666,35.391300,-97.939800
69591,REBEL PLUS #841,"I-75, EXIT 116 & CR-865",Bonita Springs,FL,3.539,26.354825,-81.777275
69592,SPEEDWAY #6131,"I-465, EXIT 49",Indianapolis,IN,3.799,39.800271,-86.136173
69594,SPEEDWAY #8480,US-30 & CR-36,Plainfield,IL,3.279,41.606967,-88.212500
69594,SPEEDWAY #8480,US-30 & CR-36,Plainfield,IL,3.339,41.606967,-88.212500
69595,SPEEDWAY #7176,US-31/SR-6,Columbia,TN,3.359,35.615350,-87.036650
69596,SPEEDWAY #4250,SR-72,Des Plaines,IL,3.289,42.028825,-87.889025
69596,SPEEDWAY #4250,SR-72,Des Plaines,IL,3.499,42.028825,-87.889025
69597,SPEEDWAY #2918,US-119,Uniontown,PA,3.91566666,39.889700,-79.728200
69598,SPEEDWAY #8133,SR-237,Berea,OH,3.499,41.367600,-81.861800
69599,One9 SPEEDWAY #2917,SR-48 & SR-130,Monroeville,PA,3.99233333,40.429000,-79.762300
69601,LOVES TRAVEL STOP #638,US-54,Texhoma,OK,3.509,36.525300,-101.839400
69605,CASEYS #3305,SR-23 & SR-47,Ogilvie,MN,3.371,45.847600,-93.435900
69607,PANOLA PINES PLAZA,I-59,Carthage,TX,3.139,32.154400,-94.352700
69608,STRIPES,FM 1924,Mission,TX,3.099,26.276167,-98.332067
69611,CUBBYS #2104,CR-131,Shelby,NE,3.399,41.192200,-97.425300
69612,ROAD RANGER #272,"I-35, EXIT 39 & SR-44",Encinal,TX,3.539,28.040500,-99.356300
69614,RUTTERS #36,US-15 & SR-234,York Springs,PA,4.299,40.008400,-77.106100
69615,LOVES TRAVEL STOP #631,US-275/SR-64,Valley,NE,3.34566666,41.318600,-96.346300
69616,FLYING J #552,"I-71, EXIT 32 & SR-350",Lebanon,OH,3.399,39.429300,-84.173500
69618,LOVES TRAVEL STOP #656,US-50/400,Holcomb,KS,3.729,37.993100,-100.989300
69621,Circle K #2741096,"I-10/US-90, EXIT 591 & FM-1518",Converse,TX,2.93566666,29.517300,-98.321700
69625,RUTTERS #34,US-30 & SR-23,Leola,PA,4.199,40.096400,-76.192100
69626,CASEYS #2860,US-160 & FM-6070,West Plains,MO,3.419,36.728400,-91.871700
69627,STRIPES #40601,US-83 & FM-2360,Rio Grande City,TX,2.99566666,26.394200,-98.810400
69629,SWANTON MOBIL,"I-89, EXIT 21 & SR-78",Swanton,VT,3.539,44.916800,-73.121100
69630,MANSFIELD TRAVEL PLAZA,SR-175 & SR-509,Mansfield,LA,3.019,32.023900,-93.698000
69632,Circle K #2709300,US-72/SR-2,Huntsville,AL,2.97733333,34.724517,-86.578767
69633,ONE9 EXPRESS FUEL,"I-10, EXIT 42 & FM-1110",Clint,TX,2.80233333,31.549400,-106.203800
69636,PETRO WILMINGTON,"I-55, EXIT 240",Wilmington,IL,3.399,41.307800,-88.146700
69636,PETRO WILMINGTON,"I-55, EXIT 240",Wilmington,IL,3.499,41.307800,-88.146700
69636,PETRO WILMINGTON,"I-55, EXIT 240",Wilmington,IL,3.449,41.307800,-88.146700
69636,PETRO WILMINGTON,"I-55, EXIT 240",Wilmington,IL,3.539,41.307800,-88.146700
69637,PILOT #1041,SR-64 & CR-23,Carol Stream,IL,3.759,41.876983,-88.112117
69637,PILOT TRAVEL CENTER #1041,SR-64 & CR-23,Carol Stream,IL,3.699,41.876983,-88.112117
69637,PILOT #1041,SR-64 & CR-23,Carol Stream,IL,3.799,41.876983,-88.112117
69637,PILOT TRAVEL CENTER #1041,SR-64 & CR-23,Carol Stream,IL,3.799,41.876983,-88.112117
69643,Tex-Best #524,SR-44 E,Alice,TX,2.899,27.747700,-98.076650
69646,Arco One9,"I-10, EXIT 19",Quartzsite,AZ,3.379,33.698050,-114.216050
69646,Arco dba One9 #1258,"I-10, EXIT 19",Quartzsite,AZ,3.359,33.698050,-114.216050
69647,SPEEDWAY #6207,SR-25,Batavia,IL,3.699,41.848200,-88.309800
69647,SPEEDWAY #6207,SR-25,Batavia,IL,3.599,41.848200,-88.309800
69648,BP-GIANT OIL #440,"I-71, EXIT 204 & SR-83",Burbank,OH,3.23233333,40.963700,-81.995800
69649,SPEEDWAY #2921,"I-80, EXIT 29 & SR-8",Harrisville,PA,3.434,41.163100,-79.979600
69651,LOVES TRAVEL STOP #074,SR-19 & SR-76,Lindsay,OK,3.09066666,34.821100,-97.599800
69652,LOVES TRAVEL STOP #633,US-30,Plymouth,IN,3.849,41.353000,-86.301500
69653,LOVES TRAVEL STOP #644,"I-70, EXIT 437 & US-385",Burlington,CO,3.889,39.310600,-102.258300
69654,LOVES TRAVEL STOP #636,US-169,Nowata,OK,3.399,36.694600,-95.640400
69657,JIFFY MART,US-7 & SR-22A,Ferrisburgh,VT,3.599,44.205600,-73.246200
69658,Missouri Travel,"I-29, EXIT 75 & US-30",Missouri Valley,IA,3.424,41.564400,-95.891300
69659,QUIKTRIP #1092,"I-77, EXIT 77 & US-21/SR-5",Rock Hill,SC,3.134,34.972200,-81.119580
69662,STRIPES 7FLEET #42472,US-377,Brownwood,TX,2.96233333,31.774800,-99.041800
69663,STRIPES #2484,SR-480 & FM-1021,Eagle Pass,TX,3.199,28.690900,-100.480100
69664,7-ELEVEN #40544,US-281,Lampasas,TX,2.91566666,31.068000,-98.183400
69666,7-ELEVEN #40587,SR-21 & FM-150,Maxwell,TX,3.15233333,29.895300,-97.814400
69668,LOVES TRAVEL STOP #643,"I-55/57, EXIT 66A & US-60",Sikeston,MO,3.549,36.891100,-89.582000
69669,LOVES TRAVEL STOP #623,"I-20/SR-349, EXIT 131",Midland,TX,3.55566666,31.939173,-102.066982
69670,LOVES TRAVEL STOP #611,"I-90, EXIT B3 & SR-22",Canaan,NY,3.989,42.413200,-73.415900
69670,LOVES TRAVEL STOP #611,"I-90, EXIT B3 & SR-22",Canaan,NY,3.979,42.413200,-73.415900
69671,LOVES TRAVEL STOP #655,US-83 & SR-96,Scott City,KS,3.63733333,38.482300,-100.906400
69672,STRIPES 7FLEET #42507,US-285,Pecos,TX,3.379,31.446700,-103.579100
69673,QUIKTRIP #1863,"SEC HWY 114, I-35",Roanoke,TX,2.97566666,33.021100,-97.212700
69674,WEIGLES #64,"I-75, EXIT 122 & SR-61",Clinton,TN,2.99566666,36.098450,-84.178450
69676,SPEEDWAY #8495,"US-19/SR-400, EXIT 12",Alpharetta,GA,3.349,34.073960,-84.273940
69679,LOVES TRAVEL STOP #627,US-27 & SR-54,Davenport,FL,3.55233333,28.231950,-81.638675
69680,PILOT #1042,I-55 EXIT 283,Bridgeview,IL,3.799,41.743100,-87.806600
69680,PILOT TRAVEL CENTER #1042,I-55 EXIT 283,Bridgeview,IL,3.799,41.743100,-87.806600
69681,PILOT #1549,"I-20, EXIT168 & SR-77",Lincoln,AL,3.199,33.605900,-86.111200
69681,PILOT TRAVEL CENTER #1549,"I-20, EXIT168 & SR-77",Lincoln,AL,3.109,33.605900,-86.111200
69682,PILOT #1577,"I-75, EXIT 141 & SR-63",Pioneer,TN,3.02566666,36.469500,-84.290700
69683,GOOD TO GO #88,"I-55, EXIT 283",Chicago,IL,3.619,41.854213,-87.676050
69684,KWIK TRIP #140,"SR-29, EXIT 177",Schofield,WI,3.424,44.906400,-89.581800
69686,CASEYS #3472,SR-125 & SR-78,Virginia,IL,3.759,39.951200,-90.212300
69686,CASEYS #3472,SR-125 & SR-78,Virginia,IL,3.659,39.951200,-90.212300
69686,CASEYS #3472,SR-125 & SR-78,Virginia,IL,3.799,39.951200,-90.212300
69687,CASEYS #3470,US-421 & SR-16,Monon,IN,3.779,40.861200,-86.863500
69688,CASEYS #3431,US-150 & SR-54,Farmer City,IL,3.339,40.244700,-88.663400
69693,MAVERIK COUNTRY STORE #527,"US-89, EXIT 405",Ogden,UT,3.439,41.239508,-111.965408
69694,MAVERIK COUNTRY STORE #533,US-91 & SR-101,Wellsville,UT,3.444,41.634300,-111.931700
69695,MAVERIK COUNTRY STORE #488,"I-15/US-89, EXIT 288",Draper,UT,3.44566666,40.504600,-111.881000
69696,MAVERIK COUNTRY STORE #531,"I-80/15, EXIT 305D",Logan,UT,3.43066666,41.724900,-111.840100
69698,KUM & GO #0891,I-44 (EASTBOUND),Vinita,OK,3.059,36.633400,-95.138200
69699,CIRCLE K #2741552,"SR-969, SR-130, EXIT 444",Austin,TX,2.93233333,30.309436,-97.762286
69701,PUMP & PANTRY #48,US-30 & SR-25,Fremont,NE,3.319,41.437450,-96.496300
69702,SPEEDWAY #7159,"I-40/SR-66, EXIT 412",Dandridge,TN,3.259,36.000800,-83.423300
69703,CIRCLE K #2741831,"I-35, EXIT 8B & SR-20",Laredo,TX,2.90233333,27.518557,-99.461743
69707,SUPER S TRAVEL PLAZA,"I-49, EXIT 241",Ida,LA,3.059,32.993400,-93.902200
69708,TA Express #289,US-59,Nacogdoches,TX,3.139,31.651680,-94.616300
69709,LOVES TRAVEL STOP #626,US-287,Dumas,TX,3.41566666,35.882300,-101.968000
69710,LOVES TRAVEL STOP #625,"I-80, EXIT 59 & SR-17J",Sidney,NE,3.47233333,41.179250,-102.990750
69711,PILOT TRAVEL CENTER #1047,"I-295, EXIT 25",Jacksonville,FL,3.384,30.311931,-81.653317
69711,PILOT #1047,"I-295, EXIT 25",Jacksonville,FL,3.359,30.311931,-81.653317
69712,LOVES TRAVEL STOP #650,"I-84/US-30, EXIT 159",Boardman,OR,3.52233333,45.827200,-119.720600
69713,EAGLE #56,"I-45, Exit 189",Teague,TX,3.48233333,31.632800,-96.277800
69715,CASEYS #2712,SR-8/SR-14,Superior,NE,3.36233333,40.031500,-98.077900
69719,SHEETZ #033,"I-99/US-220, EXIT 41 & SR-865",Altoona,PA,3.529,40.509300,-78.403133
69720,PILOT #1046,US-27 & SR-80,South Bay,FL,3.799,26.670100,-80.731200
69720,PILOT TRAVEL CENTER #1046,US-27 & SR-80,South Bay,FL,3.799,26.670100,-80.731200
69721,MFA,US-36,Brookfield,MO,3.249,39.784600,-93.071900
69723,SPEEDWAY #5036,I-90 & US-20,Hampshire,IL,3.369,42.080700,-88.517000
69727,PETRO-CARD 24 #910880,SR-6/13,Gallatin,MO,3.299,39.902500,-93.978700
69729,MFA OIL,US-63 & HWY E,Queen City,MO,3.249,40.415200,-92.566300
69731,PETRO-CARD 24 #910561,"I-49, EXIT 102A",Nevada,MO,3.349,37.840900,-94.357100
69732,PETRO-CARD 24 #911043,US-65,Sedalia,MO,3.249,38.700300,-93.230300
69735,PETRO-CARD 24 #910200,US-65 & BUS US-36,Chillicothe,MO,3.289,39.796600,-93.550900
69740,LOVES TRAVEL STOP #613,"I-81, EXIT 24 & SR-80",Meadowview,VA,3.599,36.761200,-81.851200
69741,LOVES TRAVEL STOP #659,"I-10, EXIT 133B",Tolleson,AZ,3.569,33.434700,-112.277400
69742,LOVES TRAVEL STOP #630,US-412/64,Enid,OK,3.78733333,36.382640,-97.868320
69743,LOVES TRAVEL STOP #647,US-81,Belleville,KS,3.81566666,39.824100,-97.629000
69744,LOVES TRAVEL STOP #632,US-54 & US-83,Liberal,KS,3.66566666,37.032700,-100.933300
69745,PILOT #1070,"I-40/US-54, EXIT 277 & US-84",Santa Rosa,NM,3.46233333,34.852600,-104.589900
69746,Maverik Country Store #5014,I-80 E EXIT 110 & HWY169,De Soto,IA,3.099,41.520800,-94.030300
69747,SUNOCO,I-69 & YS HWY 30,Fort Wayne,IN,3.604,41.089977,-85.100156
69748,SUNOCO,SR-930 E,Fort Wayne,IN,3.59733333,41.089977,-85.100156
69750,CIRCLE K #2704041,"I-35, EXIT 183",New Braunfels,TX,2.859,29.721350,-98.130375
69751,MFA,CR-37,Purdy,MO,3.349,36.806900,-93.916400
69755,PILOT #1082,"I-526, EXIT 19",Charleston,SC,3.41566666,32.825244,-79.928263
69758,MAVERIK COUNTRY STORE #537,I-215 EXIT 21,Salt Lake City,UT,3.38233333,40.709875,-111.888812
69764,MAVERIK COUNTRY STORE #538,I-15 & SR-99,Fillmore,UT,3.38733333,38.980500,-112.331300
69765,7-ELEVEN #40509,I-90/80 EB,Howe,IN,3.899,41.728600,-85.472700
69766,Marathon,"I-75, EXIT 99 & SR-119",Anna,OH,3.029,40.405100,-84.210300
69770,SASSYS TRUCK STOP,"I-86, EXIT 23 & US-219",Limestone,NY,3.159,42.063900,-78.632000
69772,CIRCLE K #2741825,"I-410, EXIT 2 & FM-2536",San Antonio,TX,3.099,29.464699,-98.498407
69780,Bolingbrook Mart,"I-55, EXIT 269",Bolingbrook,IL,3.639,41.688300,-88.113800
69782,BYRNE DAIRY #14,SR-414 & SR-318,Waterloo,NY,3.999,42.904500,-76.875500
69783,SHEETZ #603,"I-78 US-22, EXIT 13 & SR-501",Bethel,PA,3.32733333,40.480800,-76.274200
69784,KWIK TRIP #158,US-10 & SR-23,Saint Cloud,MN,3.27733333,45.559164,-94.164900
69785,LOVES TRAVEL STOP #662,US-287 & SR-285,Quanah,TX,3.849,34.295500,-99.749400
69786,LOVES TRAVEL STOP #671,"I-55, EXIT 63 & US-61",Blytheville,AR,3.45566666,35.927300,-89.919000
69787,LOVES TRAVEL STOP #616,"I-49, EXIT 158",Harrisonville,MO,3.429,38.641900,-94.328500
69788,LOVES TRAVEL STOP #612,"SR-370, EXIT 9 & SR-141",Bridgeton,MO,3.12066666,38.750600,-90.416100
69789,LOVES TRAVEL STOP #620,US-301 & SR-20,Hawthorne,FL,3.789,29.574000,-82.105600
69790,LOVES TRAVEL STOP #641,I-155/US-412 EXIT 13 & SR-78,Dyersburg,TN,3.40233333,36.039450,-89.384600
69791,PILOT #1083,US-287 & US-54,Stratford,TX,3.499,36.333500,-101.988600
69792,FLYING J #1061,"I-44, EXIT 72",Springfield,MO,3.38233333,37.215575,-93.302606
69797,KWIK TRIP #149,US-10,Saint Cloud,MN,3.21066666,45.559164,-94.164900
69798,LOVES TRAVEL STOP #060,US-36 & US-283,Norton,KS,3.109,39.840700,-99.887800
69799,MAVERIK COUNTRY STORE #387,"I-40, EXIT 253",Winslow,AZ,3.23566666,35.024200,-110.697400
69800,MAVERIK COUNTRY STORE #502,US-385 & SR-2,Alliance,NE,3.259,42.114900,-102.888000
69801,MAVERIK COUNTRY STORE #409,"I-580, EXIT 41 & SR-531",Carson City,NV,3.589,39.155350,-119.772340
69803,THORNTONS #319,"I-55, EXIT 248 & US-6",Channahon,IL,3.249,41.434700,-88.213800
69803,THORNTONS #319,"I-55, EXIT 248 & US-6",Channahon,IL,3.299,41.434700,-88.213800
69804,KWIK TRIP #184,"I-94, EXIT 293",Pewaukee,WI,3.449,43.078800,-88.272900
69809,KWIK TRIP #162,"I-94, EXIT 202",Elk River,MN,3.29733333,45.313600,-93.581400
69811,Chisholm Corner #16,US-81 & SR-7,Marlow,OK,3.01566666,34.638700,-97.941000
69813,SHEETZ #608,"I-81, EXIT 24 & CR-696",Shippensburg,PA,3.28566666,40.051400,-77.519500
69814,Allsup's #2454,US-87 & SR-163,Sterling City,TX,3.224,31.835100,-101.001700
69815,CENEX ZIP TRIP #75,"I-94/US-12, EXIT 138 & US-59",Miles City,MT,3.49733333,46.407500,-105.833200
69816,STRIPES #42503,"I-27, EXIT 1",Lubbock,TX,2.95066666,33.574273,-101.871115
69817,LOVES TRAVEL STOP #639,"I-20, EXIT 96",Lake,MS,3.16233333,32.345900,-89.341400
69818,LOVES TRAVEL STOP #675,US-75,Okmulgee,OK,3.21733333,35.628800,-95.969700
69819,FLYING J #1086,SR-18 & SR-5,Marion,IN,3.489,40.555100,-85.667850
69819,FLYING J TRAVEL PLAZA #1086,SR-18 & SR-5,Marion,IN,3.649,40.555100,-85.667850
69820,CUBBYS #304,SR-7,Manson,IA,3.299,42.528500,-94.530400
69821,FUEL CITY HALTOM CITY,"I-35W, EXIT 52B & TX-121",Haltom City,TX,2.96566666,32.808700,-97.270900
69823,LOVES TRAVEL STOP #664,US-41,Terre Haute,IN,3.949,39.467675,-87.389000
69824,LOVES TRAVEL STOP #663,US-190 & LA-103,Port Barre,LA,3.124,30.547800,-91.928600
69825,KWIK TRIP #154,MN-15,Sauk Rapids,MN,3.30233333,45.604000,-94.159100
69826,LOVES TRAVEL STOP #629,I-65 EXIT 108 & SR-76,White House,TN,3.159,36.460000,-86.670500
69827,KWIK TRIP #164,US-12/SR-29,Menomonie,WI,3.499,44.871800,-91.926500
69830,RUTTERS #69,"I-78/US-22, EXIT 29 & SR-61",Hamburg,PA,3.86566666,40.548800,-75.987400
69832,LOVES TRAVEL STOP #595,"I-10, EXIT 28 & SR-49",Gulfport,MS,3.144,30.414383,-89.071117
69833,LOVES TRAVEL STOP #658,US-412,Watts,OK,3.34733333,36.115200,-94.634500
69835,LOVES TRAVEL STOP #653,US-287,Eads,CO,3.47566666,38.440800,-102.554900
69837,LOVES TRAVEL STOP #606,"I-94, EXIT 73B & US-6",South Holland,IL,3.489,41.597900,-87.593800
69837,LOVES TRAVEL STOP #606,"I-94, EXIT 73B & US-6",South Holland,IL,3.449,41.597900,-87.593800
69837,LOVES TRAVEL STOP #606,"I-94, EXIT 73B & US-6",South Holland,IL,3.329,41.597900,-87.593800
69837,LOVES TRAVEL STOP #606,"I-94, EXIT 73B & US-6",South Holland,IL,3.549,41.597900,-87.593800
69840,KUM & GO #0370,"I-80, EXIT 439 & SR-370",Gretna,NE,2.92066666,41.134500,-96.245800
69842,KUM & GO #0863,"I-44, EXIT 215 & SR-97",Sapulpa,OK,3.23233333,36.011300,-96.102150
69845,Maverik Country Store #5013,US-40 & SR-13,Craig,CO,3.459,40.518800,-107.554000
69847,KWIK STAR #145,US-52,Guttenberg,IA,3.599,42.759400,-91.119000
69848,KWIK TRIP #173,SR-17,Rhinelander,WI,3.45233333,45.704500,-89.386600
69850,KUM & GO #0539,"I-80 E, & SR-415 EXIT 135",Des Moines,IA,3.07233333,41.650284,-93.586047
69851,SPEEDWAY #3995,I-90,Belvidere,IL,3.849,42.259500,-88.850900
69852,KWIK TRIP #141,SR-61,Two Harbors,MN,3.499,47.039400,-91.678300
69854,LOVES TRAVEL STOP #637,"I-39, EXIT 115 & CR-CS",Poynette,WI,3.789,43.401300,-89.418900
69855,LOVES TRAVEL STOP #670,US-18,Floyd,IA,3.649,43.143000,-92.724000
69856,LOVES TRAVEL STOP #657,"I-77, EXIT 5 & SR-48",Cayce,SC,3.39733333,33.962600,-81.067100
69858,TEX-BEST #528,US-181,Elmendorf,TX,2.89233333,29.230800,-98.372000
69859,BIG BOSS TRAVEL PLAZA,I-12 EXIT 22,Livingston,LA,3.16566666,30.474100,-90.767300
69861,HUCKS FOOD & FUEL #379,"I-57, EXIT 53",Marion,IL,3.549,37.725700,-88.929400
69861,HUCKS FOOD & FUEL #379,"I-57, EXIT 53",Marion,IL,2.929,37.725700,-88.929400
69861,HUCKS FOOD & FUEL #379,"I-57, EXIT 53",Marion,IL,2.999,37.725700,-88.929400
69862,CASEYS #3503,US-69/SR-52,Pleasanton,KS,3.199,38.182300,-94.705700
69863,GOLDEN GATE,I-80 EXIT 352A & US-93,Wells,NV,3.41566666,41.111600,-114.964500
69865,7-ELEVEN #40036,SR-33 & SR-632,Lanexa,VA,3.659,37.419400,-76.902700
69870,CIRCLE K #4705720,"I-280, EXIT 7 & SR-2",Oregon,OH,3.609,41.641800,-83.471400
69871,CIRCLE K #2741595,SR-71 & FM-1209,Bastrop,TX,2.954,30.138800,-97.292100
69873,KWIK TRIP #142,"US-10, EXIT 186 & SR-13",Marshfield,WI,3.479,44.666433,-90.174000
69874,LOVES TRAVEL STOP #687,"I-72, EXIT 64 & US-67",Jacksonville,IL,3.589,39.716100,-90.245250
69874,LOVES TRAVEL STOP #687,"I-72, EXIT 64 & US-67",Jacksonville,IL,3.489,39.716100,-90.245250
69875,LOVES TRAVEL STOP #680,US-81,Norfolk,NE,3.31566666,42.030600,-97.419950
69876,LOVES TRAVEL STOP #684,"I-35, EXIT 133 & SR-175",Ellsworth,IA,3.689,42.300900,-93.549000
69877,LOVES TRAVEL STOP #669,US-61 & SR-19,New London,MO,3.23566666,39.591700,-91.396000
69878,SPEEDWAY #7412,SR-83 & SR-19,Bensenville,IL,3.379,41.952550,-87.942550
69879,SPEEDWAY #3700,I-70 EXIT 77,Indianapolis,IN,3.319,39.800271,-86.136173
69880,Speedway #6809,"I-290, EXIT 13A",Franklin Park,IL,3.329,41.933900,-87.873400
69880,Speedway #6809,"I-290, EXIT 13A",Franklin Park,IL,3.379,41.933900,-87.873400
69881,KWIK TRIP #458,SR-55,Buffalo,MN,3.549,45.181400,-93.863500
69882,SPEEDWAY #7103,US-43,Lawrenceburg,TN,3.574,35.250700,-87.352600
69884,AKAL TRAVEL CENTER,"I-40, EXIT 267 & SR-379",Santa Rosa,NM,2.879,34.852600,-104.589900
69885,BELL STORES #146,SR-43 & SR-183,Malvern,OH,3.579,40.684500,-81.183800
69886,LOVES TRAVEL STOP #676,SR-50,Syracuse,NE,3.444,40.661400,-96.182400
69887,CIRCLE K #2701869,SR-21 & SR-307,Savannah,GA,3.11566666,32.017756,-81.094239
69888,OASIS STOP N GO #17,US-30,Twin Falls,ID,3.699,42.559750,-114.465100
69892,MAVERIK COUNTRY STORE #547,US-26,Casper,WY,3.18566666,42.853740,-106.331380
69893,DOMINO EXPRESS #24,US-412/US-270/US-183/SR-3 & SR-15,Woodward,OK,2.999,36.485400,-99.351150
69894,Circle K #2746446,US-2,Williston,ND,4.04233333,48.180433,-103.627900
69895,Shell,"I-80, EXIT 122",Minooka,IL,3.149,41.461500,-88.278600
69895,Shell,"I-80, EXIT 122",Minooka,IL,3.249,41.461500,-88.278600
69895,Shell,"I-80, EXIT 122",Minooka,IL,3.199,41.461500,-88.278600
69900,LOVES TRAVEL STOP #605,"I-70, EXIT 59 & SR-41",Springfield,OH,3.479,39.927650,-83.808300
69901,KWIK TRIP #638,SR-42,Two Rivers,WI,3.39066666,44.166000,-87.585500
69902,MAVERIK COUNTRY STORE #441,"I-182/US-12, EXIT 9",Pasco,WA,4.279,46.242100,-119.099350
69903,LOVES TRAVEL STOP #642,US-60 & US-385,Hereford,TX,3.41566666,34.837000,-102.405000
69904,LOVES TRAVEL STOP #695,US-54/400,Cunningham,KS,3.65733333,37.630900,-98.356400
69905,KWIK TRIP #105,"I-41, EXIT 157",De Pere,WI,3.35233333,44.438800,-88.080600
69906,LOVES TRAVEL STOP #692,US-169 & SR-39,Chanute,KS,3.27566666,37.674900,-95.457000
69907,STRIPES #41023,SR-358 & FM-665,Corpus Christi,TX,3.07066666,27.762360,-97.434843
69908,LOVES TRAVEL STOP #685,"I-74, EXIT 51",Knoxville,IL,3.889,40.910700,-90.287100
69912,AMPM,"I-10, EXIT 140",Phoenix,AZ,3.28233333,33.491612,-112.079255
69913,ROSS FUEL CENTER,US-60/US-67,Poplar Bluff,MO,3.49066666,36.739350,-90.411800
69914,PETRO COLUMBIA,"I-77, EXIT 5 & SR-48",Columbia,SC,3.41233333,34.016062,-81.007685
69915,PETES #16,"I-49/US-71, EXIT 120 & CR-B",Rich Hill,MO,3.149,38.094400,-94.363500
69921,LOVES TRAVEL STOP #688,"I-70, EXIT 119 & SR-130",Greenup,IL,3.389,39.274000,-88.124600
69921,LOVES TRAVEL STOP #688,"I-70, EXIT 119 & SR-130",Greenup,IL,3.449,39.274000,-88.124600
69921,LOVES TRAVEL STOP #688,"I-70, EXIT 119 & SR-130",Greenup,IL,3.489,39.274000,-88.124600
69921,LOVES TRAVEL STOP #688,"I-70, EXIT 119 & SR-130",Greenup,IL,3.349,39.274000,-88.124600
69921,LOVES TRAVEL STOP #688,"I-70, EXIT 119 & SR-130",Greenup,IL,3.289,39.274000,-88.124600
69922,LOVES TRAVEL STOP #686,"I-84/I-15, EXIT 363",Brigham City,UT,3.75566666,41.507900,-112.015200
69923,Circle K #2741821,FM 471 & SR 211,San Antonio,TX,3.03233333,29.464699,-98.498407
69926,TONKAWA TRADING POST,"I-35, EXIT 214 & US-60",Tonkawa,OK,2.999,36.680600,-97.306300
69927,LOVES TRAVEL STOP #682,"I-81, EXIT 10A",Hagerstown,MD,3.949,39.629750,-77.718317
69928,KUM & GO #1837,SR-51,Broken Arrow,OK,3.05233333,36.035625,-95.783825
69929,PETES #14,US-69/SR 7,Fort Scott,KS,3.199,37.821600,-94.714800
69930,CONCORDE TRAVEL CENTER,"I-65, EXIT 219 & CR-42",Jemison,AL,3.299,32.980500,-86.718100
69931,SHELL,"I-565, EXIT 7 & CR-127",Madison,AL,3.349,34.710667,-86.767833
69932,CIRCLE K #2741847,SR-16,San Antonio,TX,3.07233333,29.464699,-98.498407
69933,Flyers #3202,"I-17, EXIT 201",Phoenix,AZ,3.369,33.491612,-112.079255
69934,KWIK TRIP #135,SR-35 N,Superior,WI,3.499,46.701600,-92.091200
69935,KWIK TRIP #586,"I-41, EXIT 45",Butler,WI,3.474,43.105400,-88.071000
69936,LOVES TRAVEL STOP #683,US-27,Moore Haven,FL,3.789,26.832700,-81.218800
69937,MAVERIK COUNTRY STORE #385,"I-15, EXIT 119",Idaho Falls,ID,3.42566666,43.484743,-112.004357
69938,MAVERIK COUNTRY STORE #388,US-60 & SR-77,Show Low,AZ,3.229,34.298950,-110.017600
69939,MAVERIK COUNTRY STORE #377,"I-15, EXIT 244 & US-6",Santaquin,UT,3.40233333,39.973700,-111.803700
69940,SAPP BROS TRAVEL CENTER,"I-49, EXIT 157",Harrisonville,MO,3.40233333,38.641900,-94.328500
69941,QUIKTRIP #949,"I-20 E, EXIT 406",Weatherford,TX,2.91733333,32.779950,-97.772875
69943,ASAP GENERAL STORE #313,US-81,Duncan,OK,3.13233333,34.503833,-97.921933
69944,TRUCK WORLD,"I-76, EXIT 57",North Jackson,OH,3.259,41.088000,-80.862300
69945,BP,"I-465, EXIT 49",Indianapolis,IN,3.799,39.800271,-86.136173
69946,KUM & GO #0119,"I-35, EXIT 214 & SR-105",Northwood,IA,3.11566666,43.450600,-93.241900
69947,THORNTONS #607,I-24 EXIT 62 & SR-171,Antioch,TN,2.899,36.059800,-86.665700
69948,CIRCLE T,US-190/SR-21,Bryan,TX,3.459,30.685714,-96.367071
69949,THE CROSSING TRAVEL MARK,US-83 & SR-153,Winters,TX,3.04066666,31.962000,-99.955100
69952,HUTCH'S #120,"I-40, EXIT 25",Sayre,OK,2.984,35.304700,-99.642900
69954,Exxon,"I-80, EXIT 27A & US-46",Budd Lake,NJ,3.119,40.873100,-74.742600
69955,QUIKTRIP #1044,"I-85, EXIT 63 & SR-2180",Kannapolis,NC,3.154,35.444367,-80.592833
69957,LOVES TRAVE STOP #698,"I-75/SR-401, EXIT 153",Macon,GA,3.369,32.818930,-83.665100
69958,LOVES TRAVEL STOP #693,US-30/23 & SR-199,Upper Sandusky,OH,3.889,40.824900,-83.297700
69959,BISCUIT HILL TRAVEL PLAZA,"I-40, EXIT 192",Shawnee,OK,2.909,35.336633,-96.939500
69960,PILOT CENTER #1014- TOWN PUMP,"I-94, EXIT 213 & SR-16",Glendive,MT,3.419,47.100800,-104.728700
69962,LUFKIN TRAVEL PLAZA,US-59 & CR-819,Lufkin,TX,2.81566666,31.319200,-94.707480
69963,7 CLANS RED ROCK GASINO,US-177,Red Rock,OK,3.089,36.474800,-97.164000
69964,SHEETZ #621,"I-77 & US-70, Exit 49A",Statesville,NC,2.849,35.815567,-80.889033
69969,USA GAS,SR-47,Newfield,NJ,3.169,39.555300,-75.027600
69974,LOVES TRAVEL STOP #672,US-77BUS & FM-1945,Sinton,TX,3.149,28.033900,-97.519600
69975,LOVES TRAVEL STOP #703,US-50,South Hutchinson,KS,3.30066666,38.028200,-97.943100
69976,KWIK TRIP #583,"I-94, EXIT 89 & SR-23",Wisconsin Dells,WI,3.23733333,43.650800,-89.766500
69977,KWIK TRIP #855,US-12,Baraboo,WI,3.11566666,43.482500,-89.746200
69978,LOVES TRAVEL STOP #678,US-271,Paris,TX,3.36566666,33.666500,-95.527967
69979,LOVES TRAVEL STOP #681,"I-82/US-12, EXIT 80",Prosser,WA,4.589,46.223200,-119.771000
69980,RUTTERS #70,SR-896 & SR-741,Strasburg,PA,4.199,39.970100,-76.184800
69981,RANCHLAND GAS STATION,US-82,Benjamin,TX,3.299,33.584000,-99.792300
69982,RUTTERS #68,US-422 & SR-934,Annville,PA,4.299,40.345600,-76.544700
69983,MICKEY MART #57,US-250,Strasburg,OH,3.49233333,40.600300,-81.536600
69986,YESWAY #1061,US-180 & SR-137,Lamesa,TX,3.099,32.736700,-101.956900
69987,LOVES TRAVEL STOP #679,"I-90, EXIT 495 & SR-47",Hardin,MT,3.704,45.749800,-107.607500
69988,LOVES TRAVEL STOP #640,"I-43, EXIT 120 & CR-OK",Sheboygan,WI,3.289,43.758967,-87.703133
69989,LOVES TRAVEL STOP #677,US-45A,West Point,MS,3.259,33.607600,-88.650300
69990,LOVES TRAVEL STOP #691,US-50/93 & US-6,Ely,NV,3.649,39.290000,-114.856550
69991,WA SHE SHU TRAVEL PLAZA,US-395,Gardnerville,NV,3.699,38.893450,-119.669350
69992,KWIK TRIP #120,SR-15 & CR-4,Saint Cloud,MN,3.27733333,45.559164,-94.164900
69993,CEFCO #99,US-290,Giddings,TX,3.159,30.177700,-96.933200
69995,PILOT EXPRESS #1178,"I-10, EXIT 273",Tucson,AZ,3.219,32.225478,-110.944676
69996,YESWAY #1078,US-83 & SR-153,Winters,TX,2.999,31.962000,-99.955100
69998,CASEYS #3604,US-75,Hinton,IA,3.299,42.604000,-96.305000
69999,RUTTERS #71,"I-99, EXIT 28 & US-22",Duncansville,PA,4.099,40.426200,-78.438300
70001,LOVES TRAVEL STOP #690,US-23,Circleville,OH,3.789,39.598800,-82.930000
70002,LOVES TRAVEL STOP #699,US-49,Magee,MS,3.60733333,31.849500,-89.750300
70003,SPEEDWAY #2926,SR-837,Clairton,PA,3.92566666,40.324300,-79.931700
70004,SPEEDWAY #7775,US-23 & CR-192,Delaware,OH,3.619,40.293200,-83.072300
70007,FLYING J #1096,"I-95, EXIT 201 & CR-524",Cocoa,FL,3.699,28.389800,-80.769300
70007,FLYING J TRAVEL PLAZA #1096,"I-95, EXIT 201 & CR-524",Cocoa,FL,3.699,28.389800,-80.769300
70008,Amigo's,"I-10, EXIT 661 & FM-609",Flatonia,TX,3.08233333,29.709500,-97.098700
70009,KWIK TRIP #661,SR-69 & BUS-11,Monroe,WI,3.36233333,42.599100,-89.640300
70010,Kwik Star #567,US-65 & SR-3,Hampton,IA,3.504,42.740500,-93.211000
70011,KWIK TRIP #279,"US-63, EXIT 59",Rochester,MN,3.549,44.031700,-92.463900
70012,MAVERIK COUNTRY STORE #549,"I-70, EXIT 283",Aurora,CO,3.18566666,39.709118,-104.705965
70014,PETRO-CARD 24 #919141,SR-179,Jamestown,MO,3.479,38.779300,-92.480700
70016,CASEYS #2743,SR-43/SR-2 & SR-66A,Palmyra,NE,3.199,40.705000,-96.399900
70017,PACIFIC PRIDE,I-79 & US-19,Morgantown,WV,3.459,39.626514,-79.958486
70019,QUICKLEES #1,"I-390, EXIT 9 & SR-15",Avon,NY,3.999,42.903000,-77.727400
70022,SHEETZ #583,US-322 & SR-655,Reedsville,PA,3.41566666,40.672200,-77.611600
70024,KWIK TRIP #827,"I-41, EXIT 167",Green Bay,WI,3.499,44.492967,-88.025892
70025,SPEEDWAY #6245,SR-43,Carrollton,OH,3.559,40.578700,-81.081800
70026,SPEEDWAY #8883,I-80 EXIT 73,Peru,IL,3.149,41.333000,-89.126500
70026,SPEEDWAY #8883,I-80 EXIT 73,Peru,IL,3.199,41.333000,-89.126500
70027,SPEEDWAY #8851,SR-31,South Elgin,IL,3.659,41.996900,-88.298600
70027,SPEEDWAY #8851,SR-31,South Elgin,IL,3.559,41.996900,-88.298600
70028,LOVES TRAVEL STOP #697,"US-321, EXIT 37",Newton,NC,3.689,35.649800,-81.242500
70029,LOVES TRAVEL STOP #696,"I-10, EXIT 843",Beaumont,TX,3.294,30.090154,-94.144269
70030,SPEEDWAY #3991,"I-80 E, & I-94 E",Gary,IN,3.71233333,41.579437,-87.339713
70031,SPEEDWAY #8020,US-30,Upper Sandusky,OH,3.799,40.824900,-83.297700
70032,Kwik Star #569,US-20,Waterloo,IA,3.574,42.483900,-92.334750
70033,KWIK TRIP #111,SR-36 & CR-15,Stillwater,MN,3.54066666,45.041200,-92.915550
70034,SPEEDWAY #8799,I-55 EXIT 282A & SR-171,Bedford Park,IL,3.599,41.811900,-87.687300
70035,SPEEDWAY #8064,"I-55, EXIT 178 & SR-43",West Lafayette,IN,3.58233333,40.419200,-86.911600
70036,Speedway #3994,SR-38 & CR-21,West Chicago,IL,3.599,41.886700,-88.203100
70037,SPEEDWAY #8738,"I-70, EXIT 23 & SR-59",Brazil,IN,3.699,39.521000,-87.127800
70038,SPEEDWAY #1830,US-31,Grand Haven,MI,3.899,43.037800,-86.191200
70039,TEX-BEST #527,SR-162 & SR-16,Jourdanton,TX,2.92066666,28.903000,-98.544000
70040,TEX BEST #503,"I-35, EXIT 215 & CR-210",Kyle,TX,2.80566666,29.996600,-97.833500
70041,LOVES TRAVEL STOP #705,"I-64/SR-33, EXIT 211 & SR-609",Providence Forge,VA,3.889,37.441800,-77.043600
70042,Kwik Star #103,US-65,Iowa Falls,IA,3.374,42.513800,-93.270900
70043,KWIK TRIP #571,"I-35, EXIT 235 & SR-210",Carlton,MN,3.319,46.648400,-92.471000
70044,Thorntons #325,"I-94, EXIT 73B & US-6",South Holland,IL,3.699,41.597900,-87.593800
70049,KWIK STAR #581,"I-380, EXIT 17",Cedar Rapids,IA,3.54066666,42.037379,-91.635886
70050,KWIK TRIP #124,US-51,De Forest,WI,3.23566666,43.247800,-89.343700
70053,KWIK TRIP #964,"US-12, EXIT 250 & CR-M",Middleton,WI,3.529,43.105200,-89.507300
70054,KWIK TRIP #976,CR-241 & CR-ZZ,Oak Creek,WI,3.579,42.889200,-87.902700
70058,KWIK TRIP #590,CR-4 & CR-22,Rochester,MN,3.624,44.031700,-92.463900
70059,KWIK TRIP #118,US-2 & LAKESHORE DRIVE,Ashland,WI,3.699,46.558600,-90.738800
70062,KWIK TRIP #970,SR-164 & SR-59,Waukesha,WI,3.53233333,42.993850,-88.254475
70063,QUICK FUEL #2206,US-41,Marietta,GA,3.519,33.946200,-84.532471
70066,KWIK TRIP #957,US-18 & CR-PD,Madison,WI,3.604,43.072400,-89.402326
70067,KWIK TRIP #240,"I-94, EXIT 115 & CR-A",Black River Falls,WI,3.31233333,44.295400,-90.831300
70068,LOVES TRAVEL STOP #712,"I-44, EXIT 107",Newcastle,OK,3.42566666,35.245300,-97.621600
70069,CASEYS #3486,"I-49, EXIT 159",Harrisonville,MO,3.229,38.641900,-94.328500
70074,CASEYS #3430,US-71 & US-136/SR-46,Maryville,MO,3.13733333,40.343400,-94.873500
70075,KWIK TRIP #815,US-63 & SR-48,Cumberland,WI,3.624,45.540300,-92.029700
70076,PETRO-CARD 24 #910681,SR-32,Salem,MO,3.099,37.617000,-91.525800
70078,KWIK TRIP #573,I-94 & CR-EE,Eau Claire,WI,3.399,44.809967,-91.500700
70079,PILOT #1118,US-60,Clovis,NM,4.079,34.408700,-103.213300
70080,FLYING J #1117,SR-25,Rochester,IN,3.859,41.065500,-86.231000
70080,FLYING J TRAVEL PLAZA #1117,SR-25,Rochester,IN,3.859,41.065500,-86.231000
70081,PILOT EXPRESS #1032,SR-7,Steubenville,OH,3.629,40.361100,-80.656050
70082,KWIK TRIP #588,US-51 & SR-70,Woodruff,WI,3.09566666,45.918600,-89.695400
70083,KWIK TRIP #596,US-14,Black Earth,WI,3.444,43.132200,-89.739000
70084,SPEEDWAY #4440,SR-131,Waukegan,IL,3.789,42.372233,-87.855100
70084,SPEEDWAY #4440,SR-131,Waukegan,IL,3.659,42.372233,-87.855100
70085,Pilot Travel Center #1114,SR-83,Bensenville,IL,3.559,41.952550,-87.942550
70085,Pilot #1114,SR-83,Bensenville,IL,3.389,41.952550,-87.942550
70085,Pilot Travel Center #1114,SR-83,Bensenville,IL,3.389,41.952550,-87.942550
70085,Pilot Travel Center #1114,SR-83,Bensenville,IL,3.659,41.952550,-87.942550
70085,Pilot #1114,SR-83,Bensenville,IL,3.599,41.952550,-87.942550
70087,PILOT EXPRESS  #1098,"I-95, EXIT 14",Newark,NJ,3.999,40.746235,-74.198195
70088,KWIK TRIP #138,SR-13,Park Falls,WI,3.14733333,45.936300,-90.424600
70090,SPEEDWAY #7111,"I-40, EXIT 143 & SR-13",Hurricane Mills,TN,3.03233333,35.924000,-87.810500
70091,SPEEDWAY #7503,I-70 & I-57 EXIT 159,Effingham,IL,3.199,39.121700,-88.561100
70091,SPEEDWAY #7503,I-70 & I-57 EXIT 159,Effingham,IL,3.299,39.121700,-88.561100
70093,LOVES TRAVEL STOP #694,US-45/SR-5 & SR-57,Ramer,TN,3.46233333,35.064200,-88.601700
70095,LOVES TRAVEL STOP #713,US-380 & FM-1304,Bridgeport,TX,2.949,33.187000,-97.781000
70096,LOVES TRAVEL STOP #661,US-65 & SR-81,Pine Bluff,AR,3.319,34.204525,-92.014275
70097,KWIK TRIP #112,SR-32 & SR-23,Sheboygan Falls,WI,3.29233333,43.726600,-87.824200
70098,KWIK TRIP #110,US-2,Ashland,WI,3.699,46.558600,-90.738800
70099,QUIKTRIP #1883,"I-35, EXIT 497 & US-82",Gainesville,TX,2.97566666,33.632550,-97.097600
70100,LOVES TRAVEL STOP #718,"I-65, EXIT 158",Hope Hull,AL,3.26566666,32.224300,-86.393200
70104,LOVES TRAVEL STOP #649,"I-76/US-6, EXIT 89",Brush,CO,4.089,40.260300,-103.627900
70105,LOVES TRAVEL STOP #708,"I-75, EXIT 314 & CR-48",Bushnell,FL,3.29566666,28.661100,-82.155300
70106,LOVES TRAVEL STOPS #719,"I-35, EXIT 308",Troy,TX,3.159,31.175900,-97.285200
70106,LOVES TRAVEL STOP #719,"I-35, EXIT 308",Troy,TX,3.167,31.175900,-97.285200
70107,LOVES TRAVEL STOP #711,"I-71, EXIT 165 & SR-97",Bellville,OH,3.709,40.613600,-82.517500
70108,RICKY ROCKETS FUEL CENTER,SR-50 & SR-83,Midlothian,IL,3.199,41.635000,-87.736200
70108,RICKY ROCKETS FUEL CENTER,SR-50 & SR-83,Midlothian,IL,3.099,41.635000,-87.736200
70111,KWIK TRIP #557,"I-39, EXIT 126 & CR-V",De Forest,WI,3.31066666,43.247800,-89.343700
70117,RUTTERS #72,"I-81, EXIT 16 & US-30",Saint Thomas,PA,4.399,39.924100,-77.790800
70118,SPEEDWAY #7118,US-41,Smyrna,TN,3.01566666,35.965600,-86.504800
70122,Circle K #2709301,SR-67,Decatur,AL,3.899,34.591140,-86.987800
70124,TA Express Lamar,US-50/385,Lamar,CO,3.439,38.084100,-102.619200
70125,SPEEDWAY #7391,I-76 EXIT 232,North Lima,OH,3.699,40.964900,-80.654900
70126,SPEEDWAY #3535,"I-71,EXIT 165 & SR-97",Bellville,OH,3.599,40.613600,-82.517500
70127,SPEEDWAY #2929,"US-22, US-119",New Alexandria,PA,3.97233333,40.398700,-79.422000
70128,CIRCLE K #4703913,"I-40 E, EXIT 87",Jackson,TN,3.349,35.623783,-88.834483
70130,SIDE TRACK,SR-57,Wrightsville,GA,3.31566666,32.721900,-82.726200
70131,THORNTONS #323,SR-64,Lombard,IL,3.349,41.872100,-88.016000
70131,THORNTONS #323,SR-64,Lombard,IL,3.299,41.872100,-88.016000
70131,THORNTONS #323,SR-64,Lombard,IL,3.349,41.872100,-88.016000
70131,THORNTONS #323,SR-64,Lombard,IL,3.299,41.872100,-88.016000
70131,THORNTONS #323,SR-64,Lombard,IL,3.299,41.872100,-88.016000
70131,THORNTONS #323,SR-64,Lombard,IL,3.299,41.872100,-88.016000
70135,KUM & GO #1455,"I-44, EXIT 130",Lebanon,MO,3.09233333,37.685000,-92.655000
70136,FUEL CITY SAGINAW,CR-156,Fort Worth,TX,2.96566666,32.760220,-97.314932
70137,RUTTERS #8,"I-83, EXIT 14 & SR-182",York,PA,4.199,39.964987,-76.697000
70140,CASEYS #3593,SR-7 & US-50,North Vernon,IN,3.59233333,39.001800,-85.627200
70142,ONVO TRAVEL PLAZA - AVIS,"US-220, EXIT 118",Avis,PA,3.539,41.186000,-77.316200
70143,KWIK TRIP #104,"I-94, HWY-24, EXIT 178",Clearwater,MN,3.27733333,45.387700,-94.045200
70144,LOVES TRAVEL STOP #635,"I-49, EXIT 24 & SR-282",Alma,AR,3.459,35.500000,-94.207300
70145,MAVERIK COUNTRY STORE #578,US-26 & US-91,Idaho Falls,ID,3.40233333,43.484743,-112.004357
70146,MAVERIK COUNTRY STORE #567,"I-90, EXIT 291A",Spokane,WA,3.969,47.664696,-117.398543
70146,MAVERIK COUNTRY STORE #567,"I-90, EXIT 291A",Spokane,WA,3.989,47.664696,-117.398543
70146,MAVERIK COUNTRY STORE #567,"I-90, EXIT 291A",Spokane,WA,3.979,47.664696,-117.398543
70146,MAVERIK COUNTRY STORE #567,"I-90, EXIT 291A",Spokane,WA,3.999,47.664696,-117.398543
70150,LOVES TRAVEL STOP #704,"I-29, EXIT 35B & US-34",Pacific Junction,IA,3.789,41.027100,-95.804600
70151,LOVES TRAVEL STOP #721,"I-45, EXIT 246 & FM-1183",Ennis,TX,3.03566666,32.333400,-96.627950
70154,Stinker,"US-34, CR-56",Kersey,CO,3.499,40.396300,-104.528800
70155,MARATHON,"US-24, I-96 EXIT 179",Redford,MI,4.999,42.401000,-83.295300
70156,MAVERIK COUNTRY STORE #348,"US-91, SR-130",Cedar City,UT,3.45233333,37.677500,-113.061900
70157,LOVES TRAVEL STOP #702,US-63,Waterloo,IA,3.769,42.483900,-92.334750
70158,FLYING J #1068,"I-26, EXIT 194 & SR-16",Summerville,SC,3.509,33.006100,-80.189825
70159,LOVES TRAVEL STOP #717,US-460 & SR-156,Disputanta,VA,3.56233333,37.148300,-77.273200
70160,COMMON CENTS #212,I-90 & SR-337,Sheridan,WY,3.56066666,44.784900,-106.964800
70162,PILOT #1049,US-58,Suffolk,VA,3.899,36.780400,-76.596350
70163,KWIK TRIP #598,SR-23,Paynesville,MN,3.399,45.398800,-94.715700
70164,ONVO TRAVEL PLAZA - BLAKESLEE,I-80 EXIT 284,Blakeslee,PA,3.56566666,41.048500,-75.534300
70168,KWIK TRIP #575,CR-75,Saint Joseph,MN,3.30233333,45.565100,-94.336700
70169,ROCKING Oil,SR-21,Caldwell,TX,3.099,30.529800,-96.714300
70170,LOVES TRAVEL STOP #716,SR-3005,Elizabethtown,KY,3.599,37.689400,-85.868750
70171,CITGO HERITAGE RIDGE,US-151 & SR-26,Waupun,WI,3.14733333,43.632400,-88.737300
70172,MACH 1 #3,I-57 & SR-14,Benton,IL,3.599,38.000000,-88.922700
70172,MACH 1 #3,I-57 & SR-14,Benton,IL,3.379,38.000000,-88.922700
70174,LOVES TRAVEL STOP #701,"I-69, EXIT 176",Capac,MI,3.949,43.026300,-82.929800
70176,MAVERIK COUNTRY STORE #565,I-84,Boise,ID,3.39566666,43.539279,-116.228175
70177,MAVERIK COUNTRY STORE #497,US-160 & SR-145,Cortez,CO,3.41566666,37.354900,-108.583700
70179,WORKMANS TRAVEL CENTER,"I-49, EXIT 78 & SR-264",Lowell,AR,3.40233333,36.255400,-94.130800
70180,Gulf,SR-83,Bensenville,IL,3.099,41.952550,-87.942550
70180,Gulf,SR-83,Bensenville,IL,3.059,41.952550,-87.942550
70181,CIRCLE K #2723778,US-501 & SR-78/CR-1303,Sanford,NC,3.049,35.465533,-79.163333
70182,SHELL,US-169,Blue Earth,MN,3.299,43.639400,-94.092400
70183,PILOT # 1134,US-285 & CR-652,Orla,TX,3.759,31.864000,-103.929700
70185,PILOT # 1147,SR-302,Kermit,TX,3.25566666,31.855000,-103.091300
70187,PILOT # 1146,I-20 & SR-17,Pecos,TX,3.46566666,31.446700,-103.579100
70188,KUM & GO #0890,I-44 (WESTBOUND),Vinita,OK,3.059,36.633400,-95.138200
70189,HUDSON IRVING 24,SR-3A,Hudson,NH,3.799,42.769000,-71.412100
70190,LOVES TRAVEL STOP #726,I-25 EXIT 191,Belen,NM,3.52233333,34.651100,-106.695200
70191,LOVES TRAVEL STOP #734,"I-44, EXIT 5 & US-70",Randlett,OK,3.12066666,34.174000,-98.460000
70192,LOVES TRAVEL STOP #720,"I-49, EXIT 94 & SR-1",Boyce,LA,3.174,31.321600,-92.686700
70207,PILOT TRAVEL CENTERS #1344,I-20 EXIT 425,Fort Worth,TX,2.909,32.760220,-97.314932
70208,GOLDEN GATE PETRO,SR-648,Sparks,NV,3.98566666,39.582757,-119.727200
70209,PUMP N PETES #42,"I-49, EXIT 66 & CR-K",Jasper,MO,3.199,37.336200,-94.301300
70210,CASEYS #3889,SR-29 & CR-1350,Henry,IL,3.349,41.111500,-89.374300
70214,RACETRAC #688,I-20 & SR-6,Lithia Springs,GA,2.97233333,33.765500,-84.646900
70216,PILOT TRAVEL CENTER #1110,I-25 & SR-105,Monument,CO,3.639,39.100700,-104.854200
70216,PILOT #1110,I-25 & SR-105,Monument,CO,3.579,39.100700,-104.854200
70217,MR GAS #20,I-84 EXIT 165,Jerome,ID,3.40733333,42.717800,-114.501200
70218,LOVES TRAVEL STOP #725,I-69 & SR-260,Hanson,KY,3.599,37.438200,-87.475100
70219,LOVES TRAVEL STOP #709,US-59 & SR-116,Lufkin,TX,3.649,31.319200,-94.707480
70220,LOVES TRAVEL STOP #497,"I-40, EXIT 154 & US-64",Statesville,NC,3.689,35.815567,-80.889033
70221,PILOT #1092,CR-70 E,Cedar Rapids,IA,3.779,42.037379,-91.635886
70221,PILOT TRAVEL CENTER #1092,CR-70 E,Cedar Rapids,IA,3.779,42.037379,-91.635886
70222,GOOD TO GO #45,"US-52 & SR-55, SR-18",Fowler,IN,3.699,40.625500,-87.309000
70223,SPEEDWAY #8749,"I-75, EXIT 116",Flint,MI,3.089,43.013953,-83.720471
70223,SPEEDWAY #8749,"I-75, EXIT 116",Flint,MI,3.289,43.013953,-83.720471
70223,SPEEDWAY #8749,"I-75, EXIT 116",Flint,MI,3.259,43.013953,-83.720471
70224,GOLDEN GATE PETROLEUM,I-70 EXIT 42,Palisade,CO,3.549,39.103200,-108.368000
70225,Union 76 Pilot,US-130,Riverton,NJ,3.999,40.006750,-75.005050
70227,LOVES TRAVEL STOP #724,"I-75, EXIT 414 & US-41",Lake City,FL,3.339,30.181375,-82.648025
70229,TA EXPRESS HENDERSON #969,I-11 EXIT 15A,Henderson,NV,3.639,35.996950,-115.020883
70232,RUTTERS #73,"I-81, EXIT 8 & CR-32",Inwood,WV,3.659,39.370100,-78.024200
70233,RUDS,SR-31 & I-94 EXIT 127,New Salem,ND,3.499,46.806000,-101.429100
70236,LOVES TRAVEL STOP #733,"I-25, EXIT 347",Las Vegas,NM,3.489,35.594900,-105.227200
70238,ROAD RANGER #275,"I-10, EXIT 400 & US-277",Sonora,TX,3.549,30.555800,-100.630700
70239,GOOD 2 GO #717,"I-25, EXIT 145",Colorado Springs,CO,3.479,38.844228,-104.767930
70240,MAVERIK COUNTRY STORE #370,"I-15, EXIT 10",Saint George,UT,3.5415,37.098850,-113.577600
70241,MAVERIK COUNTRY STORE #460,SR-88,Minden,NV,3.52566666,39.021800,-119.731400
70242,ROAD RANGER #276,"I-35, EXIT 342A",Waco,TX,3.049,31.554531,-97.162744
70243,CASEYS #4415,US-68 & US-31W /SR-526,Bowling Green,KY,2.999,36.960875,-86.420050
70245,YESWAY #1168,US-287 & CR-368,Iowa Park,TX,2.889,33.942300,-98.674500
70246,7-Eleven #37565,SR-944 & SR-9,Miami,FL,3.249,25.768995,-80.258580
70247,EXXON DBA ONE9 #1416,I-20 EXIT 458,Dallas,TX,2.99233333,32.788556,-96.787156
70249,Caseys #4466,US-231 & SR-100,Scottsville,KY,3.31233333,36.761400,-86.192900
70251,Marathon,SR-42 & US-49,Hattiesburg,MS,3.03233333,31.249550,-89.325133
70254,LOVES TRAVEL STOP #732,I-70 & CR-829,Abilene,KS,3.76233333,38.937100,-97.206300
70255,J&H  FAMILY STORE #152,SR-55,Cadillac,MI,3.259,44.250400,-85.430000
70255,J&H  FAMILY STORE #152,SR-55,Cadillac,MI,3.559,44.250400,-85.430000
70256,PILOT TRAVEL CENTER #1128,SR-60,Bartow,FL,3.599,27.896050,-81.827900
70256,PILOT #1128,SR-60,Bartow,FL,3.599,27.896050,-81.827900
70257,LOVES TRAVEL STOP #739,I-2,Donna,TX,3.649,26.167100,-98.052900
70258,CASEYS #3677,US-59 & SR-30,Slayton,MN,3.299,43.985600,-95.755400
70262,ASAP GENERAL STORE #332,US-70 & US-377,Madill,OK,3.01566666,34.078400,-96.759700
70263,ENMARKET #769,US-301,Statesboro,GA,3.699,32.438925,-81.762450
70265,Speedee Mart # 2875,I-80 & CR-238,Milford,NE,3.43233333,40.763200,-97.057600
70266,PILOT #1161,I-20,Odessa,TX,3.56566666,31.848278,-102.376622
70267,LOVES TRAVEL STOP #728,"I-5, EXIT 238 & SR-164",Albany,OR,3.84733333,44.639000,-123.095150
70268,CASEYS #3396,SR-92 & SR-149,Sigourney,IA,3.36233333,41.330100,-92.201900
70269,CASEYS #3589,"I-29, EXIT 2",North Sioux City,SD,3.059,42.524900,-96.507400
70270,CASEYS #3685,US-50/US400  & SR-25,Lakin,KS,3.19233333,37.938200,-101.271300
70271,CASEYS #1160,US-20,Plainview,NE,3.229,42.346700,-97.778600
70273,SPEEDWAY #5457,"I-264 E, EXIT 14 & SR-864 N",Louisville,KY,3.029,38.208448,-85.696306
70274,Kwik Star #920,US-18 & US-69,Garner,IA,3.399,43.114400,-93.594400
70276,STAR EXPRESS #5,US-301 & SR-648,Petersburg,VA,3.049,37.199667,-77.419867
70277,KWIK TRIP #595,SR-46,Amery,WI,3.56066666,45.348600,-92.401400
70278,KWIK TRIP #923,"I-41, EXIT 146 & CR-N",Little Chute,WI,3.269,44.284200,-88.312000
70279,KWIK TRIP #926,SR-19 & SR-21,New Prague,MN,3.29066666,44.540200,-93.580500
70280,LOVES TRAVEL STOP #668,"I-25, EXIT 250 & SR-56",Berthoud,CO,3.39066666,40.299300,-105.105500
70281,LOVES TRAVEL STOP #645,"I-75, EXIT 18",Monroe,MI,3.339,41.918650,-83.458350
70281,LOVES TRAVEL STOP #645,"I-75, EXIT 18",Monroe,MI,3.239,41.918650,-83.458350
70281,LOVES TRAVEL STOP #645,"I-75, EXIT 18",Monroe,MI,3.429,41.918650,-83.458350
70281,LOVES TRAVEL STOP #645,"I-75, EXIT 18",Monroe,MI,3.489,41.918650,-83.458350
70281,LOVES TRAVEL STOP #645,"I-75, EXIT 18",Monroe,MI,3.549,41.918650,-83.458350
70281,LOVES TRAVEL STOP #645,"I-75, EXIT 18",Monroe,MI,3.389,41.918650,-83.458350
70282,PLEASANT SPRINGS TRAVEL,"I-39, EXIT 147 & CR-N",Cottage Grove,WI,3.39066666,43.078400,-89.201700
70283,SPEEDWAY #3996,US-12 & SR-120,Round Lake,IL,3.399,42.366800,-88.088800
70283,SPEEDWAY #3996,US-12 & SR-120,Round Lake,IL,3.479,42.366800,-88.088800
70283,SPEEDWAY #3996,US-12 & SR-120,Round Lake,IL,3.449,42.366800,-88.088800
70284,ROBINSON CORINTH IRVING,"I-395 N, EXIT 3",Corinth,ME,3.93233333,44.980500,-69.010900
70285,IRVING MAINWAY,SR-16 E,Dover Foxcroft,ME,3.86566666,45.187700,-69.204500
70286,ROBINSONS IRVING,SR-7,Corinna,ME,3.93233333,44.926000,-69.232300
70287,LOVES TRAVEL STOP #710,US-31 & SR 28,Tipton,IN,3.84733333,40.281700,-86.043300
70291,LOVES TRAVEL STOP #723,"I-80, EXIT 310 & CR-322",Laramie,WY,3.61566666,41.370550,-105.623725
70292,FLYING J #1171,I-15,Mesquite,NV,3.70566666,36.810133,-114.084933
70293,KWIK TRIP #922,US-8,Cameron,WI,3.664,45.403800,-91.731000
70295,SPEEDWAY #8080,I-69 & US-20,Angola,IN,3.599,41.656300,-85.019800
70296,MAVERIK COUNTRY STORE #573,SR-68 & SR-154,Riverton,UT,3.13566666,40.495400,-111.944400
70297,KWIK STAR #509,SR-169 & BUS-20,Fort Dodge,IA,3.20233333,42.508800,-94.180700
70298,LOVES TRAVEL STOP #740,"I-95, EXIT 38 & SR-68",Yemassee,SC,3.419,32.643000,-80.812900
70299,Mr Fuel dba Pilot Express #1149,"I-295, EXIT 41 & SR-105",Jacksonville,FL,3.239,30.311931,-81.653317
70299,PILOT EXPRESS #1149,"I-295, EXIT 41 & SR-105",Jacksonville,FL,3.239,30.311931,-81.653317
70299,Mr Fuel Travel Center dba Pilot Express #1149,"I-295, EXIT 41 & SR-105",Jacksonville,FL,3.239,30.311931,-81.653317
70300,PILOT #1194,I-10 & US-60,Phoenix,AZ,6.039,33.491612,-112.079255
70300,PILOT DEALER #1194,I-10 & US-60,Phoenix,AZ,6.039,33.491612,-112.079255
70301,GOLDEN GATE TRUCKSTOP,I-80 & SR-535,Elko,NV,3.599,40.856800,-115.686867
70302,KWIK TRIP #117,CR-9 & CR-4,Duluth,MN,3.499,46.786400,-92.126557
70303,Kwik Star #1004,US-63,Waterloo,IA,3.574,42.483900,-92.334750
70304,Rusty Lantern,"I-95, EXIT 109A & SR-202",Augusta,ME,3.88733333,44.334840,-69.779080
70305,LOVES TRAVEL STOP #737,I-40/US-270,El Reno,OK,3.344,35.533500,-97.959100
70306,KWIK STAR #1001,US-6,Newton,IA,3.249,41.699200,-93.045500
70307,KWIK TRIP #592,"I-35, EXIT 159 & CR-1",Rush City,MN,3.37733333,45.685500,-92.965500
70308,KWIK TRIP #946,SR-32,Pulaski,WI,3.45733333,44.661100,-88.263400
70309,PILOT #1165,SR-18 & SR-128,Jal,NM,3.36566666,32.112800,-103.199700
70310,LANCASTER CONVENIENCE,US-2 & US-70,Lancaster,MA,3.70566666,42.451000,-71.686800
70311,RACING MART,SR-8,Adams,MA,3.699,42.622300,-73.117200
70313,Flyer's #3207,"SR-143, EXIT 2",Phoenix,AZ,3.389,33.491612,-112.079255
70314,CASEYS #2721,US-34,Lincoln,NE,3.3365,40.817555,-96.688931
70318,LOVES TRAVEL STOP #738,"I-30/US-67, EXIT 122 & SR-19/SR-11",Sulphur Springs,TX,3.309,33.136450,-95.596650
70319,SPEEDWAY #3650,"I-76, EXIT 11 & SR-261",Wadsworth,OH,3.699,41.032000,-81.733650
70320,SPEEDWAY #7177,"I-24, EXIT 158 & SR-27",Jasper,TN,3.014,35.097000,-85.589700
70321,PILOT TRAVEL CENTER #1132,SR-171 & SR-78,Brawley,CA,4.759,32.979200,-115.529600
70321,PILOT TRAVEL CENTER #1132,SR-171 & SR-78,Brawley,CA,4.799,32.979200,-115.529600
70321,PILOT #1132,SR-171 & SR-78,Brawley,CA,4.859,32.979200,-115.529600
70321,PILOT #1132,SR-171 & SR-78,Brawley,CA,4.899,32.979200,-115.529600
70322,INDIAN HILL IRVING,SR 6,Greenville,ME,3.86566666,45.471600,-69.584400
70323,LOVES TRAVEL STOP #750,I-74 EXIT 206,Oakwood,IL,3.589,40.116700,-87.782500
70323,LOVES TRAVEL STOP #750,I-74 EXIT 206,Oakwood,IL,3.389,40.116700,-87.782500
70323,LOVES TRAVEL STOP #750,I-74 EXIT 206,Oakwood,IL,3.489,40.116700,-87.782500
70324,LOVES TRAVEL STOP #729,CR-17 & US-20,Goshen,IN,3.72233333,41.602433,-85.851767
70325,KWIK STAR #927,US-169 & US-169 BUS/US-20 BUS,Fort Dodge,IA,3.20233333,42.508800,-94.180700
70326,PILOT #1207,"I-20, EXIT 79 & SR-464",Monahans,TX,3.46566666,31.581300,-102.900300
70328,Thorntons #7,US-12 & US-45,Franklin Park,IL,3.329,41.933900,-87.873400
70328,Thorntons #7,US-12 & US-45,Franklin Park,IL,3.379,41.933900,-87.873400
70328,Thorntons #7,US-12 & US-45,Franklin Park,IL,3.679,41.933900,-87.873400
70329,1 STOP TRAVEL PLAZA,US-14 & US-83,Pierre,SD,3.38233333,44.369500,-100.321100
70331,LOVES TRAVEL STOP #707,"I-64, EXIT 21",Covington,VA,3.649,37.780200,-79.987000
70333,KWIK STAR #932,"I-80, EXIT 143 & CR-S14",Altoona,IA,2.959,41.647500,-93.472400
70334,KWIK TRIP #1021,SR-11 & CR-E,Brodhead,WI,3.41566666,42.611100,-89.371400
70336,SPEEDWAY #3962,"I-39,  EXIT 3 & SR-9",Roscoe,IL,3.469,42.421700,-88.994300
70337,LOVES TRAVEL STOP #700,I-10 EXIT 404 & SR-467,Sonora,TX,3.64733333,30.555800,-100.630700
70338,LOVES TRAVEL STOP #747,"I-75, EXIT 90",Sidney,OH,3.34566666,40.285800,-84.158850
70340,PIT STOP,SR-53 & SR-74,Joliet,IL,3.499,41.513350,-88.070750
70341,LOVES TRAVEL STOP #741,US-29,Reidsville,NC,3.999,36.367650,-79.718650
70342,AF TRUCK CENTER,"I-294, EXIT 33 & SR-64",Melrose Park,IL,3.459,41.907433,-87.869067
70343,PILOT TRAVEL CENTER #1103,"I-5, EXIT 208 & SR-530",Arlington,WA,4.559,48.182900,-122.112100
70344,KWIK TRIP #928,US-169,Princeton,MN,3.399,45.585100,-93.596100
70345,LOVES TRAVEL STOP #742,"I-196, EXIT 52",Holland,MI,4.089,42.790067,-86.122633
70346,Kwik Star #924,SR-17 & US-20 EXIT 140,Webster City,IA,3.20233333,42.465700,-93.826200
70349,WEIGELS #90,SR-139 & SR-66,Kodak,TN,3.199,35.972200,-83.617100
70350,CIRCLE K #2741859,CR-802,Brownsville,TX,3.029,25.942040,-97.493380
70351,MAVERIK COUNTRY STORE #606,US-91,Franklin,ID,3.579,42.028800,-111.787100
70352,KWIK TRIP #1019,CR-5 & SR-65,Isanti,MN,3.474,45.468200,-93.226600
70353,ASAP General Store #314,"US-62, US-81, SR-9",Chickasha,OK,3.13233333,35.039700,-97.944100
70357,Certified Oil #400489,"I-71, EXIT 104",Columbus,OH,3.409,39.992260,-82.991882
70358,FOOD N FUEL #25,SR-15 & US-12,Milbank,SD,3.369,45.206100,-96.625500
70359,PILOT # 1185,"I-15, EXIT 9   3",Littlefield,AZ,3.689,36.887200,-113.929700
70359,PILOT DEALER #1185,"I-15, EXIT 9   3",Littlefield,AZ,3.709,36.887200,-113.929700
70360,MAVERIK COUNTRY STORE #595,"I-84, EXIT 28",Caldwell,ID,3.369,43.668733,-116.749667
70361,MAVERIK COUNTRY STORE #599,US-89 & CR-122,Thayne,WY,3.669,42.933000,-111.011400
70366,FAST STOP,US-41,Escanaba,MI,3.399,45.765900,-87.089000
70371,KENT KWIK #440,US-277,Haskell,TX,3.539,33.158000,-99.730900
70373,KWIK TRIP #791,US-45 & SR-54,New London,WI,3.484,44.392800,-88.755400
70374,LOVES TRAVEL STOP #746,I-72 & SR-121,Decatur,IL,3.449,39.848450,-88.964533
70374,LOVES TRAVEL STOP #746,I-72 & SR-121,Decatur,IL,3.489,39.848450,-88.964533
70375,QUIKTRIP #1853,US-81,Decatur,TX,2.899,33.235100,-97.574000
70376,QUIKTRIP #1935,SR-183,Dallas,TX,2.97566666,32.788556,-96.787156
70377,WEIGELS #81,I-81 & SR-32,Morristown,TN,3.259,36.211775,-83.284450
70379,SPEEDWAY #7209,US-411 & SR-20,Cartersville,GA,3.11566666,34.197450,-84.793850
70380,LOVES TRAVEL STOP #714,"I-85, EXIT 29",Charlotte,NC,3.52233333,35.228770,-80.823747
70383,SPEEDWAY #4400,I-10 & SR-59,Loxley,AL,3.28233333,30.618000,-87.756200
70385,LONGHORN EXPRESS,US-70,Ardmore,OK,3.009,34.206600,-97.190300
70388,PILOT #1205,"I-20, EXIT 80",Monahans,TX,3.46566666,31.581300,-102.900300
70389,PILOT #1145,SR-191,Midland,TX,3.56566666,31.939173,-102.066982
70390,FLYING J #1206,SR-302 & CR-313,Kermit,TX,3.25566666,31.855000,-103.091300
70391,MACH 1 #12,I-57 EXIT 65,West Frankfort,IL,3.299,37.897900,-88.930700
70391,MACH 1 #12,I-57 EXIT 65,West Frankfort,IL,3.199,37.897900,-88.930700
70403,MAVERIK COUNTRY STORE #607,"I-90, EXIT 1",Post Falls,ID,3.37566666,47.719250,-116.943450
70404,MAVERIK COUNTRY STORE #602,"I-25 EXIT, 138",Colorado Springs,CO,3.289,38.844228,-104.767930
70405,LOVES TRAVEL STOP #760,SR-18 & SR-234,Eunice,NM,3.329,32.439200,-103.159400
70406,LOVES TRAVEL STOP #754,SR-251,Rochelle,IL,3.749,41.928200,-89.071000
70406,LOVES TRAVEL STOP #754,SR-251,Rochelle,IL,3.849,41.928200,-89.071000
70407,BOLLA MARKET,"I-495, EXIT 57",Islandia,NY,3.639,40.806700,-73.170900
70407,BOLLA MARKET,"I-495, EXIT 57",Islandia,NY,3.539,40.806700,-73.170900
70407,BOLLA MARKET,"I-495, EXIT 57",Islandia,NY,3.599,40.806700,-73.170900
70408,BOLLA MARKET,"I-495, EXIT 64",Medford,NY,4.039,40.817400,-72.985200
70408,BOLLA MARKET,"I-495, EXIT 64",Medford,NY,3.639,40.817400,-72.985200
70408,BOLLA MARKET,"I-495, EXIT 64",Medford,NY,3.539,40.817400,-72.985200
70409,SPEEDWAY #6512,"I-196, EXIT 49 & SR-40",Holland,MI,3.899,42.790067,-86.122633
70410,SPEEDWAY #4107,I-285 & US-78,Stone Mountain,GA,3.529,33.812925,-84.156700
70411,MARATHON,SR-72,Elberton,GA,3.899,34.108200,-82.844800
70413,CASEYS #3782,US-169 & SR-2,Mount Ayr,IA,3.164,40.714200,-94.232100
70415,GARDEN TRUCK STOP,SR-55 /EXIT 35,Vineland,NJ,3.999,39.477833,-75.000033
70416,ALLSUPS CONVENIENCE STORE #2361,US-54 & US-287,Stratford,TX,2.95733333,36.333500,-101.988600
70417,CASEYS #3434,US-63,Denver,IA,3.499,42.673100,-92.341700
70419,FUEL AMERICA TRAVEL CENTER,I-35 EXIT 24,Laredo,TX,3.099,27.518557,-99.461743
70420,Circle K #2709302,SR-67,Decatur,AL,3.50733333,34.591140,-86.987800
70421,CASEYS #3581,US-62/US-67,Corning,AR,3.28233333,36.415500,-90.587000
70422,CIRCLE K #2741675,"I-10, EXIT 134",Tolleson,AZ,3.519,33.434700,-112.277400
70423,LOVES TRAVEL STOP #763,I-90 & US-20,Hampshire,IL,3.649,42.080700,-88.517000
70423,LOVES TRAVEL STOP #763,I-90 & US-20,Hampshire,IL,3.449,42.080700,-88.517000
70423,LOVES TRAVEL STOP #763,I-90 & US-20,Hampshire,IL,3.459,42.080700,-88.517000
70423,LOVES TRAVEL STOP #763,I-90 & US-20,Hampshire,IL,3.549,42.080700,-88.517000
70423,LOVES TRAVEL STOP #763,I-90 & US-20,Hampshire,IL,3.489,42.080700,-88.517000
70424,LOVES TRAVEL STOP #743,"I-75, EXIT 144A",Bridgeport,MI,3.589,43.355300,-83.854900
70424,LOVES TRAVEL STOP #743,"I-75, EXIT 144A",Bridgeport,MI,3.289,43.355300,-83.854900
70424,LOVES TRAVEL STOP #743,"I-75, EXIT 144A",Bridgeport,MI,3.479,43.355300,-83.854900
70424,LOVES TRAVEL STOP #743,"I-75, EXIT 144A",Bridgeport,MI,3.279,43.355300,-83.854900
70424,LOVES TRAVEL STOP #743,"I-75, EXIT 144A",Bridgeport,MI,3.389,43.355300,-83.854900
70425,LOVES TRAVEL STOP #731,"I-79, EXIT 105 & SR-108",Slippery Rock,PA,4.249,41.045400,-80.046800
70426,BISHOPS TRAVEL CENTER,US-27,Attapulgus,GA,3.699,30.749300,-84.484600
70427,PARKERS #64 (DISCOUNT AVAILABLE),SR-307,Savannah,GA,3.03233333,32.017756,-81.094239
70428,PARKERS #63 (DISCOUNT AVAILABLE),US-301,Jesup,GA,3.11566666,31.573150,-81.863100
70429,BP,SR-76,Adel,GA,2.969,31.125100,-83.421300
70430,SPRINT FOODS #715,I-520 & SR-56,Augusta,GA,3.19233333,33.432962,-82.075146
70431,TA EXPRESS HOLSTEIN #941,I-20 E,Holstein,IA,3.559,42.494800,-95.565000
70432,GAS N WASH,SR-43,Frankfort,IL,3.499,41.509400,-87.824800
70432,GAS N WASH,SR-43,Frankfort,IL,3.599,41.509400,-87.824800
70433,GAS N WASH,SR-126,Plainfield,IL,3.599,41.606967,-88.212500
70434,HUCKS FOOD & FUEL #371,SR-148 & SR-142,Mount Vernon,IL,3.099,38.317000,-88.910500
70436,CASEYS #3492,US-36,Marysville,KS,3.299,39.842800,-96.642200
70437,Thorntons #155,"SR-1020 N, & SR1065 E",Louisville,KY,2.90566666,38.208448,-85.696306
70438,BREAU BRIDGE TRUCKSTOP AND CASINO,SR-94,Breaux Bridge,LA,3.229,30.294800,-91.829600
70439,CHEVRON,I-20 & SR-151,Arcadia,LA,3.189,32.555600,-92.924500
70440,MOUND MINI MART,I-696,Warren,MI,3.699,42.492571,-83.024129
70441,BREAK TIME #3165,US-50 & SR-13,Warrensburg,MO,3.29233333,38.766700,-93.727300
70442,GOLDEN GATE PETRO,I-580 & US-50,Carson City,NV,3.599,39.155350,-119.772340
70443,GLUCKSTADT FLEETWAY,"I-55, EXIT 112",Madison,MS,3.199,32.464450,-90.112050
70445,CASEYS #3514,SR-1,Oakes,ND,3.38233333,46.109500,-98.225700
70446,ALLSUPS CONVENIENCE STORE #2220,US-285,Loving,NM,3.599,32.274000,-104.091400
70447,84 QUIK STOP,"I-84, EXIT 3 & US-6",New Hampton,NY,3.699,41.362700,-74.443500
70447,84 QUIK STOP,"I-84, EXIT 3 & US-6",New Hampton,NY,3.459,41.362700,-74.443500
70448,CIRCLE K #4707623,"I-81, EXIT 31",Brewerton,NY,4.089,43.225200,-76.135100
70450,QUEENSBURY,SR-149,Queensbury,NY,3.789,43.329000,-73.681800
70452,LOVES TRAVEL STOP #749,SR-78,Westmorland,CA,4.849,33.038000,-115.591400
70452,LOVES TRAVEL STOP #749,SR-78,Westmorland,CA,4.789,33.038000,-115.591400
70452,LOVES TRAVEL STOP #749,SR-78,Westmorland,CA,4.779,33.038000,-115.591400
70452,LOVES TRAVEL STOP #749,SR-78,Westmorland,CA,4.889,33.038000,-115.591400
70453,MARIETTA PETROLEUM,"I-35, EXIT 15 & SR-32",Marietta,OK,2.92233333,33.943100,-97.114800
70454,DANDY MINI MART #36,US-220,Monroeton,PA,4.03233333,41.713500,-76.487200
70455,RUTTERS #37,US-332/US-22 & SR-75,Mifflintown,PA,4.099,40.572700,-77.376100
70456,RUTTERS #67,SR-16 & SR-75,Mercersburg,PA,4.399,39.819500,-77.907300
70457,RUTTERS #15,"I-83, EXIT 22 & SR-4009",York,PA,4.199,39.964987,-76.697000
70458,STOP-A MINIT,US-25 & SR-418,Pelzer,SC,2.899,34.646100,-82.467300
70459,GET N GO #22,I-90 & SR-115,Sioux Falls,SD,2.939,43.589987,-96.750673
70460,ALLSUPS CONVENIENCE STORE #2371,US-87,San Angelo,TX,3.20566666,31.460629,-100.443057
70461,CIRCLE K #2741074,I-35 & FM-1103,New Braunfels,TX,2.844,29.721350,-98.130375
70463,CIRCLE K #2741496,US-290,Chappell Hill,TX,2.999,30.183300,-96.234700
70464,GOLDEN GATE PETEROLEUM 24 RD,US-6,Grand Junction,CO,3.539,39.061714,-108.530514
70466,Circle K #2741925,SR-19,Trinity,TX,2.899,30.942000,-95.340300
70467,QUIKTRIP #598,"I-80, EXIT 439, SR-370",Omaha,NE,2.92733333,41.256250,-96.006210
70468,CIRCLE K #2741325,I-14 & SR-121,Belton,TX,2.88566666,31.072300,-97.472000
70469,TA EXPRESS #286,I-30 & SR-423,Mount Vernon,TX,3.299,33.170200,-95.218100
70472,SHELL/ONE9 #1304,I-820 & CR-156,Fort Worth,TX,2.89233333,32.760220,-97.314932
70474,EXXON,"I-30, EXIT 42A",Dallas,TX,3.499,32.788556,-96.787156
70476,KWIK TRIP #1037,SR-65/23,Mora,MN,3.394,45.895800,-93.294200
70478,TA Express Salina,"I-70, EXIT 56",Salina,UT,3.649,38.956000,-111.881100
70479,CROSSROADS MARKET,US-60 & SR-657,Gladstone,VA,3.439,37.547300,-78.850800
70480,BIG B TRUCK STOP,"I-90, EXIT 321",Sprague,WA,3.899,47.324700,-117.989700
70481,GOHL POST BP,"I-39, EXIT 100",Endeavor,WI,3.17566666,43.696300,-89.461700
70482,BIG D OIL #19,SR-259 & SR-387,Midwest,WY,3.459,43.411400,-106.280000
70483,BOLLA MARKET,SR-27 & CR-47,Copiague,NY,3.439,40.677800,-73.396300
70483,BOLLA MARKET,SR-27 & CR-47,Copiague,NY,3.399,40.677800,-73.396300
70484,ALLSUPS CONVENIENCE STORE #2117,SR-18 & CR-97,Lovington,NM,3.104,32.951200,-103.348800
70485,ALLSUPS CONVENIENCE STORE #2145,SR-132,Hobbs,NM,3.38233333,32.745700,-103.162100
70488,ALLSUPS CONVENIENCE STORE #2365,US-380 & SR-214,Plains,TX,3.369,33.189400,-102.829400
70491,MFA OIL PETRO CARD 24,US-36,Hamilton,MO,3.24066666,39.736400,-93.990900
70492,KWIK TRIP #1033,US-51 EXIT 191B,Wausau,WI,3.454,44.939733,-89.669500
70493,LOVES TRAVEL STOP #759,US-63/SR-11,Hazen,AR,3.22566666,34.783800,-91.576700
70494,7-ELEVEN #37570,I-76/US-6,Commerce City,CO,3.639,39.817100,-104.922600
70495,LOVES TRAVEL STOP #689,US-65 & US-82,Lake Village,AR,3.269,33.327400,-91.282500
70496,KWIK TRIP #1015,"I-43, EXIT 171",Denmark,WI,3.36233333,44.359400,-87.827000
70498,KWIK TRIP #939,"SR-29, EXIT 101",Stanley,WI,3.469,44.968900,-90.938900
70500,STRIPES 7FLEET #42526,SR-289,Lubbock,TX,3.05566666,33.574273,-101.871115
70501,STRIPES 7FLEET #42527,SR-191 & US-349,Midland,TX,3.47233333,31.939173,-102.066982
70502,STRIPES 7FLEET #42532,SR-302 & FM-1936,Odessa,TX,3.099,31.848278,-102.376622
70503,STRIPES 7FLEET #42491,US-67 & SR-137,Big Lake,TX,3.549,31.417000,-101.542300
70505,STRIPES #42593,LOOP 289 & MLK BLVD,Lubbock,TX,2.96566666,33.574273,-101.871115
70507,ALLSUPS CONVENIENCE STORE #2154,SR-206 / US-283,Coleman,TX,3.159,31.828700,-99.427000
70508,7-ELEVEN #34715,I-294 EXIT 20,Schiller Park,IL,4.579,41.956300,-87.869200
70509,ALLSUPS CONVENIENCE STORE #2108,US-377 & US-183,Early,TX,2.93233333,31.764750,-98.934250
70510,ALLSUPS CONVENIENCE STORE #2147,SR-6 & CR-454,De Leon,TX,3.159,32.108700,-98.548900
70516,STRIPES 7FLEET #42528,"I-20, EXIT 217 & SR-139",Colorado City,TX,2.899,32.398700,-100.860900
70527,THORNTONS #164,I-65 EXIT 16 & US-31,Memphis,IN,3.62566666,38.464200,-85.777500
70530,LOVES TRAVEL STOP #767,FM-511 & SR-48,Brownsville,TX,3.15566666,25.942040,-97.493380
70538,SPEEDWAY #9329,"I-64 EXIT 43, SR 395 & 2823",Waddy,KY,3.149,38.105400,-85.128800
70539,PILOT #1174,"I-70/SR-1, EXIT 147",Marshall,IL,3.299,39.422000,-87.692300
70539,PILOT TRAVEL CENTER #1174,"I-70/SR-1, EXIT 147",Marshall,IL,3.499,39.422000,-87.692300
70539,PILOT TRAVEL CENTER #1174,"I-70/SR-1, EXIT 147",Marshall,IL,3.359,39.422000,-87.692300
70539,PILOT #1174,"I-70/SR-1, EXIT 147",Marshall,IL,3.499,39.422000,-87.692300
70539,PILOT TRAVEL CENTER #1174,"I-70/SR-1, EXIT 147",Marshall,IL,3.299,39.422000,-87.692300
70540,LOVES TRAVEL STOP #674,US-27 & SR-60,Lake Wales,FL,3.55233333,27.880633,-81.592900
70541,Kwik Star#1012,US-71 & SR-9,Spirit Lake,IA,3.299,43.426200,-95.112300
70543,ALLSUPS CONVENIENCE STORE #2078,US-60,White Deer,TX,2.969,35.427800,-101.174000
70544,ALLSUPS CONVENIENCE STORE #2100,US-87,Odonnell,TX,3.099,32.977300,-101.827100
70545,ALLSUPS CONVENIENCE STORE #2205,SR-83,Denver City,TX,3.36566666,32.971100,-102.831300
70546,ALLSUPS CONVENIENCE STORE #2370,US-287 & SR-70,Clarendon,TX,2.929,34.952900,-100.895200
70547,ALLSUPS CONVENIENCE STORE #2140,SR-114,Bridgeport,TX,2.899,33.187000,-97.781000
70548,ALLSUPS CONVENIENCE STORE #2114,US-84,Muleshoe,TX,3.19066666,34.219300,-102.749600
70549,ALLSUPS CONVENIENCE STORE #2194,214 PLAINS HIGHWAY,Denver City,TX,3.38233333,32.971100,-102.831300
70550,TEXACO #379545,US-290,Giddings,TX,3.399,30.177700,-96.933200
70551,KWIK TRIP #1047,SR-100 & SR-59,Milwaukee,WI,3.54066666,43.049795,-87.952922
70552,KWIK TRIP #941,US-2,Duluth,MN,3.499,46.786400,-92.126557
70553,KWIK TRIP #1028,US-59,Worthington,MN,3.16566666,43.628600,-95.605900
70554,HORSESHOE CONVENIENCE,SR 302 & IC 200,Mentone,TX,3.10733333,31.706800,-103.598800
70555,THORNTONS #615,I-40 EXIT 188,Kingston Springs,TN,2.98233333,36.095300,-87.115600
70556,ZIP ZONE EXPRESS,US-23,Catlettsburg,KY,3.699,38.379900,-82.632100
70557,LOVES TRAVEL STOP #727,"I-44, EXIT 283 & US-69",Big Cabin,OK,3.41233333,36.534000,-95.224600
70558,LOVES TRAVEL STOP #752,"I-43, EXIT 25 & SR-67",Elkhorn,WI,3.24066666,42.700900,-88.546200
70559,KWIK TRIP #1026,"HWY-23/ HWY-169, EXIT 23",Milaca,MN,3.369,45.779500,-93.645300
70560,PILOT DEALER #1235,"I-8, EXIT 42",Tacna,AZ,3.599,32.693400,-113.976300
70560,PILOT #1235,"I-8, EXIT 42",Tacna,AZ,3.659,32.693400,-113.976300
70561,PILOT #1143,I-20 & SR-302,Odessa,TX,3.599,31.848278,-102.376622
70562,SPEEDWAY #7161,I-65 & US-31,Portland,TN,3.024,36.567300,-86.505900
70563,PILOT DEALER #1234,US-93 & CR-145,Willow Beach,AZ,3.839,35.775900,-114.500100
70563,PILOT #1234,US-93 & CR-145,Willow Beach,AZ,3.899,35.775900,-114.500100
70564,SPEEDWAY #7236,"I-90/SR-2, EXIT 151",Avon,OH,3.659,41.446700,-82.020400
70565,Kwik Star #1025,SR-9/SR-4,Estherville,IA,3.33233333,43.401700,-94.818000
70567,LEDGEWOOD BP,I-80/SR-46,Ledgewood,NJ,3.299,40.878000,-74.655400
70571,LOVES TRAVEL STOP #748,"I-90, I-80 & SR-49",Edon,OH,3.88733333,41.584200,-84.757000
70572,LOVES TRAVEL STOP #745,I-94,Saint Clair,MI,3.949,42.825500,-82.513300
70573,KWIK TRIP #1038,US-12,Prairie Du Sac,WI,3.484,43.295600,-89.745200
70574,SPEEDWAY #3961,"I-55, EXIT 109",Williamsville,IL,3.299,39.954200,-89.548700
70575,SPEEDWAY #6721,SR 51,Mc Kees Rocks,PA,3.899,40.471700,-80.087600
70576,KWIK TRIP #593,"I-94, EXIT 41 & SR-25",Menomonie,WI,3.574,44.871800,-91.926500
70577,SPEEDWAY #3715,US-30,Crest Hill,IL,3.299,41.554800,-88.098700
70577,SPEEDWAY #3715,US-30,Crest Hill,IL,3.359,41.554800,-88.098700
70578,COMMON CENTS #125,"I-90/US-14, EXIT 61",Rapid City,SD,3.20733333,44.067300,-103.264375
70579,Exxon/One9 #1338,I-35 & CR-372,Jarrell,TX,2.88566666,30.811900,-97.594200
70580,LOVES TRAVEL STOP #753,I-90 EXIT 96 & SR-474,Missoula,MT,3.674,46.882263,-114.029100
70581,LOVES TRAVEL STOP #773,"SR-14 & I-59/20, EXIT 40",Eutaw,AL,3.13733333,32.888900,-87.930300
70582,Kwik Star #1039,I-80 EXIT 301,Bettendorf,IA,3.649,41.550900,-90.494200
70583,LOVES TRAVEL STOP #783,US-60 & US-63,Willow Springs,MO,3.419,36.995800,-91.940500
70584,PILOT TRAVEL CENTER #1209,"I-20, EXIT 136 & SR-349",Midland,TX,3.56566666,31.939173,-102.066982
70585,PILOT TRAVEL CENTER #1211,US-385 & CR-1910,Andrews,TX,3.639,32.320100,-102.540900
70586,MAVERIK COUNTRY STORE #610,I-80,Winnemucca,NV,3.389,41.021400,-117.753450
70587,MAVERIK COUNTRY STORE #623,US-89,Gunnison,UT,3.419,39.154500,-111.816700
70588,SPEEDWAY #7217,I-70 EXIT 49,Smithton,PA,3.91566666,40.155300,-79.738100
70590,CIRCLE K #2722291,US-1 & SR-206,Saint Augustine,FL,3.379,29.906433,-81.385533
70591,SPEEDWAY #6465,"I-77, EXIT 101",Canton,OH,3.60733333,40.814772,-81.382900
70592,LOVES TRAVEL STOP #751,"I-20, EXIT 87",Elgin,SC,3.42566666,34.162000,-80.811300
70593,LOVES TRAVEL STOP #735,I-75/SR-401,Calhoun,GA,3.279,34.499550,-84.942800
70595,SPEEDWAY #6509,"I-74, EXIT 206",Oakwood,IL,3.199,40.116700,-87.782500
70595,SPEEDWAY #6509,"I-74, EXIT 206",Oakwood,IL,3.349,40.116700,-87.782500
70595,SPEEDWAY #6509,"I-74, EXIT 206",Oakwood,IL,3.299,40.116700,-87.782500
70596,SPEEDWAY #7208,I-85 EXIT 137,Jefferson,GA,3.119,34.106200,-83.570800
70597,SPEEDWAY #9394,SR-4 & US-25,Lexington,KY,3.129,38.029579,-84.484936
70598,SPEEDWAY #7175,US-78 & SR-175,Memphis,TN,3.199,35.159839,-89.969254
70599,Jet Food Store,US-278,Warrenton,GA,3.41566666,33.409100,-82.635700
70600,KWIK STAR #1027,US-65,Mason City,IA,3.264,43.151750,-93.198200
70601,24/7 TRAVEL STORE,I-70 EXIT 275,Abilene,KS,2.994,38.937100,-97.206300
70603,ROAD RANGER #277,"I-30, EXIT 201 & SR-8",New Boston,TX,3.08066666,33.461900,-94.437500
70604,KWIK STAR #940,US-69 & SR-9,Forest City,IA,3.449,43.269200,-93.635600
70605,SPEEDWAY #1042,"I-55 & SR-50, EXIT 286",Cicero,IL,3.599,41.837800,-87.760200
70605,SPEEDWAY #1042,"I-55 & SR-50, EXIT 286",Cicero,IL,3.569,41.837800,-87.760200
70606,SPEEDWAY #7179,"I-65 & SR-101, EXIT 38",Smiths Grove,KY,3.06566666,37.058100,-86.193800
70607,SPEEDWAY #8544,"I-55 & US-6, EXIT 24B",Channahon,IL,3.249,41.434700,-88.213800
70607,SPEEDWAY #8544,"I-55 & US-6, EXIT 24B",Channahon,IL,3.299,41.434700,-88.213800
70608,KWIK TRIP #1017,US-10/SR-47,Anoka,MN,3.624,45.282500,-93.418600
70609,JP TRAVEL PLAZA,"I-75, EXIT 205 & SR-16",Jackson,GA,3.159,33.282000,-83.978400
70611,Shell,US-6 & SR-3,Kendallville,IN,3.499,41.448200,-85.260900
70612,SHREES TRUCK STOP #2,I-90 EXIT 101,Thorp,WA,3.839,47.067900,-120.671200
70612,SHREES TRUCK STOP #2,I-90 EXIT 101,Thorp,WA,3.809,47.067900,-120.671200
70612,SHREES TRUCK STOP #2,I-90 EXIT 101,Thorp,WA,3.859,47.067900,-120.671200
70615,THORNTONS #0334,I-57 EXIT 350 & SR-83,Posen,IL,3.399,41.627700,-87.687200
70617,QUIKTRIP #224,"I-435, EXIT 57",Kansas City,MO,3.099,39.117442,-94.567246
70618,LOVES TRAVEL STOP #744,"I-270 N, EXIT 49",Lockbourne,OH,3.45566666,39.811700,-82.974450
70619,KWIK TRIP #1049,US-212 & CR-68,Glencoe,MN,3.524,44.778000,-94.161600
70620,LOVES TRAVEL STOP #779,I-30 EXIT 97,Malvern,AR,3.499,34.355700,-92.829200
70621,FRIENDLY GUS STORE #24,I-16 EXIT 53 & SR-19,Dublin,GA,3.399,32.499700,-82.926550
70622,SPEEDWAY #6781,US-422,Douglassville,PA,3.799,40.270900,-75.739700
70623,SPEEDWAY #1127,"I-55, EXIT 267 & SR-53",Bolingbrook,IL,3.589,41.688300,-88.113800
70623,SPEEDWAY #1127,"I-55, EXIT 267 & SR-53",Bolingbrook,IL,3.299,41.688300,-88.113800
70624,KWIK STAR #929,I-74 EXIT 2,Bettendorf,IA,3.599,41.550900,-90.494200
70625,BROWNVILLE IRVING,SR-11,Brownville,ME,3.93233333,45.341200,-69.042300
70626,GOLDEN GATE PETROLEUM,"I-70, EXIT 97",Silt,CO,3.459,39.502800,-107.665700
70628,PILOT #1195,"I-90, EXIT 106",Ellensburg,WA,3.959,46.999600,-120.516300
70628,PILOT #1195,"I-90, EXIT 106",Ellensburg,WA,3.859,46.999600,-120.516300
70628,PILOT #1195,"I-90, EXIT 106",Ellensburg,WA,3.839,46.999600,-120.516300
70628,PILOT #1195,"I-90, EXIT 106",Ellensburg,WA,3.899,46.999600,-120.516300
70629,KWIK TRIP #930,"I-35, EXIT 147 & SR-95",North Branch,MN,3.40233333,45.511400,-92.980200
70630,SPEEDWAY #3632,"I-76, EXIT 33 & SR-43",Kent,OH,3.53233333,41.148700,-81.349733
70632,CIRCLE K #4706705,SR-394,Crete,IL,3.499,41.439000,-87.602700
70634,CORNER MARKET #101,US-83 & SR-96,Scott City,KS,3.359,38.482300,-100.906400
70635,CIRCLE K #4705706,US-224 & SR-99,Willard,OH,3.599,41.057950,-82.727550
70637,CIRCLE K #2704111,I-2/US-83 & CR-493,Donna,TX,3.009,26.167100,-98.052900
70638,LOVES TRAVEL STOP #769,"I-70, EXIT 358A & US-75",Topeka,KS,3.284,39.043332,-95.705287
70640,LOVES TRAVEL STOP #794,SR-3/SR-33,Watonga,OK,3.37566666,35.853800,-98.417500
70641,LOVES TRAVEL STOP #706,"I-81/I-64, EXIT 213",Staunton,VA,3.649,38.158350,-79.064000
70642,LOVES TRAVEL STOP #776,"I-20, EXIT 15",Vicksburg,MS,3.549,32.352250,-90.854775
70643,LOVES TRAVEL STOP #774,US-431/CR-248,Smiths Station,AL,3.194,32.540100,-85.098500
70644,KWIK TRIP #1031,I-494 EXIT 20,Delano,MN,3.524,45.034200,-93.801600
70645,QUIKTRIP #4048,"I-410, EXIT164B",San Antonio,TX,2.96566666,29.464699,-98.498407
70646,KWIK TRIP #1051,I-43 & CR-N,Green Bay,WI,3.44066666,44.492967,-88.025892
70647,PILOT #1227,I-20 EXIT 66,Pyote,TX,3.46566666,31.538700,-103.126700
70648,BARRINGTON APPLEGREEN,SR-125 & SR-9,Barrington,NH,3.899,43.202700,-71.037700
70649,KWIK TRIP #931,SR-95,North Branch,MN,3.42733333,45.511400,-92.980200
70650,MAVERIK COUNTRY STORE #581,"I-15 N, EXIT 334 & SR-193",Clearfield,UT,3.33566666,41.067900,-112.063433
70651,WALBURG TRAVEL CENTER,"I-35, EXIT 266",Georgetown,TX,2.83233333,30.656125,-97.713325
70652,ROADYS MACH 1 #14,I-57 EXIT 94,Mount Vernon,IL,3.099,38.317000,-88.910500
70652,ROADYS MACH 1 #14,I-57 EXIT 94,Mount Vernon,IL,3.199,38.317000,-88.910500
70652,ROADYS MACH 1 #14,I-57 EXIT 94,Mount Vernon,IL,3.299,38.317000,-88.910500
70653,MACH 1 #24,I-74 EXIT 215A & SR-1,Tilton,IL,3.199,40.096400,-87.644000
70653,MACH 1 #24,I-74 EXIT 215A & SR-1,Tilton,IL,3.299,40.096400,-87.644000
70654,PILOT #1269,I-10 EXIT 378,San Simon,AZ,3.309,32.042300,-109.174800
70654,PILOT DEALER #1269,I-10 EXIT 378,San Simon,AZ,3.334,32.042300,-109.174800
70655,GOLDEN GATE PETROLEUM,US-6,Grand Junction,CO,3.499,39.061714,-108.530514
70656,LOVES TRAVEL STOP #757,"US-23, EXIT 25",Milan,MI,3.579,42.091400,-83.677600
70656,LOVES TRAVEL STOP #757,"US-23, EXIT 25",Milan,MI,3.649,42.091400,-83.677600
70656,LOVES TRAVEL STOP #757,"US-23, EXIT 25",Milan,MI,3.489,42.091400,-83.677600
70656,LOVES TRAVEL STOP #757,"US-23, EXIT 25",Milan,MI,3.569,42.091400,-83.677600
70657,INTERFUEL,I-96 EXIT 167,Springfield,VA,3.899,38.802189,-77.245700
70658,CASEYS #3708,SR-235,New Carlisle,OH,3.259,39.930000,-84.021700
70660,CASEYS #3852,"I-35, EXIT 33 & US-34",Creston,IA,3.349,41.049900,-94.347100
70661,CASEYS #3238,US-52 EXIT 64 & CR-12,Oronoco,MN,3.51566666,44.148900,-92.485000
70662,GETGO #3202,I-79 EXIT 183A,Erie,PA,3.899,42.133838,-80.072158
70663,LENNYS GAS N WASH BOURBONNAIS,US-45/US-52,Bourbonnais,IL,3.399,41.166100,-87.879000
70663,LENNYS GAS N WASH BOURBONNAIS,US-45/US-52,Bourbonnais,IL,3.299,41.166100,-87.879000
70665,POCO LOCO MARKET,I-35 EXIT 219,Buda,TX,2.89233333,30.091800,-97.853400
70666,Thorntons #322,"I-55, EXIT 288",Chicago,IL,3.599,41.854213,-87.676050
70667,EZ TRIP #1226,"I-84, EXIT 104 & US-97",Wasco,OR,3.239,45.597400,-120.730400
70668,LOVES TRAVEL STOP #784,US-30 & CR-9,Schuyler,NE,3.28233333,41.459100,-97.062800
70669,TA EXPRESS BIGGS,"I-84, EXIT 104 & US-97",Wasco,OR,3.199,45.597400,-120.730400
70670,MAVERIK COUNTRY STORE #625,"I-215, EXIT 27 & CR-68",North Salt Lake,UT,3.44233333,40.844600,-111.919100
70673,PAC PRIDE,SR-202,Mesa,AZ,4.024,33.414132,-111.771211
70674,ALLTOWN FRESH #769,SR-111,Ayer,MA,3.649,42.559100,-71.578800
70676,PAC PRIDE,"I-10, EXIT 138",Phoenix,AZ,4.0365,33.491612,-112.079255
70677,PAC PRIDE,US-60,Glendale,AZ,4.024,33.573700,-112.197708
70679,PAC PRIDE,"I-10, EXIT 151",Phoenix,AZ,4.024,33.491612,-112.079255
70680,PAC PRIDE,"I-17, EXIT 215B",Phoenix,AZ,4.024,33.491612,-112.079255
70681,PETRO STOP,US-60,Mesa,AZ,4.01566666,33.414132,-111.771211
70682,LOVES TRAVEL STOP #758,"I-255/US-50, EXIT 15",East Saint Louis,IL,3.589,38.606043,-90.125271
70682,LOVES TRAVEL STOP #758,"I-255/US-50, EXIT 15",East Saint Louis,IL,3.489,38.606043,-90.125271
70682,LOVES TRAVEL STOP #758,"I-255/US-50, EXIT 15",East Saint Louis,IL,3.379,38.606043,-90.125271
70682,LOVES TRAVEL STOP #758,"I-255/US-50, EXIT 15",East Saint Louis,IL,3.689,38.606043,-90.125271
70686,HOLIDAY STATIONSTORE #2746471,US-12,Hudson,WI,3.539,44.984200,-92.727100
70687,RUTTERS #87,"I-99, EXIT 78B & SR-150",Bellefonte,PA,4.01566666,40.897800,-77.773200
70691,QUIKTRIP #4049,"I-10/US-90, EXIT 583",San Antonio,TX,2.96566666,29.464699,-98.498407
70692,RUTLAND ROUTE 7 IRVING,US-4 & US-7,Rutland,VT,3.699,43.612350,-72.971700
70693,MAPCO #3507,US-76 & SR-71,Dalton,GA,3.119,34.768000,-84.960725
70695,ALLSUPS CONVENIENCE STORE #2132,US-54 & US-380,Carrizozo,NM,3.28233333,33.649600,-105.869600
70696,DK #11822,I-20 EXIT 131,Midland,TX,2.85733333,31.939173,-102.066982
70698,ALLSUPS CONVENIENCE STORE #2038,US-54,Logan,NM,3.199,35.368100,-103.438300
70699,QUIK STOP,US-79,Paris,TN,2.959,36.300500,-88.309300
70700,PATRIOT FUELING CENTER,US-231/SR-9,Wetumpka,AL,3.199,32.577450,-86.157350
70704,KUM & GO #0702,"I-44, EXIT 6 & SR-86",Joplin,MO,3.009,37.077950,-94.510500
70705,CASEYS #3464,SR-48 & CR-10,Morrisonville,IL,3.759,39.415300,-89.454100
70705,CASEYS #3464,SR-48 & CR-10,Morrisonville,IL,3.999,39.415300,-89.454100
70705,CASEYS #3464,SR-48 & CR-10,Morrisonville,IL,3.959,39.415300,-89.454100
70706,BIG APPLE TRAVEL CENTER,I-44/US-71,Joplin,MO,3.21233333,37.077950,-94.510500
70707,TA Express West Point #283,"I-85/SR-403, EXIT 2 & SR-18",West Point,GA,3.66566666,32.833700,-85.119700
70708,LOVES TRAVEL STOP #785,"I-96, EXIT 90",Grand Ledge,MI,3.949,42.752900,-84.737300
70709,VP Racing Fuels,SR-19,Center,MO,3.16566666,39.515400,-91.539800
70710,LOVES TRAVEL STOP #799,US-72 & SR-15,Walnut,MS,3.559,34.952700,-88.905300
70711,LOVES TRAVEL STOP #762,FM-1472,Laredo,TX,3.25566666,27.518557,-99.461743
70714,PILOT TRAVEL CENTER #1281,US-89,Page,AZ,3.999,36.914700,-111.455800
70714,PILOT DEALER #1281,US-89,Page,AZ,3.999,36.914700,-111.455800
70717,Certified Oil #400491,I-270 EXIT 52,Columbus,OH,3.20233333,39.992260,-82.991882
70718,ROAD RANGER #278,"I-40, EXIT 216 & US-49",Brinkley,AR,3.199,34.878100,-91.188600
70719,FAST LANE #31,"I-70, EXIT 183",Jonesburg,MO,3.299,38.871700,-91.301900
70720,SPEEDWAY #4453,SR-23,Sauk Rapids,MN,3.189,45.604000,-94.159100
70722,SPEEDWAY #9935,I-90 EXIT 35 & SR-298,Syracuse,NY,4.099,43.048096,-76.159179
70723,SPEEDWAY #9932,I-99 EXIT 8 & SR-417,Painted Post,NY,4.099,42.171000,-77.119400
70724,LOVES TRAVEL STOP #790,"I-95, EXIT108",Summerton,SC,3.509,33.594600,-80.360600
70725,LOVES TRAVEL STOP #782,"I-24 & US-41, EXIT 86",Oak Grove,KY,3.14233333,36.665200,-87.425500
70726,CASEYS #1195,US-36,Belleville,KS,3.339,39.824100,-97.629000
70727,CASEYS #2998,US-75 & SR-23,Pipestone,MN,3.449,43.989300,-96.265200
70728,CASEYS #3245,US-81,Freeman,SD,3.299,43.360500,-97.460100
70729,CASEYS #3785,US-14,Fort Pierre,SD,3.399,44.342600,-100.404300
70730,CASEYS #3855,US-81,Yankton,SD,3.139,42.882100,-97.398600
70731,PILOT TRAVEL CENTERS #1181,IL-38 E,Rochelle,IL,3.759,41.928200,-89.071000
70731,PILOT #1181,IL-38 E,Rochelle,IL,3.759,41.928200,-89.071000
70732,MAVERIK COUNTRY STORE #627,I-15 EXIT 303,Salt Lake City,UT,3.44233333,40.709875,-111.888812
70733,CASEYS #1607,US-63,Macon,MO,3.29066666,39.748100,-92.462200
70735,CASEYS #1778,SR-267/SR-111,Brighton,IL,3.279,39.036100,-90.144300
70735,CASEYS #1778,SR-267/SR-111,Brighton,IL,3.299,39.036100,-90.144300
70735,CASEYS #1778,SR-267/SR-111,Brighton,IL,3.239,39.036100,-90.144300
70735,CASEYS #1778,SR-267/SR-111,Brighton,IL,3.279,39.036100,-90.144300
70735,CASEYS #1778,SR-267/SR-111,Brighton,IL,3.239,39.036100,-90.144300
70736,CASEYS #1941,"I-35, EXIT 90 & SR-160",Ankeny,IA,3.139,41.720300,-93.597400
70737,CASEYS #2272,I-80/US-6 EXIT 155 & SR-117,Colfax,IA,3.099,41.678800,-93.258800
70738,QUIKTRIP #7061,I-49 EXIT 39A,Joplin,MO,3.02233333,37.077950,-94.510500
70739,CASEYS #2602,US-36/SR-5 & SR-11,Brookfield,MO,3.249,39.784600,-93.071900
70740,JACK FLASH,"I-70, EXIT 82 & SR 128",Altamont,IL,3.099,39.063400,-88.748100
70740,JACK FLASH,"I-70, EXIT 82 & SR 128",Altamont,IL,3.199,39.063400,-88.748100
70741,CASEYS #3590,US-27,Geneva,IN,3.594,40.607100,-84.962100
70742,CASEYS #3653,SR-14,Greene,IA,3.599,42.895800,-92.802400
70743,CASEYS #3659,US-10 & SR-115,Randall,MN,3.48566666,46.073400,-94.500500
70744,CASEYS #3686,I-80 EXIT 81,Utica,IL,2.969,41.363000,-89.000800
70744,CASEYS #3686,I-80 EXIT 81,Utica,IL,2.999,41.363000,-89.000800
70744,CASEYS #3686,I-80 EXIT 81,Utica,IL,3.159,41.363000,-89.000800
70745,CASEYS #3752,",",Mountain Lake,MN,3.40233333,43.939000,-94.927300
70746,CASEYS #3085,US-34 & SR-14,Aurora,NE,3.099,40.852800,-98.020100
70747,CASEYS #3702,US-377/SR-99 & SR-9,Seminole,OK,3.02566666,35.238300,-96.669450
70748,CASEYS #3717,US-218,Vinton,IA,3.199,42.174300,-91.989200
70749,CASEYS #3719,US-160,Ulysses,KS,3.409,37.579200,-101.348800
70750,CASEYS #3787,"I-35, EXIT 222",Blackwell,OK,2.999,36.800600,-97.286700
70751,CASEYS #3795,"I-43, EXIT 96",Saukville,WI,3.289,43.391300,-87.956800
70752,CASEYS #3755,SR-7/SR-27,Russellville,AR,3.419,35.323100,-93.097725
70753,CASEYS #3798,"I-44, EXIT 211",Drumright,OK,3.119,35.993100,-96.519800
70754,CASEYS #3758,US-77,Douglass,KS,3.264,37.519500,-96.994800
70755,CASEYS #3809,US-56 & SR-51,Hugoton,KS,3.39233333,37.168200,-101.334600
70756,CASEYS #3780,US-40,Tonganoxie,KS,3.159,39.102600,-95.105100
70757,CASEYS #3811,US-69,McAlester,OK,3.22566666,34.929800,-95.764450
70759,CASEYS #3832,"I-35, EXIT 40A & US-14",Janesville,MN,3.58233333,44.116800,-93.709500
70760,CASEYS #2730,US-34 & SR-15,Seward,NE,3.369,40.906600,-97.096600
70761,CASEYS #3841,"US-61, EXIT 5",Kieler,WI,3.489,42.581400,-90.602600
70763,CASEYS #3854,"US-20, EXIT 275 & SR-13",Manchester,IA,3.54566666,42.483400,-91.449000
70764,CASEYS #3856,"I-51, EXIT 48 & SR-251",Tonica,IL,3.199,41.232700,-89.089000
70764,CASEYS #3856,"I-51, EXIT 48 & SR-251",Tonica,IL,3.099,41.232700,-89.089000
70764,CASEYS #3856,"I-51, EXIT 48 & SR-251",Tonica,IL,3.069,41.232700,-89.089000
70765,CEFCO #103,SR-36,Temple,TX,2.96566666,31.068500,-97.380240
70767,CASEYS #3493,SR-72,Shannon,IL,3.699,42.161000,-89.748100
70768,CASEYS #3497,SR-29,South Pekin,IL,3.699,40.494500,-89.651800
70768,CASEYS #3497,SR-29,South Pekin,IL,3.619,40.494500,-89.651800
70768,CASEYS #3497,SR-29,South Pekin,IL,3.679,40.494500,-89.651800
70769,CASEYS #3527,US-169 & US-60,Nowata,OK,3.18233333,36.694600,-95.640400
70770,CASEYS #3528,SR-92,Washington,IA,3.271,41.301500,-91.698700
70771,CASEYS #3545,US-14/CR-27,Sleepy Eye,MN,3.33233333,44.282100,-94.727300
70772,CASEYS #3554,"I-70, EXIT 52",Mulberry Grove,IL,3.489,38.931100,-89.246300
70773,CASEYS #3575,US-36,Seneca,KS,3.159,39.847300,-96.031600
70774,CASEYS #3079,"US-20, EXIT 71 & US-71",Early,IA,3.299,42.448300,-95.172600
70775,CASEYS #3576,US-56,Overbrook,KS,3.19566666,38.792200,-95.561600
70776,CASEYS #3579,US-36,Smith Center,KS,3.179,39.804200,-98.784200
70778,CASEYS #3588,"I-75 N, EXIT 69",Tipp City,OH,3.099,39.942000,-84.166300
70779,CASEYS #3204,"I-80, EXIT 29 & I-880, EXIT 29A",Minden,IA,3.159,41.465400,-95.551900
70780,CASEYS #3306,SR-15 & CR-47/CR-136,Saint Cloud,MN,3.249,45.559164,-94.164900
70782,CASEYS #3465,"I-80, EXIT 285 & US-30",Gibbon,NE,3.049,40.744400,-98.854300
70783,ENMARKET #820,"I-95/SR-405, EXIT 109 & SR-21",Port Wentworth,GA,3.09066666,32.149100,-81.163200
70784,CIRCLE K #2723046,"I-95, EXIT 41 & SR-59/CR2252",Hope Mills,NC,2.909,34.953600,-78.935400
70785,CIRCLE K #2705347,"I-77, EXIT 5 & SR-48",Columbia,SC,3.204,34.016062,-81.007685
70786,CIRCLE K #2741502,"I-37, EXIT 9",Corpus Christi,TX,3.06066666,27.762360,-97.434843
70787,LOVES TRAVEL STOP #778,"I-16, EXIT 143 & US-280",Ellabell,GA,3.29566666,32.127300,-81.498300
70788,SPEEDWAY #1031,"I-480 & I-271, EXIT 26",Bedford,OH,3.649,41.392100,-81.523200
70789,7FLEET #46080,"I-41 & US-41, EXIT 133",Neenah,WI,3.449,44.183450,-88.470900
70790,LOVES TRAVEL STOP #788,"I-70, EXIT 175",New Florence,MO,3.12233333,38.902300,-91.490900
70791,LOVES TRAVEL STOP #791,"I-40, EXIT 126",Holladay,TN,3.12233333,35.895100,-88.091200
70792,ANEW TRAVEL CENTER,US-6/34 & CR-410,Cambridge,NE,3.364,40.280800,-100.167600
70793,LOVES TRAVEL STOPS #119,"I-70, EXIT 160",Green River,UT,3.299,39.000200,-110.159800
70793,LOVES TRAVEL STOP #119,"I-70, EXIT 160",Green River,UT,3.391,39.000200,-110.159800
70794,CASEYS #3747,SR-103 & CR-96,Carey,OH,3.17566666,40.948600,-83.383600
70796,QUICK FUEL #3177,"I-35W, EXIT 56",Fort Worth,TX,3.03233333,32.760220,-97.314932
70797,QUICK FUEL #3176,"I-35E, EXIT 442",Carrollton,TX,3.01566666,32.988275,-96.883125
70798,QUICK FUEL #1926,"I-90, EXIT 171B & US-14",Janesville,WI,3.399,42.704650,-89.050450
70831,FLYERS #768,"I-80, EXIT 19 & SR-659",Sparks,NV,4.05233333,39.582757,-119.727200
70832,FLYERS #766,SR-648,Sparks,NV,4.059,39.582757,-119.727200
70833,FLYERS #764,SR-667,Reno,NV,4.05233333,39.536150,-119.814625
70845,FLYERS #759,"I-80, EXIT 19",Sparks,NV,4.05066666,39.582757,-119.727200
70855,FLYERS #761,"I-580, EXIT 5",Carson City,NV,3.699,39.155350,-119.772340
70858,SPEEDWAY #1012,"I-65, EXIT 158 & CR-6",Hope Hull,AL,3.05233333,32.224300,-86.393200
70859,FLYERS #732,I-580 & US-50,Carson City,NV,3.699,39.155350,-119.772340
70860,FLYERS #726,"I-80, EXIT 303",Elko,NV,3.629,40.856800,-115.686867
70864,FLYERS #747,"I-580/US-395, EXIT 29 & SR-659",Reno,NV,4.054,39.536150,-119.814625
70870,ESSENTIAL FUELS,US-26,Scottsbluff,NE,3.599,41.869300,-103.664550
70871,ALLTOWN MARKETS #835,"I-95, EXIT 62",Madison,CT,4.239,41.309000,-72.615300
70873,TA LAKE CITY #288,"I-75, EXIT 414",Lake City,FL,3.299,30.181375,-82.648025
70874,CIRCLE T,SR-6 & SR-515,Navasota,TX,3.43233333,30.357600,-96.059400
70875,FUEL MAXX #57,SR-105 & SR-146,Liberty,TX,3.13233333,30.094600,-94.737800
70876,JIFFY MART,SR-123/SR-12,Walpole,NH,3.68566666,43.076500,-72.415500
70877,LOVES TRAVEL STOP #770,"US-41, EXIT 1A",Wadsworth,IL,3.819,42.446000,-87.904000
70877,LOVES TRAVEL STOP #770,"US-41, EXIT 1A",Wadsworth,IL,3.759,42.446000,-87.904000
70878,MAVERIK COUNTRY STORE #630,I-15 EXIT 13,Malad City,ID,3.394,42.180800,-112.262000
70879,MAVERIK COUNTRY STORE #611,I-40 EXIT 154,Albuquerque,NM,3.194,35.077348,-106.644838
70880,RUTTERS #81,SR-61 & SR-73,Leesport,PA,3.89733333,40.415200,-75.994400
70881,RUTTERS #79,"I-99/US-220, EXIT 28 US-22/SR-764",Duncansville,PA,4.099,40.426200,-78.438300
70882,RUTTERS #77,US-11/US-15 & US-22,Duncannon,PA,4.294,40.408700,-77.047300
70883,RUTTERS #41,US-422,Lebanon,PA,3.799,40.356400,-76.417200
70884,RUTTERS #75,SR-194 & SR-550,Walkersville,MD,3.93233333,39.478700,-77.348400
70885,KWIK TRIP #1061,CR-CE & CR-HH,Combined Locks,WI,3.549,44.266600,-88.313300
70887,LOVES TRAVEL STOP #781,"I-20, EXIT 113 & SR-83",Madison,GA,3.849,33.594700,-83.461800
70888,HUTCHS #125,US-283,Altus,OK,2.999,34.643250,-99.327250
70889,TRUCK WORLD,I-90 EXIT 241 & SR-7,Conneaut,OH,3.359,41.934500,-80.580300
70890,PILOT #1299,US-287 & SR-148,Henrietta,TX,3.12566666,33.819600,-98.260000
70891,QUARLES #4908,I-64 EXIT 297,Chesapeake,VA,3.52566666,36.750756,-76.282967
70892,QUARLES #4001,I-95 EXIT 133,Fredericksburg,VA,3.759,38.304144,-77.504222
70893,QUARLES #4002,"I-95 EXIT 130A, SR-2",Fredericksburg,VA,3.759,38.304144,-77.504222
70894,QUARLES #4009,US-301,Waldorf,MD,3.759,38.590000,-76.932650
70895,QUARLES #4011/SHELL,I-95 EXIT 118,Woodford,VA,2.899,38.084700,-77.439900
70896,QUARLES #4200,US-522,Front Royal,VA,3.699,38.926800,-78.179600
70897,QUARLES #4302,SR-801 & SR-42,Broadway,VA,3.459,38.608300,-78.787500
70898,QUARLES #4303,"I-81 EXIT 243, US-11",Harrisonburg,VA,2.899,38.457475,-78.858100
70899,QUARLES #4304,"I-64 EXIT 96, SR-624",Waynesboro,VA,3.799,38.077400,-78.903500
70900,QUARLES #4306,I-81 EXIT 150A,Roanoke,VA,3.559,37.283661,-79.951644
70901,QUARLES #4307,"I-81 EXIT 137, US-11/460",Salem,VA,3.559,37.287367,-80.067800
70902,QUARLES #4309,US-460/29,Lynchburg,VA,3.774,37.375244,-79.158544
70903,QUARLES #4310,US-11,Roanoke,VA,3.559,37.283661,-79.951644
70904,QUARLES #4400,I-95 EXIT 166A,Lorton,VA,4.059,38.698600,-77.215900
70905,QUARLES #4401,US-29,Fairfax,VA,4.059,38.834300,-77.287889
70906,QUARLES #4403,"I-95 EXIT 29A, US-1",Beltsville,MD,3.899,39.040150,-76.915850
70907,QUARLES #4404,I-95 EXIT 43A,Elkridge,MD,3.499,39.205800,-76.753100
70908,QUARLES #4407,I-495 EXIT 11A,Upper Marlboro,MD,3.899,38.834240,-76.798200
70909,QUARLES #4408,SR-201,Bladensburg,MD,3.699,38.942100,-76.926100
70910,QUARLES #4409,I-95 EXIT 50B,Baltimore,MD,3.499,39.301857,-76.620995
70912,QUARLES #4411,"I-695 EXIT 1, SR-173",Curtis Bay,MD,3.499,39.210900,-76.559700
70913,QUARLES #4412,I-270 EXIT 8,Rockville,MD,3.759,39.087200,-77.146600
70914,QUARLES #4413,I-495 EXIT 15A,Capitol Heights,MD,3.899,38.855120,-76.888280
70915,QUARLES #4414,I-95 EXIT 60,Baltimore,MD,3.449,39.301857,-76.620995
70916,TA Express White Hills,US-93,Willow Beach,AZ,3.779,35.775900,-114.500100
70917,QUARLES #4416,US-13,Salisbury,MD,3.659,38.377500,-75.605650
70918,QUARLES #4417,I-895 EXIT 8B,Curtis Bay,MD,3.499,39.210900,-76.559700
70919,QUARLES #4422,US-13,New Castle,DE,3.699,39.606500,-75.604933
70920,QUARLES #4423,SR-100 EXIT 11,Glen Burnie,MD,3.699,39.102067,-76.601467
70921,QUARLES #4424,SR-5,Clinton,MD,3.899,38.754900,-76.902600
70922,QUARLES #4425,US-50 EXIT 5,Hyattsville,MD,3.899,38.963700,-76.939500
70923,QUARLES #4426,SR-124,Gaithersburg,MD,3.759,39.151656,-77.196511
70924,QUARLES #4427,I-276 EXIT 351,Levittown,PA,3.84566666,40.153360,-74.846600
70925,QUARLES #4430,US-13,Sharon Hill,PA,3.869,39.903500,-75.269500
70926,QUARLES #4431,US-22,Allentown,PA,3.989,40.601500,-75.510100
70927,QUARLES #4434,SR-617,Springfield,VA,4.059,38.802189,-77.245700
70928,QUARLES #4435,"I-95 EXIT 41, US-1",Jessup,MD,3.499,39.148400,-76.792200
70929,QUARLES #4503,US-11,Martinsburg,WV,3.959,39.466000,-77.953640
70930,QUARLES #4504,I-81 EXIT 313A,Winchester,VA,3.799,39.191875,-78.204800
70931,QUARLES #4505,SR-65,Hagerstown,MD,3.899,39.629750,-77.718317
70933,QUARLES #4507,US-11,Winchester,VA,3.799,39.191875,-78.204800
70934,QUARLES #4509,I-270 EXIT 31B,Frederick,MD,3.599,39.422200,-77.407600
70935,QUARLES #4511,I-70 EXIT 55,Frederick,MD,3.599,39.422200,-77.407600
70937,QUARLES #4603,US-29/211,Warrenton,VA,3.799,38.723567,-77.799367
70938,QUARLES #4605,SR-606,Sterling,VA,3.659,39.012800,-77.423100
70939,QUARLES #4606,SR-234,Manassas,VA,3.859,38.749167,-77.470867
70940,QUARLES #4607,SR-28,Manassas,VA,3.859,38.749167,-77.470867
70941,QUARLES #4934,US-60,Sandston,VA,3.259,37.515700,-77.275800
70942,QUARLES #4608,SR-657,Chantilly,VA,3.659,38.872033,-77.414567
70943,QUARLES #4700,US-15BUS/29BUS,Culpeper,VA,3.799,38.511700,-77.992800
70944,QUARLES #4701,US-15 BUS & US-522,Culpeper,VA,3.799,38.511700,-77.992800
70945,QUARLES #4944,US-17,Bealeton,VA,3.759,38.545300,-77.756100
70946,QUARLES #4703,US-29 & SR-616,Ruckersville,VA,3.699,38.258600,-78.407400
70947,QUARLES #4946,"I-95, EXIT 130A, SR-3",Fredericksburg,VA,3.759,38.304144,-77.504222
70948,QUARLES #4804,I-40 EXIT 211,Greensboro,NC,3.649,36.078600,-79.803561
70949,QUARLES #4805,US-1 EXIT 95,Apex,NC,3.999,35.722500,-78.840800
70950,QUARLES #4807,I-40 EXIT 203,Kernersville,NC,3.199,36.118200,-80.078400
70951,QUARLES #4947,SR-7,Leesburg,VA,3.659,39.113875,-77.567125
70952,QUARLES #4810,I-540 EXIT 4A,Raleigh,NC,3.709,35.808798,-78.633634
70953,QUARLES #4948,"I-95, EXIT 126, US-1",Fredericksburg,VA,3.759,38.304144,-77.504222
70954,QUARLES #4811,SR-50/US-70,Garner,NC,3.599,35.681300,-78.597500
70955,QUARLES #4949,"I-95, EXIT 136, US-1",Fredericksburg,VA,3.759,38.304144,-77.504222
70956,QUARLES #4813,SR-133,Wilmington,NC,3.779,34.199792,-77.886400
70957,QUARLES #4950,"I-95, EXIT 126A, US-1",Fredericksburg,VA,3.759,38.304144,-77.504222
70958,QUARLES #4951,SR-3,Fredericksburg,VA,3.759,38.304144,-77.504222
70959,QUARLES #4814,US-117,Wilmington,NC,3.799,34.199792,-77.886400
70960,QUARLES #4962,"I-81, EXIT 222, US-250",Staunton,VA,2.899,38.158350,-79.064000
70961,QUARLES #4815,"I-140, EXIT 14",Wilmington,NC,3.799,34.199792,-77.886400
70962,QUARLES #4965,"I-295, EXIT 37A, US-360",Warsaw,VA,3.759,37.969500,-76.766500
70963,QUARLES #4817,"US-70, EXIT 333",Selma,NC,3.799,35.556500,-78.264000
70964,SEALSTON DELI,"I-95, EXIT 130A, SR-3",King George,VA,3.499,38.281100,-77.126000
70965,QUARLES #4822,US-401,Raleigh,NC,3.709,35.808798,-78.633634
70966,QUARLES #4927,SR-10 & SR-145,Chesterfield,VA,3.699,37.362800,-77.600550
70967,QUARLES #4823,I-95,Fayetteville,NC,3.799,35.044870,-78.905890
70968,QUARLES #4928,"I-95, EXIT 86A & SR-656",Ashland,VA,3.674,37.739500,-77.478400
70969,QUARLES #4824,I-40 EXIT 210,Greensboro,NC,3.699,36.078600,-79.803561
70970,QUARLES #4931,US-60 & SR-603,Powhatan,VA,3.699,37.542100,-77.918900
70971,QUARLES #4932,"I-64, EXIT 173 & SR-623",Rockville,VA,3.699,37.733700,-77.700000
70973,QUARLES #4826,US HWY 29/70,High Point,NC,3.66566666,35.999729,-79.997800
70974,QUARLES #4933,US-60,Richmond,VA,3.699,37.528023,-77.474238
70975,QUARLES #4935,"I-95, EXIT 64 & SR-613",Richmond,VA,3.699,37.528023,-77.474238
70976,QUARLES #4827,I-40 EXIT 203,Kernersville,NC,3.199,36.118200,-80.078400
70977,QUARLES #4828,I-440 EXIT 13B,Raleigh,NC,3.709,35.808798,-78.633634
70978,QUARLES #4829,I-40 EXIT 298A,Raleigh,NC,3.599,35.808798,-78.633634
70979,QUARLES #4830,I-540 EXIT 3,Raleigh,NC,3.719,35.808798,-78.633634
70980,QUARLES #4938,"I-64, EXIT 159 & SR-522",Gum Spring,VA,3.699,37.798200,-77.937500
70982,EXXON/QUARLES #4942,"I-64/33, EXIT 205 & SR-249",Quinton,VA,3.509,37.518500,-77.148600
70983,QUARLES #4943,"I-295, EXIT 22A & SR-5",Henrico,VA,3.699,37.497618,-77.415636
70984,QUARLES #4831,US-64 EXIT 470,Rocky Mount,NC,3.409,35.938080,-77.803380
70985,QUARLES #4832,I-40 EXIT 189,Winston Salem,NC,3.57233333,36.065508,-80.241000
70986,QUARLES #4833,US-1,Youngsville,NC,3.699,36.024900,-78.474400
70987,QUARLES #4902,US-250/33,Richmond,VA,3.699,37.528023,-77.474238
70988,QUARLES #4909,I-664 EXIT 3,Hampton,VA,3.42566666,37.047882,-76.358909
70989,QUARLES #4911,I-264 EXIT 19B,Virginia Beach,VA,3.57233333,36.810535,-76.053560
70990,QUARLES #4915,I-664 EXIT 2,Hampton,VA,3.42566666,37.047882,-76.358909
70991,QUARLES #4917,I-64 EXIT 255,Newport News,VA,3.41066666,37.118920,-76.502350
70992,QUARLES #4904,I-64 EXIT 197B,Sandston,VA,3.259,37.515700,-77.275800
70993,QUARLES #4905,I-95 EXIT 89,Ashland,VA,3.699,37.739500,-77.478400
70994,QUARLES #4906,I-95 EXIT 73,Richmond,VA,3.699,37.528023,-77.474238
70995,QUARLES #4910,I-95 EXIT 61B,Chester,VA,3.799,37.345200,-77.377100
70996,QUARLES #4912,I-64 EXIT 136,Troy,VA,3.899,37.963600,-78.253500
70997,QUARLES #4913,SR-76,Midlothian,VA,3.699,37.474467,-77.646433
70998,QUARLES #4916,I-246 EXIT 6,Portsmouth,VA,3.46566666,36.840063,-76.343537
71001,QUARLES #4921,I-95 EXIT 83B,Richmond,VA,3.699,37.528023,-77.474238
71002,QUARLES #4922,US-250,Charlottesville,VA,3.899,38.047155,-78.481936
71003,QUARLES #4923,I-95 EXIT 73,Richmond,VA,3.699,37.528023,-77.474238
71004,QUARLES #4924,US-1 & SR-688,Doswell,VA,3.699,37.841700,-77.512500
71005,QUARLES #4925,I-95 EXIT 78,Richmond,VA,3.699,37.528023,-77.474238
71006,QUARLES #4926,I-95 EXIT 79,Richmond,VA,3.699,37.528023,-77.474238
71007,HAYDEN TRAVEL CENTER,"I-65, EXIT 284 & SR-160",Warrior,AL,3.129,33.852900,-86.819800
71009,WEIGELS #80,"I-40, EXIT 435 & US-321",Newport,TN,3.11566666,35.960700,-83.195200
71010,KEYSTOPS,"I-64, EXIT 17",Louisville,KY,3.19566666,38.208448,-85.696306
71011,Global,"I-84 E, EXIT 2 & US-6 E",Danbury,CT,3.459,41.370517,-73.426700
71012,ALLTOWN MARKETS #838,"I-95 N, EXIT 12",Darien,CT,3.83233333,41.076800,-73.485300
71013,ALLTOWN MARKETS #647,SR-3 EXIT 5,Plymouth,MA,3.959,41.946433,-70.670233
71014,Global,"I-95, EXIT 43 & US-1",Elkridge,MD,3.099,39.205800,-76.753100
71018,KWIK STAR #1076,US-218,Vinton,IA,3.199,42.174300,-91.989200
71019,KWIK TRIP #489,SR-3,Northfield,MN,3.524,44.458700,-93.166800
71020,Fast Trac 21,SR-21 & CR-50,Caldwell,TX,3.299,30.529800,-96.714300
71021,Amoco,"I-39 & HWY 23, EXIT 54",Oglesby,IL,3.199,41.292800,-89.055300
71021,Amoco,"I-39 & HWY 23, EXIT 54",Oglesby,IL,3.249,41.292800,-89.055300
71022,TEX BEST #530,"I-10, EXIT 628 & SR-80",Luling,TX,3.009,29.682600,-97.649900
71023,LOVES TRAVEL STOP #853,SR-302 & CR-313,Kermit,TX,3.25066666,31.855000,-103.091300
71024,LOVES TRAVEL STOP #804,US-34/US-67,Monmouth,IL,3.449,40.910700,-90.644800
71024,LOVES TRAVEL STOP #804,US-34/US-67,Monmouth,IL,3.389,40.910700,-90.644800
71024,LOVES TRAVEL STOP #804,US-34/US-67,Monmouth,IL,3.349,40.910700,-90.644800
71025,KWIK TRIP #644,SR-57 & SR-32,New Holstein,WI,3.39066666,44.006250,-88.157100
71027,Kwik Star #1068,I-35,Story City,IA,2.959,42.183500,-93.598800
71029,CASEYS #6445,I-355 EXIT 27 & SR-64,Lombard,IL,3.349,41.872100,-88.016000
71030,QUIKTRIP #1469,"I-10, EXIT 248 & SR-77",Marana,AZ,3.06233333,32.417600,-111.209750
71032,MAVERIK COUNTRY STORE #416,US-50 & US-95,Fallon,NV,3.52566666,39.472433,-118.780300
71033,MAVERIK COUNTRY STORE #560,I-580 & US-50,Carson City,NV,3.589,39.155350,-119.772340
71034,MAVERIK COUNTRY STORE #635,I-15 EXIT 57,Cedar City,UT,3.44233333,37.677500,-113.061900
71036,GOLDEN GATE PETRO,US-550,Montrose,CO,3.43566666,38.437700,-107.899767
71037,SUNOCO,US-220 EXIT 111,Lock Haven,PA,3.599,41.142500,-77.443600
71039,TURNPIKE MARKET EXPRESS,SR-5,Newton Falls,OH,3.259,41.191000,-80.970100
71042,SINCLAIR,I-580/US-395 EXIT 6,Carson City,NV,3.599,39.155350,-119.772340
71046,SPEEDWAY #9336,US-27/SR-126,Cincinnati,OH,3.699,39.170541,-84.504528
71047,LOVES TRAVEL STOP #722,"I-17, EXIT 262 & SR-69",Mayer,AZ,3.68066666,34.365500,-112.129600
71050,GILL MART CORNER STORE,US-131 & SR-216,Three Rivers,MI,3.699,41.959600,-85.637100
71051,SHEETZ #683,I-83 EXIT 28,York,PA,3.259,39.964987,-76.697000
71053,ROAD RANGER #279,"I-57, EXIT 45 & SR-148",Marion,IL,3.699,37.725700,-88.929400
71053,ROAD RANGER #279,"I-57, EXIT 45 & SR-148",Marion,IL,3.379,37.725700,-88.929400
71055,LOVES TRAVEL STOP #793,"I-840, EXIT 67 & COUCHVILLE PIKE",Mount Juliet,TN,3.25233333,36.194900,-86.510450
71056,SPEEDWAY #1044,US-72 & SR-20,Decatur,AL,3.42566666,34.591140,-86.987800
71057,LOVES TRAVEL STOP #795,US-97/US-26 & HALL RD,Madras,OR,3.689,44.637600,-121.134900
71058,KWIK TRIP #1090,SR-19 & SR-21,New Prague,MN,3.349,44.540200,-93.580500
71059,CIRCLE K #2706781,US-17 & SR-200,Yulee,FL,3.34233333,30.622750,-81.590400
71060,CIRCLE K #2701537,"I-77, EXIT 100 & SR-89",Mount Airy,NC,2.859,36.500700,-80.611900
71061,CIRCLE K #2702344,US-78 & SR-39,Williston,SC,3.799,33.392600,-81.416100
71062,MAVERIK COUNTRY STORE #637,"I-70, EXIT 56 & US-89",SALINA,UT,3.44233333,38.956000,-111.881100
71063,MAVERIK COUNTRY STORE #639,"I-40, EXIT 153",Albuquerque,NM,3.19733333,35.077348,-106.644838
71064,LOVES TRAVEL STOP #798,I-57 EXIT 212,Tuscola,IL,3.289,39.799500,-88.281600
71064,LOVES TRAVEL STOP #798,I-57 EXIT 212,Tuscola,IL,3.389,39.799500,-88.281600
71064,LOVES TRAVEL STOP #798,I-57 EXIT 212,Tuscola,IL,3.489,39.799500,-88.281600
71065,MAVERIK COUNTRY STORE #429,US-40 & SR-121,Roosevelt,UT,3.439,40.310200,-110.010800
71066,Circle K #2745067,"I-75, EXIT 155",Macon,GA,3.089,32.818930,-83.665100
71067,7-ELEVEN #41219,I-385 EXIT 9,Laurens,SC,3.099,34.499000,-82.014300
71071,KWIK TRIP #1074,SR-35,Somerset,WI,3.524,45.133100,-92.686500
71072,LOVES TRAVEL STOP #801,I-75 EXIT 102,Cordele,GA,3.309,31.936900,-83.784450
71073,LOVES TRAVEL STOP #803,I-57 EXIT 54B,Marion,IL,3.739,37.725700,-88.929400
71073,LOVES TRAVEL STOP #803,I-57 EXIT 54B,Marion,IL,3.749,37.725700,-88.929400
71074,Speedway #7764,SR-72 & SR-25,Dundee,IL,3.279,42.096200,-88.290200
71075,TEXAS TRAVEL CENTER,"I-35, EXIT 277",Jarrell,TX,2.83233333,30.811900,-97.594200
71076,Kwik Star #589,US-151,Marion,IA,3.524,42.041100,-91.594100
71077,COMMUNITY CO OPS LAKE PARK,US-10,Lake Park,MN,3.509,46.817600,-96.067000
71079,DK,SR-375,El Paso,TX,2.699,31.722307,-106.343082
71080,BIG INDIAN SMOKE SHOP,I-90 & US-20,Irving,NY,2.929,42.573900,-79.059600
71080,BIG INDIAN SMOKE SHOP,I-90 & US-20,Irving,NY,3.029,42.573900,-79.059600
71083,SPRINT FOOD #701,US-78,Augusta,GA,3.22566666,33.432962,-82.075146
71084,FIESTA MART #42,US-75,Tulsa,OK,3.16566666,36.138438,-95.970035
71085,Sunoco,SR-49,Greenville,OH,3.599,40.098700,-84.634200
71086,THORNTONS #318,SR-59 & SR-38,West Chicago,IL,3.649,41.886700,-88.203100
71086,THORNTONS #318,SR-59 & SR-38,West Chicago,IL,3.699,41.886700,-88.203100
71087,HALF SUN TRAVEL PLAZA,"I-90, EXIT 176",Moses Lake,WA,4.029,47.137400,-119.289100
71087,HALF SUN TRAVEL PLAZA,"I-90, EXIT 176",Moses Lake,WA,3.569,47.137400,-119.289100
71088,KARDES,US-151,Monticello,IA,3.399,42.232600,-91.198900
71090,CEFCO #2076,US-60 & SR-207,Panhandle,TX,2.94566666,35.380800,-101.430400
71091,BREAK TIME #3163,US-63 & CR-M,Moberly,MO,3.46233333,39.420200,-92.435800
71094,BP,US-63 & SR-137,Eddyville,IA,3.379,41.153300,-92.622100
71095,HOBO PANTRY #29,US-84/SR-12 & SR-95,Gordon,AL,3.659,31.100200,-85.123400
71096,GAS N WASH,US-30 & SR-394,Chicago Heights,IL,3.499,41.507400,-87.613000
71097,THORNTONS #329,"I-55, EXIT 267 & SR-53",Romeoville,IL,3.309,41.640400,-88.069600
71097,THORNTONS #329,"I-55, EXIT 267 & SR-53",Romeoville,IL,3.359,41.640400,-88.069600
71098,DANDY MINI MART #74,US-6 & SR-187,Wysox,PA,3.999,41.782600,-76.383400
71099,THORNTONS #336,"I-57, EXIT 335 & SR-50",Monee,IL,3.399,41.419100,-87.774800
71099,THORNTONS #336,"I-57, EXIT 335 & SR-50",Monee,IL,3.349,41.419100,-87.774800
71099,THORNTONS #336,"I-57, EXIT 335 & SR-50",Monee,IL,3.459,41.419100,-87.774800
71099,THORNTONS #336,"I-57, EXIT 335 & SR-50",Monee,IL,3.409,41.419100,-87.774800
71101,FOOD N FUEL,"I-55, EXIT 244 & SR-53",Elwood,IL,3.499,41.426000,-88.086400
71101,FOOD N FUEL,"I-55, EXIT 244 & SR-53",Elwood,IL,3.599,41.426000,-88.086400
71102,365 Food and Fuel,"I-35W/US-287, EXIT 54A & SR-183",Fort Worth,TX,2.97566666,32.760220,-97.314932
71103,FAT DOGS NORTH PLATTE SOUTH,"I-80, EXIT 177 & US-83",North Platte,NE,3.074,41.089500,-100.760750
71104,SPINX #364,"I-26, EXIT 194",Summerville,SC,3.399,33.006100,-80.189825
71105,SHEPHERD 700,US-64 & CR-450,Alva,OK,3.219,36.801600,-98.672200
71106,SECURITY OIL,"I-135, EXIT 10B & SR-96",Wichita,KS,3.299,37.694591,-97.341863
71107,SPARKYS ONE STOP,"US-20, EXIT 96 & SR-4",Rockwell City,IA,3.21566666,42.396100,-94.629200
71108,Stuckeyâ€™s Travel Center West,"I-10, EXIT 819 & FM-1663",Anahuac,TX,2.80733333,29.662000,-94.593000
71109,KWIK TRIP #1067,"SR-13, BETWEEN FAIRWAY & TRINITY DR",Phillips,WI,3.31566666,45.697500,-90.404100
71110,KWIK TRIP #1121,"I-94 & SR-26, EXIT 267",Watertown,WI,3.289,43.234700,-88.716950
71111,MAPCO #5167,"I-59, EXIT 21B & SR-35",Fort Payne,AL,3.479,34.463300,-85.739050
71112,BERKSHIRE ENERGY,"I-91, EXIT 8 & SR-80",New Haven,CT,3.549,41.314729,-72.927325
71113,PLATEU TRAVEL PLAZA,"I-95, EXIT 39A & US-1",Madras,OR,3.359,44.637600,-121.134900
71114,SHEETZ #672,"I-95, EXIT 11B & SR-606",Woodford,VA,2.899,38.084700,-77.439900
71115,FASTBREAK #6,US-50/US-151 & US-41,Vincennes,IN,4.039,38.673400,-87.509800
71116,CEFCO #101,US-59 & SR-49,Jefferson,TX,2.899,32.805900,-94.365500
71117,AM-PM TRUCK STOP,"I-520/SR-415, EXIT 9 & SR-56",Augusta,GA,3.359,33.432962,-82.075146
71118,THORNTONS #0331,"I-35/US-51, EXIT 3 & CR-9",Roscoe,IL,3.469,42.421700,-88.994300
71118,THORNTONS #0331,"I-35/US-51, EXIT 3 & CR-9",Roscoe,IL,3.419,42.421700,-88.994300
71119,PARKER'S #69 (DISCOUNT AVAILABLE),"I-95/SR-405, EXIT 102 & US-80",Pooler,GA,3.12233333,32.114900,-81.252000
71120,GAS PRO TRAVEL CENTER,US-25 & SR-56,Waynesboro,GA,3.799,33.101300,-81.990800
71121,HAT CREEK TRAVEL,"I-10/US-70, EXIT 82A & US-180",Deming,NM,2.919,32.235800,-107.743500
71123,ONE9 XPRESS FUEL #1264,"I-10, EXIT 203",Eloy,AZ,3.139,32.750900,-111.583300
71123,XPRESS FUEL DBA ONE9 #1264,"I-10, EXIT 203",Eloy,AZ,3.139,32.750900,-111.583300
71124,LOVES TRAVEL STOP #761,"I-10, EXIT 343 & US-301",Jacksonville,FL,3.849,30.311931,-81.653317
71126,QUIKTRIP #1177,I-77 & US-21,Blythewood,SC,3.07566666,34.191100,-80.975800
71127,QUIKTRIP #4044,"I-10, EXIT 609",Seguin,TX,2.94566666,29.586550,-97.967000
71129,Queens Market,"I-85, EXIT 41 & SR-2480",Charlotte,NC,3.499,35.228770,-80.823747
71131,7-ELEVEN #38816,"I-85, EXIT 66 & US-29",Spartanburg,SC,3.30566666,34.937850,-81.899775
71132,CEFCO #104,US-259 & SR-315,Mount Enterprise,TX,2.959,31.912500,-94.623500
71133,AMIGOS TRAVEL CENTER,"I-35, EXIT 85 & FM-117",Dilley,TX,3.399,28.678200,-99.174700
71134,ALLSUPS CONVENIENCE STORE #2376,US-54/US-285 & US-60,Vaughn,NM,3.499,34.624100,-105.192600
71136,CIRCLE K #2706788,"I-795, EXIT 22 & US-70, EXIT 356",Goldsboro,NC,3.39233333,35.364340,-78.016840
71138,LUMMI BAY MARKET,"I-5, EXIT 260",Bellingham,WA,3.759,48.752160,-122.464460
71139,GAS N WASH,SR-47 & CR-9,Yorkville,IL,3.599,41.638700,-88.443800
71140,BP,"I-94, EXIT 267 & SR-26, EXIT 30",Jefferson,WI,3.209,43.000600,-88.807800
71141,CASEYS #3901,"I-55, EXIT 178 & CR-23",Lexington,IL,3.339,40.635700,-88.806200
71141,CASEYS #3901,"I-55, EXIT 178 & CR-23",Lexington,IL,3.359,40.635700,-88.806200
71142,LOVES TRAVEL STOP #775,US-20 & SR-2,Rockford,IL,3.349,42.284764,-89.089664
71142,LOVES TRAVEL STOP #775,US-20 & SR-2,Rockford,IL,3.289,42.284764,-89.089664
71142,LOVES TRAVEL STOP #775,US-20 & SR-2,Rockford,IL,3.229,42.284764,-89.089664
71142,LOVES TRAVEL STOP #775,US-20 & SR-2,Rockford,IL,3.269,42.284764,-89.089664
71143,CASEYS #3904,SR-141,Manning,IA,3.209,41.907200,-95.055600
71144,CASEYS #3675,US-12 & US-75,Ortonville,MN,3.379,45.329600,-96.459600
71145,CASEYS #3905,I-74/US-421 EXIT 113,Shelbyville,IN,3.599,39.504300,-85.787500
71146,CASEYS #2968,US-34,Eagle,NE,3.239,40.816900,-96.429000
71147,CASEYS #3910,US-177 & SR-33,Perkins,OK,3.01566666,35.976800,-97.044100
71148,CASEYS #1892,US-65,Sheffield,IA,3.15233333,42.877900,-93.215600
71149,KOUNTRY KORNER,SR-20,Mount Pleasant,MI,3.619,43.602200,-84.822767
71150,LOVES TRAVEL STOP #812,"I-84, EXIT 141",Bliss,ID,3.78566666,42.944900,-114.910400
71151,LOVES TRAVEL STOP #880,US-50 & SR-130,Olney,IL,3.289,38.733400,-88.080900
71151,LOVES TRAVEL STOP #880,US-50 & SR-130,Olney,IL,3.189,38.733400,-88.080900
71151,LOVES TRAVEL STOP #880,US-50 & SR-130,Olney,IL,3.189,38.733400,-88.080900
71151,LOVES TRAVEL STOP #880,US-50 & SR-130,Olney,IL,3.389,38.733400,-88.080900
71151,LOVES TRAVEL STOP #880,US-50 & SR-130,Olney,IL,3.339,38.733400,-88.080900
71151,LOVES TRAVEL STOP #880,US-50 & SR-130,Olney,IL,3.289,38.733400,-88.080900
71152,LOVES TRAVEL STOP #841,"US-24, EXIT 41",Napoleon,OH,3.705,41.391000,-84.143300
71152,LOVES TRAVEL STOPS #841,"US-24, EXIT 41",Napoleon,OH,3.689,41.391000,-84.143300
71153,KWIK TRIP #1083,SR-35,Osceola,WI,3.499,45.321800,-92.697100
71154,KWIK TRIP #489,CR-3,DUNDAS,MN,3.499,44.395500,-93.203700
71155,KWIK TRIP #1124,"SR-16, EXIT 184",Sussex,WI,3.37733333,43.144100,-88.227100
71158,CIRCLE K #2707533,"SR-570, EXIT 3 & SR-572",Lakeland,FL,3.53233333,28.042908,-81.964385
71160,CIRCLE K #4706316,"I-96, EXIT 46  & SR-6, EXIT 15",Caledonia,MI,3.699,42.818700,-85.524400
71160,CIRCLE K #4706316,"I-96, EXIT 46  & SR-6, EXIT 15",Caledonia,MI,3.639,42.818700,-85.524400
71161,CIRCLE K #2720931,"I-95, EXIT 107 & US-301",Kenly,NC,3.149,35.607700,-78.138200
71162,CIRCLE K #4705694,US-20 & CR-245,Norwalk,OH,3.614,41.240300,-82.607800
71163,DANDY MINI MART #68,"I-86/SR-17, EXIT 51A & CR-64",Elmira,NY,3.899,42.105540,-76.818800
71164,DANDY MINI MART #59,SR-287,Middlebury Center,PA,3.999,41.866400,-77.312800
71165,PALMETTO EXPRESS #115,"I-26, EXIT 125 & US-176",Gaston,SC,3.199,33.833700,-81.117400
71166,MAVERIK COUNTRY STORE #616,US-50,Montrose,CO,3.39566666,38.437700,-107.899767
71167,LOVES TRAVEL STOP #768,"I-55, EXIT 247",Channahon,IL,3.489,41.434700,-88.213800
71167,LOVES TRAVEL STOP #768,"I-55, EXIT 247",Channahon,IL,3.349,41.434700,-88.213800
71167,LOVES TRAVEL STOP #768,"I-55, EXIT 247",Channahon,IL,3.449,41.434700,-88.213800
71167,LOVES TRAVEL STOP #768,"I-55, EXIT 247",Channahon,IL,3.389,41.434700,-88.213800
71167,LOVES TRAVEL STOP #768,"I-55, EXIT 247",Channahon,IL,3.549,41.434700,-88.213800
71168,LOVES TRAVEL STOP #797,"I-80, EXIT 176",Winnemucca,NV,3.744,41.021400,-117.753450
71169,LOVES TRAVEL STOP #879,"I-69 EXIT,286 & US-24 & SR-9",Huntington,IN,3.50066666,40.881100,-85.505400
71170,LOVES TRAVEL STOP #849,"I-94, EXIT 292 & CR-21",Valley City,ND,3.969,46.926800,-98.003300
71171,TEXSTAR TRAVEL CENTER,I-35 EXIT 302,Temple,TX,2.91233333,31.068500,-97.380240
71172,ZIPPY JS #18,CR-577 & CR-80,Brenham,TX,3.199,30.172150,-96.400250
71173,ENMARKET #828,"I-95/SR-405, EXIT 102 & US-80",Pooler,GA,3.08233333,32.114900,-81.252000
71176,QUIKTRIP #1710,US-23/SR-365,Gainesville,GA,3.34566666,34.308060,-83.863040
71177,COMO TRAVEL CENTER,"I-55, EXIT 257 & SR-310",Como,MS,3.079,34.513700,-89.915500
71179,7-ELEVEN #41332,"I-26, EXIT 76 & SR-219",Newberry,SC,3.33233333,34.284700,-81.615700
71181,7-ELEVEN #38637,"I-85, EXIT 72 & I-585/US-176",Spartanburg,SC,3.11566666,34.937850,-81.899775
71185,SHEETZ #698,"I-78/US-22, EXIT 45 & SR-863",Kutztown,PA,3.329,40.521400,-75.777400
71186,7-ELEVEN #36837,US-29 & SR-904,Anderson,SC,3.089,34.481933,-82.701850
71187,KWIK TRIP #1041,SR-11 & CR-H,Sturtevant,WI,3.794,42.696700,-87.903100
71188,QUIKTRIP #1722,"I-75, EXIT 153",Macon,GA,3.089,32.818930,-83.665100
71189,QUIKTRIP #1198,"I-20, EXIT 55",Lexington,SC,3.129,33.939033,-81.235733
71190,LOVES TRAVEL STOPS #888,"I-80/US-30, EXIT 85 & SR-374",Green River,WY,3.589,41.519600,-109.471400
71190,LOVES TRAVEL STOP #888,"I-80/US-30, EXIT 85 & SR-374",Green River,WY,3.707,41.519600,-109.471400
71191,MAVERIK COUNTRY STORE #631,I-80/5600 WEST,Salt Lake City,UT,3.459,40.709875,-111.888812
71193,ASAP GENERAL STORE #308,US-60 & SR-123,Bartlesville,OK,3.191,36.734825,-95.948000
71194,ASAP GENERAL STORE #104,"I-40, EXIT 84 & US-54",Weatherford,OK,3.13233333,35.535000,-98.699600
71195,ASAP GENERAL STORE #301,"I-40, EXIT 108 & US-281/SR-8",Geary,OK,3.13233333,35.621700,-98.390500
71196,ASAP GENERAL STORE #302,SR-33 & SR 54,Thomas,OK,3.13233333,35.738200,-98.738800
71197,ASAP GENERAL STORE #304,US-60/SR-51 & US-283,Arnett,OK,3.23233333,36.052200,-99.651400
71198,LOVES TRAVEL STOP #844,"I-90, EXIT 233 & SR-74",Saint Charles,MN,3.569,43.958500,-92.051700
71199,LOVES TRAVEL STOP #814,"I-22, EXIT 14 & CR-35",Hamilton,AL,3.55566666,34.153400,-88.008500
71200,LOVES TRAVEL STOP #730,"I-80, EXIT 440 & SR-50",Omaha,NE,3.28066666,41.256250,-96.006210
71201,PRIDE TRAVEL CENTER,I-91 EXIT 33,Hartford,CT,3.509,41.781483,-72.698781
71202,QUIKTRIP #1181,"I-26, EXIT 154B & US-301",Orangeburg,SC,3.23566666,33.514425,-80.866075
71206,JACKSONS FOOD STORES #138,US-95/SR-339 & SR-208,Yerington,NV,3.679,38.986600,-119.159600
71207,GAS N WASH,"I-80, EXIT 148B & SR-43",Tinley Park,IL,3.679,41.573050,-87.819600
71207,GAS N WASH,"I-80, EXIT 148B & SR-43",Tinley Park,IL,3.499,41.573050,-87.819600
71207,GAS N WASH,"I-80, EXIT 148B & SR-43",Tinley Park,IL,3.599,41.573050,-87.819600
71208,RACEWAY #6789,US-301 & SR-150,Richmond,VA,3.429,37.528023,-77.474238
71209,RACETRAC #2529,"I-75, EXIT 285 & SR-52",San Antonio,FL,3.31566666,28.337100,-82.288200
71210,RACETRAC #2515,I-820 & BUS-287,Fort Worth,TX,2.87733333,32.760220,-97.314932
71211,KUM & GO #0138,US-67,Jacksonville,AR,3.099,34.892600,-92.126000
71212,KUM & GO #0426,BUS-71,Springdale,AR,3.149,36.178575,-94.125325
71213,KUM & GO #0429,US-62,Rogers,AR,3.009,36.328400,-94.129267
71214,MAVERIK #5317,"I-76, EXIT 22",Brighton,CO,3.234,39.952700,-104.822800
71215,MAVERIK #5319,SR-392 & SR-257,Windsor,CO,3.159,40.480600,-104.900400
71216,Maverik Country Store #5337,"I-35, EXIT 102 & SR-210",Huxley,IA,3.09233333,41.899400,-93.602400
71217,KUM & GO #0185,US-65,Bondurant,IA,3.095,41.701700,-93.452700
71218,KUM & GO #1435,US-65,Fair Grove,MO,3.15566666,37.372100,-93.142800
71219,KUM & GO #1568,"I-44, EXIT 156",Waynesville,MO,3.099,37.767600,-92.210500
71221,LOVES TRAVEL STOP #786,I-435 EXIT 55,Kansas City,MO,3.389,39.117442,-94.567246
71223,SCOOBA JUNCTION,US-45 & SR-16,Scooba,MS,3.21566666,32.840200,-88.488300
71227,TEX BEST #529,SR-16 & SR-1604,Von Ormy,TX,3.049,29.275000,-98.667700
71228,SHELL,"I-80, EXIT 279 & SR-10",Gibbon,NE,3.299,40.744400,-98.854300
71229,THE PRIDE OF PALATINE,"I-90, EXIT 65 & SR-62",Palatine,IL,3.399,42.112371,-88.028100
71230,THE PRIDE OF LAKE COUNTY,US-12 & SR-53,Lake Zurich,IL,3.349,42.216500,-88.076900
71232,GATEWAY TRAVEL CENTER,US-16 & US-85,Newcastle,WY,3.324,43.851100,-104.226200
71233,Fuel America Travel Center #2,"I-35, EXIT 32",Encinal,TX,3.049,28.040500,-99.356300
71234,CHEVRON #352305,I-610 & SR-47,Chalmette,LA,3.139,29.957100,-89.956250
71239,CASEYS #3926,"I-29, EXIT 84 & SR-118",Mound City,MO,3.15733333,40.136200,-95.213800
71240,LOVES TRAVEL STOP #764,I-24 EXIT 117,Hillsboro,TN,3.32566666,35.369900,-85.972400
71241,WEIGLES #58,"I-40, Exit 356A & SR-58",Kingston,TN,3.169,35.852800,-84.497100
71242,LAST STOP TRAVEL CENTER,US-93,Willow Beach,AZ,3.49566666,35.775900,-114.500100
71244,MAVERIK COUNTRY STORE #644,"I-84/I-15, EXIT 344 & SR-39",Ogden,UT,3.37233333,41.239508,-111.965408
71245,MAVERIK COUNTRY STORE #651,"I-15, EXIT 67 & US-30",Pocatello,ID,3.40233333,42.831133,-112.419833
71246,TOOT N TOTUM #99,I-40 EXIT 75,Amarillo,TX,3.04566666,35.253452,-101.865656
71247,LOVES TRAVEL STOP #848,"I-59, Exit 104",Sandersville,MS,3.16233333,31.790900,-89.041400
71248,RACETRAC #2560,"I-4, EXIT-55",Davenport,FL,3.289,28.231950,-81.638675
71249,RACETRAC #2589,"I-20, EXIT 185",Oxford,AL,2.999,33.581500,-85.832800
71250,NAVAJO BLUE TRAVEL CENTER,I-40 EXIT 219,Flagstaff,AZ,3.609,35.193400,-111.644817
71251,RUTTERS #91,US-30 & SR-772,Gap,PA,4.199,40.002000,-75.997800
71252,QUIKTRIP #1178,"I-26, EXIT 54 & SR-72",Clinton,SC,3.099,34.470700,-81.877200
71253,QUIKTRIP #4066,"I-35, EXIT 122 & SR-173",Devine,TX,2.96566666,29.152100,-98.909000
71255,Fuel N Treat,"I-70/US-40, EXIT 84 & CR-J",Nelson,MO,3.284,39.010400,-93.031100
71256,SIGNAL FOOD STORE #120,US-60,Seymour,MO,3.02566666,37.166700,-92.785700
71257,FARMERS UNION SOUTHERN VALLEY,US-75 & SR-210,Wahpeton,ND,3.499,46.291200,-96.668700
71259,LOVES TRAVEL STOP #846,I-10 EXIT 10,Irvington,AL,3.16566666,30.480200,-88.239600
71260,LOVES TRAVEL STOP #881,US HWY 224 & OH 225,Diamond,OH,3.45233333,41.093500,-81.042500
71261,Una Travel Center,I-94 EXIT 228,Roseville,MI,3.899,42.503400,-82.938700
71262,LOVES TRAVEL STOP #892,"I-70, EXIT 118 & SR-310",Etna,OH,3.46066666,39.957200,-82.683700
71263,Loves Travel Stop # 660,"I-25, Exit 49",Walsenburg,CO,4.249,37.646500,-104.779800
71264,MAVERIK COUNTRY STORE #649,I-25/US-85 EXIT 220 & SR-500,Albuquerque,NM,3.20566666,35.077348,-106.644838
71265,U SAVE FOOD STORES 1,SR-39/SR-55,Richwood,WV,3.599,38.223000,-80.544500
71266,LOVES TRAVEL STOP #787,"I-81, EXIT 30 & SR-70",Mosheim,TN,3.55566666,36.183900,-82.967400
71267,LOVES TRAVEL STOP #878,"US-131/SR-43, EXIT 44",Kalamazoo,MI,3.649,42.286470,-85.578710
71267,LOVES TRAVEL STOP #878,"US-131/SR-43, EXIT 44",Kalamazoo,MI,3.589,42.286470,-85.578710
71267,LOVES TRAVEL STOP #878,"US-131/SR-43, EXIT 44",Kalamazoo,MI,3.689,42.286470,-85.578710
71268,MAVERIK COUNTRY STORE #650,SR 85 & W 900 S,West Jordan,UT,3.43233333,40.608333,-111.991067
71269,Maverik Country Store #652,I-84 & SR 79,Jerome,ID,3.394,42.717800,-114.501200
71270,QUIKTRIP #7904,I-20 EXIT 285,Abilene,TX,2.87566666,32.446560,-99.739430
71271,MAVERIK COUNTRY STORE #672,SR-69,Dewey,AZ,3.219,34.536800,-112.256700
71275,ALLSUPS CONVENIENCE STORE #2272,US-67/US-84,Bangs,TX,2.93233333,31.750300,-99.156800
71276,Circle K #2706617,I-4 EXIT 28,Lakeland,FL,3.25066666,28.042908,-81.964385
71277,CIRCLE K #2706619,I-75 EXIT 354,Ocala,FL,3.45733333,29.170300,-82.148907
71278,Kwik Trip #1506,SR-26,Fort Atkinson,WI,3.57733333,42.922900,-88.846700
71281,Pride (One9 Fuel Network) #1213,"I-40, Exit 25",Yucca,AZ,3.559,34.872200,-114.149400
71281,Pride Travel Center dba One9 #1213,"I-40, Exit 25",Yucca,AZ,3.559,34.872200,-114.149400
71282,QuikTrip #4128,SR-71,Bastrop,TX,2.96566666,30.138800,-97.292100
71283,QUIKTRIP #7135,US-17,Hardeeville,SC,2.999,32.263500,-81.066900
71284,Loves Travel Stop #889,"I-22, Exit 30",Holly Springs,MS,3.31566666,34.757350,-89.469200
71285,Shrees Truck Stop Seattle,SR-509,Seattle,WA,3.799,47.603675,-122.330976
71286,RACETRAC #2323,I-75 EXIT 128,Fort Myers,FL,3.299,26.561860,-81.852747
71287,RACETRAC #482,I-310 EXIT 2A,Saint Rose,LA,3.12566666,29.958100,-90.312400
71288,SHEETZ #700,"I-270, EXIT 49 & SR-317",Groveport,OH,3.059,39.896167,-82.930067
71289,7-ELEVEN #38835,I-75 EXIT 139,Fort Myers,FL,3.599,26.561860,-81.852747
71290,LOVES TRAVEL STOP #808,"US-19/SR-3, EXIT 3 & US-82",Albany,GA,3.789,31.564144,-84.164589
71291,HUCKS FOOD & FUEL #351 DBA ONE9 #1286,"I-57, Exit 116",Salem,IL,3.239,38.626400,-88.948100
71291,HUCKS FOOD & FUEL #351 DBA ONE9 #1286,"I-57, Exit 116",Salem,IL,3.139,38.626400,-88.948100
71291,HUCKS FOOD & FUEL #351,"I-57, Exit 116",Salem,IL,3.139,38.626400,-88.948100
71291,HUCKS FOOD & FUEL #351,"I-57, Exit 116",Salem,IL,3.099,38.626400,-88.948100
71295,MOUNTAINEER MART #33,US-33/119,Buckhannon,WV,3.899,38.975500,-80.240700
71298,QUIKTRIP #1923,"I-45, EXIT 229",Corsicana,TX,2.849,32.047633,-96.456533
71299,QUIKTRIP #7903,"I-35, EXIT 331",Waco,TX,2.95566666,31.554531,-97.162744
71300,SPEEDWAY #1407,"I-94, EXIT 145",Jackson,MI,3.599,42.248200,-84.402575
71300,SPEEDWAY #1407,"I-94, EXIT 145",Jackson,MI,3.549,42.248200,-84.402575
71301,Atlanta IL Visitors Center,I-55 EXIT 140,Atlanta,IL,3.399,40.258600,-89.230000
71302,KWIK STAR #1107,I-380 EXIT 18,Cedar Rapids,IA,3.574,42.037379,-91.635886
71303,KWIK TRIP #1132,SR-21,Omro,WI,3.37733333,44.035700,-88.751900
71305,AMIGO'S COUNTRY STORE,"I-35, EXIT 122 & SR-173",Devine,TX,3.099,29.152100,-98.909000
71307,Speedway #1221,"I-24/69, EXIT 27 & US-62",Calvert City,KY,3.449,37.014700,-88.381100
71308,QUIKTRIP #7145,"I-40, EXIT 239A",Lebanon,TN,2.91566666,36.178800,-86.285500
71309,SUGAR CROSSING CONVENIENCE,US-33 & CR-63,Lancaster,OH,3.38233333,39.718700,-82.603100
71310,CIRCLE K #2722120,US-441/27,Summerfield,FL,3.52566666,29.004600,-82.024300
71311,CIRCLE K #708,"I-85, EXIT 64 & US-29",Opelika,AL,3.26566666,32.611450,-85.354400
71313,LOVES TRAVEL STOP  #821,"US-70, Exit W Main St",Durant,OK,3.489,33.964050,-96.288250
71314,Loves Travel Stop  #806,I-20 Exit 124,Monroe,LA,3.16733333,32.499870,-92.109780
71315,KWIK TRIP #1062,SR-33,West Bend,WI,3.55566666,43.433100,-88.190400
71316,KWIK TRIP #1084,SR-97,Marshfield,WI,3.47566666,44.666433,-90.174000
71318,LOVES TRAVEL STOP  #800,SR-83,Elk Grove Village,IL,3.449,42.005750,-87.981700
71318,LOVES TRAVEL STOP  #800,SR-83,Elk Grove Village,IL,3.379,42.005750,-87.981700
71318,LOVES TRAVEL STOP  #800,SR-83,Elk Grove Village,IL,3.489,42.005750,-87.981700
71318,LOVES TRAVEL STOP  #800,SR-83,Elk Grove Village,IL,3.549,42.005750,-87.981700
71318,LOVES TRAVEL STOP  #800,SR-83,Elk Grove Village,IL,3.649,42.005750,-87.981700
71318,LOVES TRAVEL STOP  #800,SR-83,Elk Grove Village,IL,3.589,42.005750,-87.981700
71319,LOVES TRAVEL STOP #868,"I-95, EXIT 223",Mims,FL,3.689,28.697400,-80.866300
71320,TA EXPRESS EDGERTON #284,I-35 EXIT 205,Edgerton,KS,3.699,38.781100,-95.009400
71321,Kwik Star #1119,US-18,Emmetsburg,IA,3.449,43.108200,-94.682500
71322,KWIK TRIP #1101,US-141,Crivitz,WI,3.304,45.261700,-88.078000
71323,MAVERIK COUNTRY STORE #517,SR-114 & E MILL RD,Orem,UT,3.44066666,40.267350,-111.655675
71324,7-ELEVEN #38992,"I-85/US-29, EXIT 40 & I-185, EXIT 12",Piedmont,SC,3.499,34.724400,-82.470200
71325,QUIKTRIP #7223,"I-20, EXIT 23 & SR-782-2",Bossier City,LA,2.89233333,32.560420,-93.666120
71326,CIRCLE K #4705730,"I-480 & SR-82, EXIT 36",Twinsburg,OH,3.989,41.328900,-81.455900
71327,MAVERIK COUNTRY STORE #668,"I-80, EXIT 313",Laramie,WY,3.24566666,41.370550,-105.623725
71328,IRVING,US-1,Norwood,MA,3.694,42.186800,-71.203300
71329,SPEEDWAY #1439,I-20 Exit 100,Mc Calla,AL,2.90233333,33.284500,-87.102400
71330,JORDAN MINI MART,SR- 31 & CR-59,Jordan,NY,3.799,43.065100,-76.459800
71330,JORDAN MINI MART,SR- 31 & CR-59,Jordan,NY,3.859,43.065100,-76.459800
71331,KWIK TRIP #1106,SR-13 & SR-64,Medford,WI,3.42233333,45.151200,-90.350300
71332,ALLSUPS CONVENIENCE STORE #2308,SR-128 & SR-18,Jal,NM,3.129,32.112800,-103.199700
71333,ALLSUPS CONVENIENCE STORE #2105,"I-20, EXIT 332 & US-183",Cisco,TX,2.929,32.380000,-98.986500
71334,ALLSUPS CONVENIENCE STORE #2278,SR-302 & SR-18,Kermit,TX,3.089,31.855000,-103.091300
71335,ALLSUPS CONVENIENCE STORE #2367,"I-27/US-87, EXIT 49B & US-70",Plainview,TX,2.909,34.132550,-101.776450
71336,ALLSUPS CONVENIENCE STORE #2180,US-84 & US-180,Snyder,TX,2.98566666,32.731500,-100.917550
71337,ALLSUPS CONVENIENCE STORE #2229,US-377 & SR-108,Stephenville,TX,3.159,32.218350,-98.215200
71338,KWIK TRIP #755,US-18,Fennimore,WI,3.424,42.988600,-90.655000
71339,CASEYS #3934,"I-35, EXIT 89 & CO-R6F",Ankeny,IA,3.099,41.720300,-93.597400
71340,KWIK TRIP #180,US-14/SR-68,New Ulm,MN,3.349,44.304400,-94.464400
71341,QUIKTRIP #7147,"I-40, EXIT 172 & SR-46",Dickson,TN,2.91566666,36.111450,-87.376250
71342,CASEYS #3505,US-212,Stewart,MN,3.369,44.725900,-94.451600
71343,ALLSUPS CONVENIENCE STORE #2014,US-377/US-67,Dublin,TX,3.159,32.090900,-98.345500
71344,ALLSUPS CONVENIENCE STORE #2061,US-84 & US-380,Post,TX,2.944,33.201700,-101.392200
71345,ALLSUPS CONVENIENCE STORE #2084,US-377 & CR-234,Brownwood,TX,2.949,31.774800,-99.041800
71346,ALLSUPS CONVENIENCE STORE #2094,US-277 & US-83,Abilene,TX,2.889,32.446560,-99.739430
71347,ALLSUPS CONVENIENCE STORE #2128,"I-20, EXIT 301 & CR-276",Clyde,TX,2.889,32.380300,-99.518400
71348,ALLSUPS CONVENIENCE STORE #2142,US-62/US-180,Hobbs,NM,3.38233333,32.745700,-103.162100
71349,ALLSUPS CONVENIENCE STORE #2204,SR-115 & CR-201,Wink,TX,3.089,31.752700,-103.156100
71350,ALLSUPS CONVENIENCE STORE #2206,US-385 & SR-176,Andrews,TX,3.39233333,32.320100,-102.540900
71351,ALLSUPS CONVENIENCE STORE #2207,US-377/US-67 & SR-36,Comanche,TX,3.159,31.911600,-98.608200
71352,ALLSUPS CONVENIENCE STORE #2223,US-285 & SR-357,Artesia,NM,3.399,32.796000,-104.367750
71353,ALLSUPS CONVENIENCE STORE #2246,US-84 & SR-268,Melrose,NM,3.81233333,34.447900,-103.632500
71354,ALLSUPS CONVENIENCE STORE #2247,US-377 & SR-16,Comanche,TX,3.16233333,31.911600,-98.608200
71355,ALLSUPS CONVENIENCE STORE #2249,US-377 & US-281,Stephenville,TX,3.159,32.218350,-98.215200
71356,ALLSUPS CONVENIENCE STORE #2266,I-20 & US-285,Pecos,TX,3.379,31.446700,-103.579100
71357,ALLSUPS CONVENIENCE STORE #2279,SR-115 & SR-18,Kermit,TX,3.089,31.855000,-103.091300
71358,ALLSUPS CONVENIENCE STORE #2285,US-285 & US-62,Carlsbad,NM,3.194,32.376950,-104.266600
71359,ALLSUPS CONVENIENCE STORE #2350,"I-20, EXIT 285 & US-83",Abilene,TX,2.87566666,32.446560,-99.739430
71360,ALLSUPS CONVENIENCE STORE #2353,US-76/US-277,San Angelo,TX,3.19566666,31.460629,-100.443057
71361,ALLSUPS CONVENIENCE STORE #2358,US-277/US-87,Wall,TX,3.20566666,31.374100,-100.307600
71362,ALLSUPS CONVENIENCE STORE #2359,US-377/US-67 & CR-498,Stephenville,TX,3.159,32.218350,-98.215200
71363,ALLSUPS CONVENIENCE STORE #2360,FM-988 & FM-8,Stephenville,TX,3.159,32.218350,-98.215200
71364,QUICK FUEL #3188,I-75,Sidney,OH,3.33233333,40.285800,-84.158850
71365,COLES BP,SR 49,Brownsville,WI,3.099,43.602800,-88.523000
71366,AMOCO,SR 31,Kenosha,WI,3.719,42.582680,-87.845580
71367,ROAD RANGER #280,"I-20, EXIT 79 & SR-464",Monahans,TX,3.459,31.581300,-102.900300
71368,Kwik Star #1071,I-280 E and US-61 N,Davenport,IA,3.324,41.565378,-90.591600
71369,MR GAS TRAVEL CENTER #21,I-84 EXIT 59A,Boise,ID,3.69566666,43.539279,-116.228175
71370,MAVERIK COUNTRY STORE #645,"I-40, Exit 16",Gallup,NM,3.159,35.494833,-108.751500
71371,BREAK TIME #3167,US-65 & HWY-HH,Sedalia,MO,3.294,38.700300,-93.230300
71372,Simonson Station,US-71 & SR-34,Park Rapids,MN,3.599,46.937700,-95.038300
71376,7-ELEVEN #41127,SR-29,Labelle,FL,3.559,26.747700,-81.436400
71377,7-ELEVEN #38485,I-76 Exit 25,Brighton,CO,3.599,39.952700,-104.822800
71378,QUIKTRIP #1410,"I-10, EXIT 136B & SR-202, EXIT 78A",Phoenix,AZ,3.369,33.491612,-112.079255
71379,QUIKTRIP #7211,"I-30/US-67/US-70, EXIT 128",Little Rock,AR,3.049,34.759432,-92.344736
71381,KWIK TRIP #1112,US-63 & SR-77,Hayward,WI,3.639,45.955200,-91.278300
71382,KWIK TRIP #346,US-151 BUS & CR-G/CR-D,Beaver Dam,WI,3.19566666,43.461600,-88.840700
71383,Caseys #3940,I-69 & SR 4,Ashley,IN,3.59733333,41.534700,-85.050400
71384,CASEYS #3944,I-29 & CR-106,Tea,SD,3.199,43.471100,-96.817700
71385,CASEYS #3907,I-675 & SR-235,Fairborn,OH,3.679,39.805300,-84.019800
71386,CASEYS #3952,SR-1 & SR-9,Hoopeston,IL,3.249,40.463900,-87.666200
71386,CASEYS #3952,SR-1 & SR-9,Hoopeston,IL,3.259,40.463900,-87.666200
71386,CASEYS #3952,SR-1 & SR-9,Hoopeston,IL,3.189,40.463900,-87.666200
71386,CASEYS #3952,SR-1 & SR-9,Hoopeston,IL,3.239,40.463900,-87.666200
71387,CASEYS #3954,"I-80, Exit 168",Newton,IA,3.249,41.699200,-93.045500
71388,CASEYS #3850,US HWY 77,Wahoo,NE,3.174,41.211700,-96.621900
71389,SPEEDWAY #1590,"I-95, EXIT 193",Dillon,SC,3.12566666,34.414600,-79.377000
71390,SPEEDWAY #7269,I-270 EXIT 6B,Granite City,IL,3.519,38.726100,-90.110600
71390,SPEEDWAY #7269,I-270 EXIT 6B,Granite City,IL,3.379,38.726100,-90.110600
71390,SPEEDWAY #7269,I-270 EXIT 6B,Granite City,IL,3.459,38.726100,-90.110600
71391,QUIKTRIP #7210,I-40 EXIT 142,North Little Rock,AR,3.049,34.786022,-92.285700
71392,Loves Travel Stop #834,SR 17 & SR 1,Grant Park,IL,3.329,41.247700,-87.648000
71392,Loves Travel Stop #834,SR 17 & SR 1,Grant Park,IL,3.379,41.247700,-87.648000
71393,CASEYS #3303,HWY 15 AND HWY 55,Kimball,MN,3.199,45.343600,-94.302800
71394,QUIKTRIP #955,"I-35W, EXIT 26A & US-67",Alvarado,TX,2.97566666,32.439500,-97.213000
71395,KWIK TRIP #340,US-18 & SR-23,Dodgeville,WI,3.489,42.972950,-90.140850
71397,RACEWAY #6971,US-82/SR-520,Leesburg,GA,3.109,31.681200,-84.159300
71398,KWIK STAR #1089,SR 415,Polk City,IA,3.159,41.754900,-93.689300
71399,Loves Travel Stop  #809,"I-70 & MO Hwy D, Exit 31",Bates City,MO,3.22066666,39.021900,-94.079800
71401,KWIK TRIP #1169,"I-694, EXIT 52B & SR-36",Saint Paul,MN,3.51566666,44.959586,-93.101595
71402,FIREBIRD FUEL #6196,US-60 & SR-303,Surprise,AZ,3.383,33.637800,-112.385380
71404,Flyers #3200,"I-17, Exit 215B",Phoenix,AZ,3.35233333,33.491612,-112.079255
71405,FLYERS #3201,"US-60, Exit 157",Phoenix,AZ,3.369,33.491612,-112.079255
71406,FLYERS #3203,"I-10, Exit 139",Phoenix,AZ,3.319,33.491612,-112.079255
71407,FLYERS #3204,SR 202,Phoenix,AZ,3.35233333,33.491612,-112.079255
71408,Flyers #3205,"I-17, Exit 195B",Phoenix,AZ,3.38233333,33.491612,-112.079255
71410,Flyers #3213,"US-60, Exit 181",Mesa,AZ,3.35233333,33.414132,-111.771211
71411,Flyers #3214,"I-10, Exit 161C",Chandler,AZ,3.35233333,33.292587,-111.850238
71412,FLYERS #3215,SR 87,Chandler,AZ,3.35233333,33.292587,-111.850238
71413,Flyers #3216,"US 60, Exit 194",Apache Junction,AZ,3.42233333,33.381650,-111.488400
71416,FLYERS #3225,"I-10, Exit 255",Tucson,AZ,3.359,32.225478,-110.944676
71417,Flyers #3227,"I-10, Exit 263A",Tucson,AZ,3.35566666,32.225478,-110.944676
71418,Quick Fuel #3228,"I-10, Exit 264",Tucson,AZ,3.36233333,32.225478,-110.944676
71421,FLYERS #3236,"SR 601, Exit 22",El Paso,TX,3.229,31.722307,-106.343082
71428,KWIK TRIP #1140,SR-69/SR-92 & HWY-CC,Belleville,WI,3.604,42.866900,-89.537700
71429,QUIKTRIP #1432,SR 202 EXIT 76,Phoenix,AZ,3.369,33.491612,-112.079255
71430,QUIKTRIP #7144,US-31W,Goodlettsville,TN,2.91566666,36.332400,-86.717250
71433,Kwik Star #1146,US HWY 151,Cedar Rapids,IA,3.624,42.037379,-91.635886
71434,KWIK STAR #1154,"SR 18 & SR 60, Exit 34",Sheldon,IA,3.199,43.180800,-95.840100
71435,QUIKTRIP #1036,I-85 Exit 40,Charlotte,NC,3.304,35.228770,-80.823747
71436,GOOD 2 GO #213,I-90 EXIT 58 & US-16,Buffalo,WY,3.525,44.348500,-106.707300
71437,GOOD 2 GO #121,I-15 EXIT 113,Idaho Falls,ID,3.479,43.484743,-112.004357
71438,LOVES TRAVEL STOP #893,US-80 & SR-307,Savannah,GA,3.289,32.017756,-81.094239
71439,LOVES TRAVEL STOP #802,I-10 EXIT 26,Milton,FL,3.339,30.641375,-87.085675
71440,MAVERIK COUNTRY STORE #667,"I-90, EXIT 289 & SR-27",Spokane,WA,3.989,47.664696,-117.398543
71440,MAVERIK COUNTRY STORE #667,"I-90, EXIT 289 & SR-27",Spokane,WA,3.999,47.664696,-117.398543
71440,MAVERIK COUNTRY STORE #667,"I-90, EXIT 289 & SR-27",Spokane,WA,3.969,47.664696,-117.398543
71440,MAVERIK COUNTRY STORE #667,"I-90, EXIT 289 & SR-27",Spokane,WA,3.979,47.664696,-117.398543
71441,MAVERIK COUNTRY STORE #678,US-191,Vernal,UT,3.44233333,40.448050,-109.537800
71442,RACETRAC #2597,"I-65, EXIT 91 & US-31W",Elizabethtown,KY,2.919,37.689400,-85.868750
71443,LOVES TRAVEL STOP #810,US-33 & SR-540,Bellefontaine,OH,3.35233333,40.360500,-83.757100
71444,One9 #1318,"I-44, Exit 88",Strafford,MO,2.98566666,37.279700,-93.106600
71445,SPEEDWAY #1051,I-90 & I-94 Exit 69,Mauston,WI,3.299,43.793400,-90.064100
71446,SPEEDWAY #4221,I-80 Exit 292,Davenport,IA,3.749,41.565378,-90.591600
71447,KWIK TRIP #612,SR-116,Winneconne,WI,3.53233333,44.118700,-88.721400
71449,MAVERIK COUNTRY STORE #628,I-15 & CR-215,Las Vegas,NV,3.35566666,36.160013,-115.187527
71450,MAVERIK COUNTRY STORE #664,I-25 EXIT 203,Los Lunas,NM,3.20233333,34.780600,-106.711500
71452,ALLSUPS CONVENIENCE STORE #2016,SR-214 & SR-114,Morton,TX,3.399,33.725100,-102.759400
71453,ALLSUPS CONVENIENCE STORE #2025,US-285,Roswell,NM,3.28566666,33.438433,-104.445000
71454,ALLSUPS CONVENIENCE STORE #2036,SR-18,Hobbs,NM,3.399,32.745700,-103.162100
71455,ALLSUPS CONVENIENCE STORE #2043,US-62,Idalou,TX,2.96566666,33.650400,-101.678600
71456,ALLSUPS CONVENIENCE STORE #2058,"I-40, Exit 332 & SR-209",Tucumcari,NM,3.355,35.168000,-103.717900
71457,ALLSUPS CONVENIENCE STORE #2075,US-70 & SR-6,Crowell,TX,3.199,33.991200,-99.698300
71458,ALLSUPS CONVENIENCE STORE #2082,SR-70,Spur,TX,3.199,33.479000,-100.857100
71460,ALLSUPS CONVENIENCE STORE #2101,SR-136,Fritch,TX,3.149,35.644100,-101.584500
71461,ALLSUPS CONVENIENCE STORE #2111,US-87 &,Texline,TX,2.96566666,36.374000,-102.984500
71462,ALLSUPS CONVENIENCE STORE #2138,CR-61,Hobbs,NM,3.38233333,32.745700,-103.162100
71463,ALLSUPS CONVENIENCE STORE #2146,SR-18,Hobbs,NM,3.21233333,32.745700,-103.162100
71464,ALLSUPS CONVENIENCE STORE #2153,US-277,Haskell,TX,3.539,33.158000,-99.730900
71465,ALLSUPS CONVENIENCE STORE #2173,US-20,Sweetwater,TX,2.84566666,32.472600,-100.397900
71466,ALLSUPS CONVENIENCE STORE #2185,US-380 & 9TH ST,Aspermont,TX,3.36566666,33.130100,-100.234400
71467,ALLSUPS CONVENIENCE STORE #2192,SR-86 & SR-207,Silverton,TX,3.159,34.464100,-101.316900
71468,ALLSUPS CONVENIENCE STORE #2212,SR-6,Stamford,TX,3.129,32.945300,-99.785900
71469,ALLSUPS CONVENIENCE STORE #2227,SR-114,Morton,TX,3.399,33.725100,-102.759400
71470,ALLSUPS CONVENIENCE STORE #2267,"I-20, EXIT 42 & CR-761",Pecos,TX,3.379,31.446700,-103.579100
71471,ALLSUPS CONVENIENCE STORE #2269,SR-524 & CR-658,Carlsbad,NM,3.249,32.376950,-104.266600
71472,ALLSUPS CONVENIENCE STORE #2276,HWY 84 & CR-466,Hermleigh,TX,2.97233333,32.629400,-100.754700
71473,ALLSUPS CONVENIENCE STORE #2378,US-BUS 287 & SR-25,Electra,TX,2.999,34.036200,-98.915500
71474,PILOT #1292,US-290 & SR-21,Paige,TX,3.499,30.185800,-97.119800
71476,KWIK TRIP #493,US HWY 12,Whitewater,WI,3.499,42.827200,-88.742900
71477,KWIK TRIP #1141,SR 54,Luxemburg,WI,3.48233333,44.550600,-87.715600
71478,RACEWAY #6970,SR-1 & Coker Rd,Rome,GA,3.199,34.298300,-85.210160
71479,RACETRAC #118,I-575 & SR-15,Jasper,GA,3.309,34.462000,-84.475900
71480,Loves Travel Stop #836,US-87,Dalhart,TX,3.43566666,36.073200,-102.517700
71481,Loves Travel Stop #843,"I-29, Exit 187",Drayton,ND,3.56566666,48.610400,-97.215600
71482,LOVES TRAVEL STOP #789,"I-15, Exit 277",Great Falls,MT,3.77233333,47.526960,-111.280840
71484,CIRCLE K #2745064,"I-75/SR-401, EXIT 101 & US-280/SR-30",Cordele,GA,2.999,31.936900,-83.784450
71485,Circle K #2709088,US-521 & SR-9,Lancaster,SC,3.299,34.738567,-80.734067
71486,HUCKS FOOD & FUEL #338,US-50/US-150 & US-41 BUS,Vincennes,IN,3.959,38.673400,-87.509800
71486,HUCKS FOOD & FUEL #338 DBA PILOT DEALER #1294,US-50/US-150 & US-41 BUS,Vincennes,IN,3.959,38.673400,-87.509800
71487,LOVES TRAVEL STOP #835,"I-15, EXIT 163 & SR-99",Fillmore,UT,3.685,38.980500,-112.331300
71487,LOVES TRAVEL STOPS #835,"I-15, EXIT 163 & SR-99",Fillmore,UT,3.599,38.980500,-112.331300
71488,LOVES TRAVEL STOP #816,"I-90, EXIT 284",Kimball,SD,3.57066666,43.746700,-98.958400
71490,LOVES TRAVEL STOP #818,"I-20, EXIT 205 & SR-46",Heflin,AL,3.20733333,33.611500,-85.588500
71491,SPEEDWAY #1520,"I-55, EXIT 58 & SR-80",Matthews,MO,3.189,36.715400,-89.628700
71492,LOVES TRAVEL STOP #839,"I-64, EXIT 92",Leavenworth,IN,3.949,38.186500,-86.383800
71493,NEW TRAVEL PLAZA,I-20 EXIT 86,Ruston,LA,3.06566666,32.554367,-92.647200
71494,SPEEDWAY/7FLEET #7008,"I-90, EXIT 48A & SR-77",Corfu,NY,3.889,42.977700,-78.392900
71495,SPEEDWAY #1212,"I-65, EXIT 99 & US-31",Greenwood,IN,3.59733333,39.609200,-86.139950
71496,SPEEDWAY/7fleet #1052,US-30 & SR-57,Orrville,OH,3.499,40.845800,-81.774100
71498,KWIK TRIP #1143,US HWY 45,Antigo,WI,3.50733333,45.131400,-89.141900
71499,KWIK TRIP #1130,US HWY 151/18,Mount Horeb,WI,3.589,43.002000,-89.741400
71500,KWIK TRIP #1114,SR-35,Holmen,WI,3.33066666,43.976100,-91.249700
71502,ROAD RANGER #281,I-20 EXIT 332,Cisco,TX,3.14066666,32.380000,-98.986500
71503,LOVES TRAVEL STOP #093,US-80 & US-400/US-50,Garden City,KS,3.729,37.976900,-100.862100
71504,MAVERIK COUNTRY STORE #378,"I-84/I-15, EXIT 346 & SR-126",Ogden,UT,3.379,41.239508,-111.965408
71505,KWIK TRIP #1029,I-43 & SR-20,East Troy,WI,3.174,42.803500,-88.409200
71506,KWIK STAR #1165,SR-60,Sibley,IA,3.224,43.406900,-95.742400
71509,MAPLEFIELDS IRVING,I-91 & US-2,Saint Johnsbury,VT,3.599,44.427200,-72.005100
71510,RACETRAC #2601,"I-64, Exit 58",Frankfort,KY,2.919,38.226056,-84.873900
71511,RACETRAC #2592,US HWY 29,Athens,GA,3.31233333,33.954480,-83.385650
71512,RACETRAC #2603,Country Road 527,Orlando,FL,3.299,28.517785,-81.307466
71514,LOVES TRAVEL STOP #817,SR-136,Santa Teresa,NM,3.26233333,31.839400,-106.682100
71515,LOVES TRAVEL STOP #824,"I-64 & SR-37, Exit 80",Mount Vernon,IL,3.589,38.317000,-88.910500
71515,LOVES TRAVEL STOP #824,"I-64 & SR-37, Exit 80",Mount Vernon,IL,3.349,38.317000,-88.910500
71515,LOVES TRAVEL STOP #824,"I-64 & SR-37, Exit 80",Mount Vernon,IL,3.449,38.317000,-88.910500
71515,LOVES TRAVEL STOP #824,"I-64 & SR-37, Exit 80",Mount Vernon,IL,3.389,38.317000,-88.910500
71516,LOVES TRAVEL STOP #833,"I-90, EXIT 61 & US-20",Ripley,NY,3.879,42.248200,-79.712100
71517,7-ELEVEN #41905,I-85 & CR-2120,Salisbury,NC,3.749,35.658650,-80.482425
71518,SPEEDWAY/7Fleet #9305,SR-18 & SR-1,Forrest City,AR,3.174,35.008600,-90.789200
71519,SPEEDWAY #1506,US-231 & SR-271,Montgomery,AL,3.04233333,32.302591,-86.244524
71520,KWIK TRIP #1104,SR-35/65 & SR-29,River Falls,WI,3.40566666,44.855000,-92.631300
71521,KWIK TRIP #1065,US-12 & SR-89,Whitewater,WI,3.424,42.827200,-88.742900
71522,Y NOT STOP BARBER SPUR,SR-10 & SR-13,Ville Platte,LA,3.499,30.692400,-92.273700
71523,QUIKTRIP #7170,I-59 EXIT 77,Cottondale,AL,2.91566666,33.176700,-87.387100
71524,Loves Travel Stop #813,"I-77, Exit 112",North Canton,OH,3.62733333,40.798900,-81.378400
71525,LOVES TRAVEL STOP #796,"I-40, EXIT 432B & U-25W/US-411/US-70",Newport,TN,3.689,35.960700,-83.195200
71526,LOVES TRAVEL STOP #820,"I-90, EXIT 41 & SR-414",Waterloo,NY,4.149,42.904500,-76.875500
71527,D & C FUEL EAST,US-6/SR-92,Tunkhannock,PA,3.699,41.538700,-75.946600
71528,GOOD 2 GO #218,I-90 EXIT 25 & US-14,Sheridan,WY,3.44233333,44.784900,-106.964800
71529,Kwik Trip #1161,US-BUS 53,Eau Claire,WI,3.40733333,44.809967,-91.500700
71531,BERT'S TRAVEL PLAZA,SR-33,Wellsville,KS,3.31566666,38.713700,-95.091600
71534,GOLDEN GATE - YERINGTON,SR-339 & US-95 ALT,Yerington,NV,3.71566666,38.986600,-119.159600
71535,GOLDEN GATE BATTLE MOUNTAIN,"I-80, EXIT 233",Battle Mountain,NV,3.339,40.622000,-116.955400
71536,PILOT TRAVEL CENTERS  #1106,"I-25/US-85, EXIT 215 & SR-47",Albuquerque,NM,3.56566666,35.077348,-106.644838
71542,CIRCLE K #2706625,US-85,Eaton,CO,3.399,40.527300,-104.714600
71543,THE SOCO GROUP #4,SR-111,El Centro,CA,4.839,32.792050,-115.629600
71555,Kwik Trip #307,SR-35/US-18,Prairie Du Chien,WI,3.599,43.042600,-91.119300
71556,KWIK TRIP #1167,"HWY 29, EXIT 108",Thorp,WI,3.45233333,44.957300,-90.802900
71557,MUSKOGEE TRAVEL PLAZA,US-69,Muskogee,OK,3.01566666,35.737033,-95.384000
71558,ALLSUPS #2384,US-60,Friona,TX,2.994,34.641700,-102.724100
71559,ALLSUPS CONVENIENCE STORE #2228,US-83 & CR-613,Tuscola,TX,2.91733333,32.235000,-99.824400
71560,CIRCLE K #2709675,"I-25, EXIT 41 & SR-543/SR-26",Hatch,NM,3.799,32.658300,-107.159000
71561,ABBOTTS TRAVEL CENTER,I-35 EXIT 359,Abbott,TX,3.06566666,31.891600,-97.067100
71562,PILOT #1317,I-90 EXIT 28,Fultonville,NY,3.999,42.903600,-74.359800
71563,Kwik Star #1081,SR-9,Decorah,IA,3.579,43.322700,-91.793900
71564,GRAB N GO,SR-200 & SR-22,Killdeer,ND,3.549,47.410900,-102.776200
71565,CIRCLE K #2741253,"SR 375, Exit 39",El Paso,TX,3.19566666,31.722307,-106.343082
71566,Mankato Travel Center,US HWY 14 & SR 22,Mankato,MN,3.499,44.176700,-94.033133
71567,PRIDE CONVENIENCE STORE,"I-91, EXIT 40 & SR-20",East Granby,CT,3.649,41.932200,-72.745900
71568,QUIKTRIP #294,I-35,Gardner,KS,2.999,38.807500,-94.915700
71570,STEELE 66 TRUCK PLAZA,Hwy O & CR-425,Steele,MO,3.399,36.091500,-89.834600
71571,RACETRAC #2587,I-75 & US-98,Brooksville,FL,3.299,28.542129,-82.430657
71572,7-ELEVEN #41525,US-460 & SR-630,Disputanta,VA,2.999,37.148300,-77.273200
71573,RACETRAC #2588,I-4 & US-301,Tampa,FL,3.299,27.942862,-82.462038
71574,RACETRAC #2594,US-441,Dublin,GA,2.999,32.499700,-82.926550
71575,Racetrac #2308,SR-161,Irving,TX,2.93566666,32.849633,-96.933775
71576,RACETRAC #2429,SR-161,Irving,TX,2.90066666,32.849633,-96.933775
71577,TOOT N TOTUM #130,US-87 & Dorsey Rd,Clayton,NM,3.199,36.441400,-103.188800
71578,RACETRAC #2595,I-65 EXIT 284,Alabaster,AL,2.999,33.193400,-86.794400
71579,KWIK TRIP #1138,SR 28,Sheboygan,WI,3.24233333,43.758967,-87.703133
71580,MAVERIK COUNTRY STORE #676,"I-15/I-84, EXIT 376 & SR-13",Tremonton,UT,3.444,41.701600,-112.181300
71582,LOVES TRAVEL STOP #847,US-601 & SR-207,Pageland,SC,3.38566666,34.772200,-80.396600
71583,CIRCLE K #2706993,SR 27 N,Lake Wales,FL,3.799,27.880633,-81.592900
71586,ALLTOWN FRESH,US-9 & SR-23,Livingston,NY,3.699,42.142100,-73.757400
71586,ALLTOWN FRESH,US-9 & SR-23,Livingston,NY,3.659,42.142100,-73.757400
71590,TA SPRINGER,I-25 EXIT 419,Springer,NM,3.529,36.376700,-104.592700
71592,THE WOODSHED,US-59 & SR-10,Welch,OK,3.099,36.902000,-95.129500
71594,BP,US-20 & SR13,Middlebury,IN,3.799,41.675400,-85.711400
71595,Hucks Market #100,US-36,Hannibal,MO,3.13233333,39.706400,-91.383900
71596,ALLSUPS #2379,US-70/US-380,Tinnie,NM,3.359,33.370600,-105.226400
71597,Allsups #2380,US-84,Sudan,TX,3.199,34.069700,-102.525500
71598,Allsups #2381,SR-199,Azle,TX,2.919,32.899600,-97.552400
71600,TA EXPRESS #290,"I-45, EXIT 198 & FM-27",Fairfield,TX,3.439,31.736100,-96.157200
71601,Circle K #2723479,"I-40, EXIT 306B & US-70",Garner,NC,3.369,35.681300,-78.597500
71603,FLYERS #3223,US-70/191,Safford,AZ,3.86233333,32.813250,-109.689400
71604,MAVERIK COUNTRY STORE #669,"I-80, Exit 113 & SR-172",Salt Lake City,UT,3.44566666,40.709875,-111.888812
71605,Allsups Convenience Store #2377,US-70 & US-54,Alamogordo,NM,3.06233333,32.896350,-105.954400
71606,Allsups #2396,HWY 62 82 179,Wolfforth,TX,2.91566666,33.505900,-102.009100
71607,Loves Travel Stop #827,"I-90, Exit 174",Moses Lake,WA,3.889,47.137400,-119.289100
71608,Loves Travel Stop #842,"I-194, eXIT 164",Saint Cloud,MN,3.29066666,45.559164,-94.164900
71609,QUIKTRIP #73,"US-75, US 62",Henryetta,OK,3.02566666,35.462200,-96.012200
71610,FRIENDLY GUS #25,US-80 & SR-338,Dudley,GA,3.83233333,32.525900,-83.089900
71612,RACEWAY #6898,"I-95, EXIT 373 & HWY A1A",Yulee,FL,3.27066666,30.622750,-81.590400
71614,7-ELEVEN #41808,"I-85, EXIT 106 & US-29",Blacksburg,SC,3.359,35.109500,-81.494200
71615,HUTCHS #128,US-62 & US-281/SR-8,Anadarko,OK,2.999,35.072800,-98.242900
71616,ALLSUPS CONVENIENCE STORE #2382,"I-20, EXIT 366 & US-281",Mineral Wells,TX,2.94566666,32.808500,-98.112800
71617,CIRCLE K #2709087,US-98/US-19,Chiefland,FL,3.58233333,29.471700,-82.868100
71618,Loves Travel Stop #837,"I-35, Exit 52",Cameron,MO,3.689,39.730900,-94.243700
71619,7-ELEVEN # 41365,"I-840/I-785, EXIT 18 & US-70",Greensboro,NC,3.199,36.078600,-79.803561
71621,TOOT N TOTUM #127,"I-27, Exit 49B",Plainview,TX,2.89566666,34.132550,-101.776450
71622,Circle K #2706628,SR-193 & SR-163,Theodore,AL,3.39233333,30.516200,-88.217000
71623,Circle K #2706637,US-43,Grove Hill,AL,3.719,31.708800,-87.777200
71624,MAVERIK COUNTRY STORE #681,"I-80, Exit 410",West Wendover,NV,3.38566666,40.739100,-114.073300
71625,MAVERIK COUNTRY STORE #679,US-160/285 & SR-17,Alamosa,CO,3.349,37.473150,-105.880200
71627,QUIKTRIP #1730,I-75 EXIT 185,Forsyth,GA,3.089,33.050800,-83.936200
71628,QUIKTRIP #7171,I-65 EXIT 231,Calera,AL,2.999,33.109800,-86.756000
71629,KWIK TRIP #1139,SR-95 & SR-65,Cambridge,MN,3.399,45.557600,-93.288900
71630,CIRCLE K #2701524,"US-52, Exit 134 & SR-268",Pilot Mountain,NC,3.429,36.410900,-80.492100
71631,RACEWAY #6891,SR-20 & SR-67,Decatur,AL,3.099,34.591140,-86.987800
71632,Loves Travel Stop #819,SR-21 & SR-275,Rincon,GA,3.33066666,32.296000,-81.235400
71634,76,"US HWY 278, US HWY 45",Tupelo,MS,3.149,34.239550,-88.734500
71635,Racetrac #2610,US-231,Murfreesboro,TN,3.049,35.841400,-86.414229
71636,RACETRAC #2580,US-41 & SR-268,Murfreesboro,TN,3.03233333,35.841400,-86.414229
71637,HORSESHOE #4,SR-114,Smyer,TX,2.959,33.591800,-102.169200
71638,QUIKTRIP #4032,"I-35, EXIT 176",Schertz,TX,2.91566666,29.579000,-98.277800
71639,PAR MAR FOOD STORE #13,"I-77, EXIT 1 & SR-7",Hannibal,OH,3.899,39.667300,-80.872000
71640,RACETRAC #2544,SR-81 & SR-316,Bethlehem,GA,3.31233333,33.926100,-83.728200
71641,76,I-17,Phoenix,AZ,3.23233333,33.491612,-112.079255
71642,MAVERIK COUNTRY STORE #398,HWY 89 & LAKE POWELL BLVD,Page,AZ,3.45566666,36.914700,-111.455800
71643,Pilot #1319,I-35 Exit 30,Alvarado,TX,3.20566666,32.439500,-97.213000
71644,CHISUM TRAVEL CENTER #38,I-20 EXIT 210,Colorado City,TX,2.92566666,32.398700,-100.860900
71646,SPEEDWAY #6542,"I-10, Exit 192",Midway,FL,3.599,30.485000,-84.476800
71647,QUIKTRIP #667,I-44 Exit 189,Rolla,MO,2.98233333,37.950433,-91.767633
71648,QUIKTRIP #7149,I-24 Exit 8,Clarksville,TN,2.91566666,36.525360,-87.354700
71649,Allsups Convenience Store #2385,US-183 & US-180,Breckenridge,TX,3.30733333,32.753200,-98.909900
71650,ALLSUPS CONVENIENCE STORE #2405,SR-208 & SR-158,Robert Lee,TX,3.26566666,31.895100,-100.510400
71651,QUIKTRIP #4151,"I-35, Exit 220",Buda,TX,2.91566666,30.091800,-97.853400
71652,CIRCLE K #4705575,SR-261,Akron,OH,3.769,41.079385,-81.528452
71653,MAVERIK COUNTRY STORE #701,US-160,Durango,CO,3.299,37.226100,-107.877567
71654,LOVES TRAVEL STOP  #851,"I-39/US-51, EXIT 111 & SR-72",Monroe Center,IL,3.749,42.105000,-89.016900
71655,79 ONE STOP,SR-62 & SR-37,Saint Croix,IN,3.499,38.183400,-86.605800
71656,CASEYS #3268,US-59 & SR-119,Appleton,MN,3.44566666,45.205400,-95.994900
71657,CASEYS #2855,US HWY 63,Cabool,MO,3.259,37.131400,-92.114400
71659,Loves Travel Stop #646,"I-84, Exit 71",Willington,CT,4.359,41.896600,-72.262200
71661,Loves Travel Stop #822,"I-40,  Exit 57 & S Crawford St",Clarksville,AR,3.39233333,35.490800,-93.491100
71662,PUMP & PANTRY #33,SR-22/39,Genoa,NE,3.289,41.446800,-97.764000
71663,Allsups #2388,I-27 & SR-217,Canyon,TX,2.90066666,34.978750,-101.921750
71664,RUTTERS #95,SR-9,Martinsburg,WV,3.999,39.466000,-77.953640
71666,Circle K#2746513,SR-13/SIOUX TRL,Savage,MN,3.799,44.761500,-93.343400
71667,7-Eleven #38986,"I-75, EXIT 301 & US-98",Brooksville,FL,3.399,28.542129,-82.430657
71668,7-ELEVEN #41572,I-77 & US-70,Statesville,NC,2.859,35.815567,-80.889033
71672,7-ELEVEN #41573,US-67,Glen Rose,TX,3.589,32.229800,-97.762900
71673,7-ELEVEN #41792,"I-85, EXIT 27",Anderson,SC,2.959,34.481933,-82.701850
71674,Kwik Trip #1177,SR-65,Cambridge,MN,3.424,45.557600,-93.288900
71676,CIRCLE K #4702409,US-52,Lafayette,IN,3.15733333,40.376883,-86.871600
71679,TOOT N TOTUM #22,FM 1541 & FM 1151,Amarillo,TX,2.96733333,35.253452,-101.865656
71680,Alexs Shelby Truck Stop,US HWY 278 & SR 32,Shelby,MS,3.199,33.949100,-90.762500
71681,WASPYS TRUCK STOP,US-71,Audubon,IA,3.31566666,41.730000,-94.916400
71682,Gas N Wash,"SR 83, SR 50, I-294",Alsip,IL,3.399,41.672100,-87.735700
71682,Gas N Wash,"SR 83, SR 50, I-294",Alsip,IL,3.499,41.672100,-87.735700
71682,Gas N Wash,"SR 83, SR 50, I-294",Alsip,IL,3.299,41.672100,-87.735700
71683,GAS N WASH,US HWY 6,Joliet,IL,3.799,41.513350,-88.070750
71685,ON THE ROAD 110,US-59,Diboll,TX,3.199,31.195000,-94.772900
71686,Allsups #2391,I-20 Exit 269,Merkel,TX,2.87566666,32.444400,-99.992400
71687,ALLSUPS #2386,I-20 EXIT 216,Colorado City,TX,2.94233333,32.398700,-100.860900
71688,KWIK TRIP #1151,"I-90, EXIT 183 & CR-BT",Beloit,WI,3.374,42.535150,-89.058900
71689,KWIK TRIP #1108,"I-41/US-45, EXIT 52 & SR-164",Colgate,WI,3.24733333,43.199800,-88.240600
71691,ALLSUPS #2399,US-287 & SR-207,Claude,TX,2.929,35.096700,-101.381300
71692,GXP #200,"I-85/SR-403, EXIT 140 & SR-82",Jefferson,GA,3.239,34.106200,-83.570800
71694,J&H Family Store,"I-96, Exit 19",Coopersville,MI,3.599,43.060100,-85.951700
71694,J&H Family Store,"I-96, Exit 19",Coopersville,MI,3.499,43.060100,-85.951700
71695,KWIK TRIP #1126,US-14/US-61,La Crosse,WI,3.384,43.851767,-91.211167
71696,SUPER SAVE #10,I-220 EXIT 1A,Shreveport,LA,3.199,32.553066,-93.759937
71697,LOVES TRAVEL STOP #829,I-80 EXIT 81,Brookville,PA,4.019,41.162700,-79.081600
71698,Kwik Star #1142,hwy 6,Iowa City,IA,3.134,41.640117,-91.553900
71699,KWIK TRIP #597,"I-94, EXIT 344 & SR-31",Kenosha,WI,3.744,42.582680,-87.845580
71700,ARCO,US-19/US-98/US-27Alt & CR-30A,Perry,FL,3.699,30.066650,-83.637700
71701,CIRCLE K #2746510,SR 32,De Pere,WI,3.349,44.438800,-88.080600
71702,SHOP AND SAVE,US-220 & CR-734,Ridgeway,VA,3.909,36.587400,-79.868600
71704,QUIKTRIP #962,"I-30, Exit 61A",Garland,TX,2.89733333,32.908978,-96.639167
71705,STRIPES #41980,"I-37, EXIT 11A",Corpus Christi,TX,3.199,27.762360,-97.434843
71706,QUIKTRIP #1176,I-77Exit 2,West Columbia,SC,3.309,33.944250,-81.142150
71707,QUARLES #4437,US HWY 30,Lancaster,PA,3.999,40.040745,-76.309118
71708,QUARLES #4936,I-95 Exit 69,Richmond,VA,3.699,37.528023,-77.474238
71709,MAPCO EXPRESS #7553,SR 153 EXIT 2,Chattanooga,TN,2.994,35.041390,-85.283515
71710,KWIK STAR #1180,SR-141,Perry,IA,3.06066666,41.839700,-94.102200
71712,MAVERIK COUNTRY STORE #693,"I-70, Exit 160 & hwy 191",Green River,UT,3.28233333,39.000200,-110.159800
71713,Pilot #1383,"I-555, Exit 39",Jonesboro,AR,3.489,35.806140,-90.717060
71713,Pilot Dealer #1383,"I-555, Exit 39",Jonesboro,AR,3.439,35.806140,-90.717060
71714,RACETRAC #2576,SR-997 & SR-994,Miami,FL,3.28733333,25.768995,-80.258580
71715,Allsups Convenience Store #2401,US-87,San Angelo,TX,3.19566666,31.460629,-100.443057
71716,Allsups #2404,US-62,Carlsbad,NM,3.194,32.376950,-104.266600
71717,Kwik Trip #1199,US-14,Darien,WI,3.199,42.597300,-88.750800
71718,KWIK STAR #1158,US-30,Ames,IA,3.174,42.033920,-93.609860
71719,LOVES TRAVEL STOP #832,"I-35, EXIT 129",Forest Lake,MN,3.36233333,45.268500,-92.974900
71721,HUCKS FOOD & FUEL #314,US-50/150,Washington,IN,3.46233333,38.653600,-87.170700
71722,MAVERIK #5392,FM-16,Keenesburg,CO,3.154,40.095800,-104.446400
71723,ALLSUPS CONVENIENCE #2398,SR-70,Pampa,TX,3.079,35.535700,-100.956950
71724,ALLSUPS CONVENIENCE #2403,US-180,Mineral Wells,TX,3.00566666,32.808500,-98.112800
71725,Allsups Convenience Store #2406,US-67,Rankin,TX,3.499,31.226600,-101.944100
71726,Kwik Trip #1152,US HWY 169,Saint Peter,MN,3.724,44.335100,-93.981100
71735,Loves Travel Stop #811,US-395,Pasco,WA,4.589,46.242100,-119.099350
71735,Love's #811,US-395,Pasco,WA,4.589,46.242100,-119.099350
71736,Racetrac #2312,US-41/SR-92,Acworth,GA,3.209,34.073150,-84.618550
71737,RACETRAC #2605,"I-295, EXIT 25",Jacksonville,FL,3.249,30.311931,-81.653317
71738,KWIK TRIP #1196,"US-151, EXIT 21",Platteville,WI,3.514,42.739300,-90.485400
71739,TA EXPRESS #418,"I-16/SR-404, EXIT 116 & US-301/25",Register,GA,3.28566666,32.338200,-81.872800
71740,SPRINT FOODS #735,US-78/US-1 & SR-19,Aiken,SC,3.17233333,33.565667,-81.663400
71741,SPRINT FOOD STORE #733,"I-20, EXIT 183 & US-221",Harlem,GA,3.599,33.417000,-82.309700
71769,DUCK THRU FOOD STORE #60,US HWY 64,Spring Hope,NC,3.469,35.930200,-78.108500
71770,ONVO TRAVEL PLAZA,"I-81, Exit 155",Mountain Top,PA,3.58733333,41.135000,-75.937600
71771,BREAK TIME #3170,SR-13 & HWY-T,Bolivar,MO,3.374,37.608500,-93.412600
71772,Kwik Trip #1137,US-8,Saint Croix Falls,WI,3.524,45.509700,-92.611700
71773,KWIK STAR #710,US-30 EXIT-202,Toledo,IA,3.399,42.007700,-92.566200
71774,CASEYS #4292,1020 5TH ST,Carrollton,IL,3.289,39.300900,-90.409200
71774,CASEYS #4292,1020 5TH ST,Carrollton,IL,3.239,39.300900,-90.409200
71774,CASEYS #4292,1020 5TH ST,Carrollton,IL,3.429,39.300900,-90.409200
71775,Caseys #3950,US-270 & US-54,Liberal,KS,3.319,37.032700,-100.933300
71776,QUIKTRIP #7172,"I-85/US-29, EXIT 58 & SR-169",Opelika,AL,2.999,32.611450,-85.354400
71779,TCI PHOENIX,"I-10, EXIT 138 & US-202, EXIT 76",Phoenix,AZ,2.92233333,33.491612,-112.079255
71784,7-ELEVEN #41750,I-4 & SR-33,Lakeland,FL,3.289,28.042908,-81.964385
71785,7-ELEVEN #41266,I-81 & SR-924,Hazleton,PA,3.839,40.949700,-76.002500
71786,SHEETZ #751,I-76 EXIT 91,Donegal,PA,3.259,40.099600,-79.381000
71787,PUMP & PANTRY #55,US-159 & US-73,Falls City,NE,3.239,40.074200,-95.593100
71792,KWIK TRIP #1147,US-71 & SR-60,Windom,MN,3.349,43.883100,-95.137300
71793,QUARLES #4602,"SR-267, EXIT 8B & SR-606",Sterling,VA,3.659,39.012800,-77.423100
71794,KWIK TRIP #1174,US-51 & US-2,Ironwood,MI,3.479,46.463800,-90.158800
71794,KWIK TRIP #1174,US-51 & US-2,Ironwood,MI,3.139,46.463800,-90.158800
71794,KWIK TRIP #1174,US-51 & US-2,Ironwood,MI,3.459,46.463800,-90.158800
71794,KWIK TRIP #1174,US-51 & US-2,Ironwood,MI,3.159,46.463800,-90.158800
71794,KWIK TRIP #1174,US-51 & US-2,Ironwood,MI,3.179,46.463800,-90.158800
71795,CIRCLE  K #2654290,I-85 EXIT 13,Lagrange,GA,3.899,33.031633,-85.026867
71797,KWIK STAR #1186,"I-80/US-6, EXIT 142 & US-65",Altoona,IA,3.199,41.647500,-93.472400
71798,Space Age #202,"I-5, EXIT 52",Castle Rock,WA,3.659,46.278300,-122.913900
71800,Stuckeys Travel Plaza,"I-44, EXIT 179",Newburg,MO,2.97233333,37.900800,-91.880700
71801,Love's Travel Stop #869,US HWY 75,Le Mars,IA,3.45566666,42.796200,-96.170400
71802,ALLSUPS #2407,I-10 EXIT 259,Fort Stockton,TX,3.029,30.890800,-102.879900
71803,KENT KWIK #321,I-20 EXIT 143,Midland,TX,2.94066666,31.939173,-102.066982
71804,GAS N WASH,I-88 EXIT 114,Montgomery,IL,3.599,41.717700,-88.332000
71805,RACETRAC #2583,I-24E,La Vergne,TN,2.899,35.936150,-86.490500
71806,RACETRAC #2600,SR-70,Okeechobee,FL,3.299,27.288133,-80.872067
71807,KWIK TRIP #1270,SR-172,Green Bay,WI,3.29066666,44.492967,-88.025892
71808,WEIGELS #100,SR 153,Chattanooga,TN,3.01566666,35.041390,-85.283515
71811,7-ELEVEN #41826,SR-722 & SR-283,Lancaster,PA,4.129,40.040745,-76.309118
71812,KWIK TRIP #1198,I-43 & Hwy AA,Oostburg,WI,3.24233333,43.622900,-87.797000
71813,Kweik Star #1156,SR-150 & SR-3,Oelwein,IA,3.58233333,42.681100,-91.913100
71814,TEX-BEST #531,US-90,Uvalde,TX,2.874,29.220450,-99.786250
71815,MAVERIK COUNTRY STORE #688,I-15 EXIT 339,Ogden,UT,3.38566666,41.239508,-111.965408
71816,MAVERIK COUNTRY STORE #694,I-15 EXIT 222,Nephi,UT,3.40566666,39.692300,-111.835900
71817,KWIK TRIP #1128,US-12,Altoona,WI,3.33233333,44.802100,-91.438200
71818,TA EXPRESS RIVERTON #433,I-72 EXIT 108,Riverton,IL,3.469,39.866300,-89.508700
71818,TA EXPRESS RIVERTON #433,I-72 EXIT 108,Riverton,IL,3.439,39.866300,-89.508700
71818,TA EXPRESS RIVERTON #433,I-72 EXIT 108,Riverton,IL,3.409,39.866300,-89.508700
71822,DK,SR 176,Lenorah,TX,3.53233333,32.304600,-101.876200
71823,MARKER 126,US HWY 20,Duncombe,IA,3.059,42.449300,-94.059200
71824,QuikTrip #4052,US 181 S,San Antonio,TX,2.92233333,29.464699,-98.498407
71826,KWIK TRIP #1183,US-2,Bessemer,MI,3.159,46.480200,-90.051500
71826,KWIK TRIP #1183,US-2,Bessemer,MI,3.139,46.480200,-90.051500
71826,KWIK TRIP #1183,US-2,Bessemer,MI,3.179,46.480200,-90.051500
71826,KWIK TRIP #1183,US-2,Bessemer,MI,3.479,46.480200,-90.051500
71826,KWIK TRIP #1183,US-2,Bessemer,MI,3.459,46.480200,-90.051500
71827,KWIK TRIP #1188,US-12,Cokato,MN,3.474,45.074800,-94.191100
71828,KWIK TRIP #1209,SR-42,Sturgeon Bay,WI,3.58233333,44.843800,-87.375300
71829,KWIK TRIP #1043,US-53/SR-194,Duluth,MN,3.499,46.786400,-92.126557
71830,One9 #1330,"I-40/US-63, EXIT 216 & US-49",Brinkley,AR,3.199,34.878100,-91.188600
71830,One9 Travel Center #1330,"I-40/US-63, EXIT 216 & US-49",Brinkley,AR,3.199,34.878100,-91.188600
71831,Loves Travel Stop #865,"I-35, Exit 186",Perry,OK,3.389,36.287500,-97.284200
71832,SHEETZ #753,SR 3,Seville,OH,3.08233333,41.022700,-81.856200
71833,Circle K #2706636,US HWY 43,Jackson,AL,3.899,31.513100,-87.867200
71835,CUZZS TRAVEL DEPOT,US 43 N,Thomasville,AL,3.599,31.906700,-87.759800
71836,DUCK THRU FOOD STORE #59,US 13 EXIT 119,Greenville,NC,3.499,35.591020,-77.376860
71837,RUTTERS #86,"US-15, EXIT 17 & SR-26",Frederick,MD,3.899,39.422200,-77.407600
71838,RUTTERS #24,SR-74 & SR-2069,Brogue,PA,4.099,39.860800,-76.467300
71839,RUTTERS #92,US-222 & SR-737,Kutztown,PA,3.699,40.521400,-75.777400
71840,NEON MARKETPLACE,"SR-79, EXIT 10",Fall River,MA,3.949,41.697120,-71.152080
71841,Quick Fuel #3193,US-69,Kansas City,KS,3.34566666,39.104587,-94.692920
71844,HD EXPRESS MART,US 20,Clyde,OH,3.379,41.302400,-82.991800
71845,ALLSUPS #2424,US 180,Millsap,TX,2.984,32.745700,-97.956100
71848,CLIFTON SUPER STOP,"I-16, EXIT 104",Metter,GA,3.249,32.401000,-82.060700
71849,TOOT N TOTUM #128,I-40 EXIT 57,Amarillo,TX,3.089,35.253452,-101.865656
71850,CEDAR GROVE OASIS,"I-43, Exit 113",Cedar Grove,WI,3.239,43.575100,-87.840100
71851,PWI #164,I-35/US-77 & FM-3115,Abbott,TX,2.89233333,31.891600,-97.067100
71852,KWIK TRIP #1164,US-63,Spooner,WI,3.599,45.850500,-91.915500
71853,Landmark Travel Center,I-20 EXIT 301,Clyde,TX,2.90066666,32.380300,-99.518400
71854,EXXON DBA Pilot #1289,US 75 EXIT 72,Denison,TX,3.239,33.730950,-96.536550
71855,BYRNE DAIRY #136,I-90 Exit 37,Liverpool,NY,3.659,43.094700,-76.202733
71856,GO TIME #7,"I-75, EXIT 29",Corbin,KY,2.999,36.935900,-84.102600
71857,QUIKTRIP #1196,"I-20, EXIT 11 & SR-144",Graniteville,SC,3.159,33.563000,-81.814700
71858,QUIKTRIP #7224,"I-20, EXIT 112",West Monroe,LA,2.89233333,32.493033,-92.173600
71859,ALLSUPS #2415,SR 6,Meridian,TX,2.96566666,31.929000,-97.644300
71860,PILOT #1347,"I-59, EXIT 5A",Pearl River,LA,3.164,30.394400,-89.773200
71862,Loves Travel Stop #863,I-90 & SR-528,Madison,OH,3.849,41.805400,-81.058800
71864,MPC #30,"I-44, Exit 195",Saint James,MO,2.98566666,38.005600,-91.607600
71865,RACETRAC #574,"I-30, EXIT 68",Rockwall,TX,2.924,32.917600,-96.425650
71866,RACETRAC #2615,"I-65, EXIT 128",Louisville,KY,2.919,38.208448,-85.696306
71867,HOLIDAY STATIONSTORE #2653855,US-12,Aberdeen,SD,3.10733333,45.527850,-98.418800
71868,RACETRAC #2456,SR-44 & CR-491,Lecanto,FL,3.31566666,28.855450,-82.498150
71869,PORT FUEL CENTER,"I-516, EXIT 7B & SR-21",Port Wentworth,GA,3.18233333,32.149100,-81.163200
71870,Circle K #2706479,US-280,Sylacauga,AL,3.799,33.173650,-86.314350
71871,KWIK TRIP #1133,US-10 & SR-85,Durand,WI,3.43066666,44.630000,-91.929500
71872,KWIK STAR #1189,"I-80, EXIT 110",De Soto,IA,3.224,41.520800,-94.030300
71873,KWIK TRIP #1182,"I-35E, EXIT 123B",Hugo,MN,3.37733333,45.182400,-92.945200
71874,Rutters #85,I-76 & US-30,Bedford,PA,4.099,39.990800,-78.526100
71875,LOVES TRAVEL STOP #615,US-59 & US-79,Carthage,TX,3.10233333,32.154400,-94.352700
71876,LOVES TRAVEL STOP #861,"I-75, EXIT 72 & SR-72",Loudon,TN,3.58733333,35.729200,-84.343600
71877,LOVES TRAVEL STOP #859,"I-80, EXIT 116 & US-6",Morris,IL,3.789,41.367200,-88.417800
71878,LOVES TRAVEL STOP #872,SR-78 & CR-27,Lancaster,OH,3.27566666,39.718700,-82.603100
71879,Gas N Wash Schoolhouse,FM-74,New Lenox,IL,3.699,41.506700,-87.963100
71883,QUIKTRIP #4178,SR-130,Hutto,TX,2.91566666,30.525700,-97.567200
71886,QUIKTRIP #7136,US-17,Brunswick,GA,3.074,31.210400,-81.509100
71887,SHELL,I-80 & SR-63,Greenwood,NE,3.399,40.970600,-96.425800
71888,KJS ALPINE,US HWY 26,Alpine,WY,3.799,43.163500,-111.018000
71889,Payson Cardlock,SR 260 & SR 87,Payson,AZ,3.709,34.238650,-111.287800
71890,Carter Flagstaff Cardlock (Bulk Plant),I-40 Exit 198,Flagstaff,AZ,3.689,35.193400,-111.644817
71892,Tropic Fleet Bradenton Cardlock,US 301,Bradenton,FL,3.499,27.449547,-82.495940
71893,Tropic Fleet Rechtien Cardlock,SR-934,Miami,FL,3.471,25.768995,-80.258580
71894,Majors 663 Nacogdoches Truck Plaza,US-259 & US-59,Nacogdoches,TX,3.029,31.651680,-94.616300
71897,ONE9 XPRESS FUEL #1349,I-10 EXIT 140B,Van Horn,TX,3.459,31.039100,-104.824500
71898,Loves Travel Stop #867,I-55 Exit 165,Normal,IL,3.389,40.511350,-88.993150
71898,Loves Travel Stop #867,I-55 Exit 165,Normal,IL,3.489,40.511350,-88.993150
71899,LOVES TRAVEL STOP #882,US-61/SR-92,Muscatine,IA,3.439,41.430400,-91.050900
71902,MURPHY EXPRESS #8928,FM-1472,Laredo,TX,2.84566666,27.518557,-99.461743
71903,ALLSUPS #2412,SR 199 W,Springtown,TX,2.919,32.966000,-97.683600
71904,SHEETZ #745,I-90 EXIT 212,Madison,OH,3.08233333,41.805400,-81.058800
71906,COMPASS TRAVEL CENTER,"I-65, EXIT 230",Demotte,IN,3.24233333,41.171300,-87.249100
71909,RACETRAC #2604,I-75 Exit 126,Mcdonough,GA,3.199,33.463900,-84.104700
71910,KWIK TRIP #793,"I-35, EXIT 59",Faribault,MN,3.424,44.294500,-93.281800
71911,MAVERIK COUNTRY STORE #706,SR-10,Castle Dale,UT,3.439,39.212200,-111.019600
71912,FUEL CITY WYLIE,SR-78,Wylie,TX,2.96566666,33.004100,-96.539400
71913,Circle K #4702456,I-69,Martinsville,IN,3.599,39.477600,-86.466800
71914,HUCKS FOOD & Fuel #309,I-169 Exit 8,Hopkinsville,KY,3.474,36.863850,-87.488150
71916,Spinx 317,US-17 ALT,Moncks Corner,SC,3.31233333,33.197100,-80.023300
71919,THE SPORTSMAN 2 TRAVEL PLAZA,I-35 EXIT 480,Sanger,TX,2.97566666,33.356300,-97.181400
71922,Plaza of The Flint Hills,I-70 Exit 32B,Alma,KS,3.299,39.009200,-96.292300
71923,SHEETZ #740,US-23  & SR-752,Ashville,OH,3.10233333,39.731600,-82.944600
71924,JIFFY,I-80 Exit 60,Shippenville,PA,4.13233333,41.247500,-79.433200
71925,QUIKTRIP #7140,"I-24, EXIT 175 & US-41",Chattanooga,TN,2.91566666,35.041390,-85.283515
71926,QUIKTRIP #186,SR-150,Grandview,MO,3.199,38.881900,-94.520500
71927,Allsups Convenience #2420,US 283,Altus,OK,2.979,34.643250,-99.327250
71929,STUCKEYS TRAVEL CENTER,I-10 & FM-365,Beaumont,TX,2.824,30.090154,-94.144269
71931,QUIKTRIP #7071,I-75 & SR-133/401,Valdosta,GA,3.03233333,30.842343,-83.269800
71932,MCCLURE OIL #60,US 35,Logansport,IN,3.799,40.760400,-86.359900
71933,RHODES CONVENIENCE STORES,US-62,Sikeston,MO,3.35066666,36.891100,-89.582000
71934,SHEETZ #759,I-71 & SR-734,Jeffersonville,OH,3.06566666,39.659000,-83.568700
71935,SPEEDWAY #1695,I-87 EXIT 23,Albany,NY,3.849,42.658598,-73.763798
71936,QUIKTRIP #7907,I-44 EXIT 1D,Wichita Falls,TX,2.859,33.906150,-98.504638
71937,KWIK TRIP #1173,CR-10,Waconia,MN,3.60733333,44.851000,-93.778400
71941,RACETRAC #2628,I-85 EXIT 62 & US-280,Opelika,AL,2.999,32.611450,-85.354400
71942,BYRNE DAIRY #135,I-81 & SR-481,Liverpool,NY,4.199,43.094700,-76.202733
71943,DK #11823,I-20 & FM-1768,Midland,TX,2.98233333,31.939173,-102.066982
71944,DK #13903,SR-108,Texarkana,AR,3.04066666,33.431000,-93.876500
71945,DK #13904,I-40 EXIT 233 & SR-261,Palestine,AR,3.01566666,34.966300,-90.904900
71946,Allsups #102450,US-87,Eden,TX,3.179,31.219200,-99.840700
71947,PETRO USA,I-76 EXIT 2 & SR-3,Seville,OH,3.079,41.022700,-81.856200
71948,19 AND 75 FILLING STATION,US-75 & SR-19,Ivanhoe,MN,3.394,44.463300,-96.247300
71949,24 STORE SHELBY,SR-61,Shelby,OH,3.499,40.878400,-82.654900
71950,77/36 DUCHESS,I-77 & US-36,Newcomerstown,OH,3.299,40.273900,-81.594000
71951,7-ELEVEN #39448,I-81 & SR-682,Mount Crawford,VA,3.31566666,38.345700,-78.895700
71953,ALEX'S TRUCK STOP,US-61,Tunica,MS,3.299,34.688400,-90.368500
71957,B&M Quickstop,SR-8,Mineral Point,MO,3.699,37.915600,-90.719300
71958,BELL STORES,I-77 & CR-80,Dover,OH,3.399,40.534300,-81.476300
71960,BELL STORES #1159,US-30 & CR-144,Wooster,OH,3.659,40.809400,-81.948300
71961,BELL STORES #54,US-250 & SR-241,Mount Eaton,OH,3.499,40.694900,-81.702600
71962,BELLSTORES,SR-598,Galion,OH,3.499,40.730300,-82.793900
71965,CIRCLE K #2709989,US-167 & CR-405,Sheridan,AR,3.599,34.316500,-92.365700
71966,BLACK DIAMOND TRAVEL CENTER,I-26 & SR-173,Unicoi,TN,3.40233333,36.206600,-82.322000
71967,BLOC STOP TRAVEL CENTER,US-19 & SR-133,ALBANY,GA,3.799,31.564144,-84.164589
71968,BLONDIES FOOD AND FUEL,US-90 & SR-69,Grand Ridge,FL,3.59066666,30.714800,-85.021000
71969,BORDERVIEW GROCERY,US-11 & CR-19,Champlain,NY,3.799,44.977300,-73.446600
71970,BLUE BIRD 3 EXPRESS,"US-78, EXIT 1",Olive Branch,MS,3.199,34.944100,-89.854400
71971,BOUND BROOK BP,I-287 Exit 13B & SR-28,Bound Brook,NJ,3.249,40.568100,-74.539700
71972,BOWMAN,I-81 Exit 1,Williamsport,MD,3.83233333,39.593000,-77.808700
71973,SHEETZ #703,I-40 & US-70,Garner,NC,2.859,35.681300,-78.597500
71975,BP,I-81 & SR-177,Christiansburg,VA,3.799,37.145050,-80.418600
71976,Loves Travel Stop #828,"I-295, EXIT 33",Jacksonville,FL,3.28233333,30.311931,-81.653317
71977,BP,SR-47,Sugar Grove,IL,3.599,41.774100,-88.439700
71978,BP,I-29 & US-34,Pacific Junction,IA,3.399,41.027100,-95.804600
71979,KENT KWIK #219,SR-338,Odessa,TX,3.00733333,31.848278,-102.376622
71980,KENT KWIK #433,US-87,San Angelo,TX,3.13233333,31.460629,-100.443057
71981,SHEETZ #488,US-13 & US-264,Greenville,NC,2.899,35.591020,-77.376860
71982,MAVERIK COUNTRY STORE #665,SR-201,Magna,UT,3.399,40.700900,-112.080900
71983,MAVERIK COUNTRY STORE #702,I-80 Exit 59,Sidney,NE,3.11233333,41.179250,-102.990750
71984,BP,I-43 & SR-11,Elkhorn,WI,3.149,42.700900,-88.546200
71985,Brew #12,US-20 & SR-31,Correctionville,IA,3.559,42.474300,-95.780400
71988,C AND W GLOBAL,SR-429 & SR-438,Winter Garden,FL,3.074,28.549733,-81.594367
71990,Allsups #2418,US-84,Snyder,TX,2.97233333,32.731500,-100.917550
71991,TA Express Fairview #943,US 36,Fairview,KS,3.299,39.844500,-95.711000
71992,7-ELEVEN #41263,US-13,Bridgeville,DE,3.399,38.736600,-75.608800
71994,7-ELEVEN #42058,SR-572,Lakeland,FL,3.48233333,28.042908,-81.964385
71995,Chevron,"I-40, EXIT 218 & US-285",Clines Corners,NM,3.41566666,35.009500,-105.669200
71996,BP,"I-43, EXIT 164 & CR-Z",Maribel,WI,3.249,44.285200,-87.805500
71997,7-ELEVEN #41287,SR-29,Immokalee,FL,3.679,26.324300,-81.459950
71999,7-ELEVEN #41813,"I-85, EXIT 60",Duncan,SC,3.099,34.917600,-82.125800
72000,7-ELEVEN #41309,US-41,Nokomis,FL,3.379,27.141200,-82.458150
72001,7-Eleven #41963,"I-65, EXIT 98",Goodlettsville,TN,3.049,36.332400,-86.717250
72003,7-ELEVEN #42012,"I-77, EXIT 24 & US-21",Blythewood,SC,3.109,34.191100,-80.975800
72004,7-ELEVEN #41578,US-13,Seaford,DE,3.359,38.640400,-75.604100
72006,CIRCLE K #4707123,SR-2,Canaan,ME,3.759,44.745000,-69.549800
72008,CASHS #4469,US-278 & US-63,Warren,AR,3.499,33.614000,-92.077800
72009,CEFCO #1059,SR-274,Kemp,TX,2.909,32.248600,-96.216100
72011,CEFCO #107,US 190,Lampasas,TX,2.899,31.068000,-98.183400
72012,CEFCO #108,US-77,Waco,TX,2.99233333,31.554531,-97.162744
72013,CEFCO #1081,US-59,Queen City,TX,3.024,33.155700,-94.153700
72014,CEFCO #1086,US-259,Longview,TX,2.959,32.509956,-94.764822
72015,CEFCO #1096,US-82,Paris,TX,2.96566666,33.666500,-95.527967
72016,Cefco #11,US-84,Waco,TX,2.99566666,31.554531,-97.162744
72017,CEFCO #1102,SR-24 & SR-286,Paris,TX,2.96566666,33.666500,-95.527967
72018,CEFCO #2071,US-377 & FM-381,Early,TX,2.92566666,31.764750,-98.934250
72019,CEFCO #2081,US-84,Post,TX,2.94233333,33.201700,-101.392200
72020,CEFCO #2082,SR-206 & SR-36,Cross Plains,TX,3.159,32.148200,-99.187200
72021,CEFCO #30,US-77 & SR-320,Lott,TX,3.011,31.192500,-97.058100
72022,CEFCO #65,US-84 & FM-116,Gatesville,TX,2.96566666,31.411780,-97.793120
72024,CENEX,US-2,Stanley,ND,3.58233333,48.345800,-102.418500
72025,CENEX,US-2,Devils Lake,ND,3.24066666,48.113200,-98.861600
72026,CENEX,"I-94, EXIT 84 & SR-8",Richardton,ND,3.509,46.842600,-102.292000
72028,CENEX,US-52 & SR-15,Fessenden,ND,3.531,47.628600,-99.643400
72029,CENEX,SR-40,Tioga,ND,3.57566666,48.364600,-102.957600
72030,CENEX,I-90 & SR-51,Gillette,WY,3.489,44.171633,-105.514167
72031,CENEX HARWOOD,"I-29/US-81, EXIT 72",Harwood,ND,3.359,46.956500,-96.965400
72033,CHARLIE BS,SR-246,Greenwood,SC,2.987,34.197500,-82.161400
72034,CHARLIES MARKET,SR-172,Salt Lake City,UT,3.459,40.709875,-111.888812
72038,CHEVRON,I-55 & SR-570,McComb,MS,3.28233333,31.210350,-90.427400
72039,CHEVRON,SR-20 & SR-65,Hosford,FL,3.299,30.363900,-84.805400
72041,CHEVRON,SR-20 & SR-71,Blountstown,FL,3.299,30.439400,-85.062000
72044,Maverik Country Store #709,I-40 Exit 163,Williams,AZ,3.219,35.543400,-112.170700
72045,MAVERIK COUNTRY STORE #710,US-6,Helper,UT,3.44566666,39.673700,-110.856000
72046,CHEVRON DBA ONE9 #1429,US-30 & US-95,Fruitland,ID,3.349,44.002700,-116.914300
72046,CHEVRON,US-30 & US-95,Fruitland,ID,3.39233333,44.002700,-116.914300
72054,CHEVRON,US-45,Guntown,MS,3.299,34.456300,-88.697500
72060,CHEVRON FOOD MART #20,US-45 & SR-16,Scooba,MS,3.199,32.840200,-88.488300
72063,CIRCLE K #2655785,US-301,Upper Marlboro,MD,3.999,38.834240,-76.798200
72066,CIRCLE K #2741094,SR-46,Seguin,TX,2.959,29.586550,-97.967000
72067,CIRCLE K #2741822,US-90 & FM-471,Castroville,TX,2.91233333,29.355300,-98.882400
72071,7-Eleven #42182,Ashley Phosphate Rd & Cross Country Rd,North Charleston,SC,3.459,32.877740,-80.017860
72072,PARKERS #92,SR 17,Guyton,GA,2.999,32.314000,-81.389600
72073,CIRCLE K #2723791,I-85 & SR-54,Graham,NC,3.609,36.031000,-79.381400
72074,CIRCLE K #2741566,US-84 & FM-2837,Woodway,TX,2.999,31.505100,-97.231100
72075,CITGO SAMS FOOD STORE,"US-5, Exit 87",Hartford,CT,3.499,41.781483,-72.698781
72077,COLDWATER TRAVEL CENTER,I-55 & SR-306,Coldwater,MS,3.099,34.692400,-89.986900
72078,STRIPES #42150,"I-69C, Exit 9 & US-281",Edinburg,TX,3.00566666,26.373775,-98.175050
72080,Corner Store,US-180/62,Seminole,TX,3.129,32.721000,-102.682800
72081,STRIPES #2146,US-181 & SR-361,Ingleside,TX,3.299,27.868200,-97.206900
72082,COUNTRYMARK,SR-124,Bluffton,IN,3.76566666,40.736800,-85.162200
72083,DANDY DANS,US-49/SR-42,Hattiesburg,MS,3.06566666,31.249550,-89.325133
72084,DANDY MINI MART #60,US-6 & SR-14,Troy,PA,3.999,41.778100,-76.771100
72086,DELT EXPRESS,SR-52,SAMSON,AL,3.699,31.104900,-86.067400
72087,DELTA,US-9,Jersey City,NJ,3.239,40.728808,-74.068792
72089,CASEYS #4567,SR-55,Columbia,KY,3.159,37.116100,-85.265600
72090,DOMINO #128,US-81 & SR-66,El Reno,OK,3.199,35.533500,-97.959100
72091,DUCK THRU FOOD STORE #54,US-64,Columbia,NC,3.523,35.905700,-76.234500
72092,DUCK THRU FOOD STORE #57,SR-42/SR-43,Pinetops,NC,3.574,35.788500,-77.637800
72096,EXPRESS #29,SR-29,East Dublin,GA,3.63233333,32.548200,-82.871800
72097,EXPRESSWAY SERVICE STATION,US-287 & SR-25,Electra,TX,2.999,34.036200,-98.915500
72100,Exxon,"I-22/US-78, Exit 10 &  SR-178",Byhalia,MS,3.199,34.885400,-89.676300
72101,EXXON,US-24,Redford,MI,3.699,42.401000,-83.295300
72104,LOVES TRAVEL STOP #170,I-44 EXIT 166 & SR-18,CHANDLER,OK,3.08733333,35.701700,-96.880900
72105,LOVES TRAVEL STOP #171,SR-375 & SR-31,McAlester,OK,3.43733333,34.929800,-95.764450
72106,Loves Country Store #118,US-77 & SR-29,Wynnewood,OK,2.989,34.638500,-97.177000
72108,FARMERS UNION OIL OF CARPIO,US-52 & SR-28,Carpio,ND,3.384,48.432300,-101.711900
72110,FAST STOP,US-84 & CR-1800,Lubbock,TX,2.999,33.574273,-101.871115
72111,FAST STOP,"I-40, Exit 81 & FM-1912",Amarillo,TX,2.944,35.253452,-101.865656
72112,Flyers #3219,US-60,Claypool,AZ,3.849,33.415400,-110.814900
72113,Food N Fuel,US-6 & CR-4,New Lenox,IL,3.399,41.506700,-87.963100
72113,Food N Fuel,US-6 & CR-4,New Lenox,IL,3.499,41.506700,-87.963100
72114,Gas  House,"I-77, Exit 49B",Statesville,NC,3.424,35.815567,-80.889033
72115,FRIENDSHIP FOOD & FUEL,SR-15 & CR-244,Ecru,MS,3.799,34.336600,-89.010900
72116,FRIENDSHIP FOOD MART #90,I-90 & SR-57,Elyria,OH,3.779,41.386950,-82.091100
72118,GAS N WASH,I-355 & SR-7,HOMER GLEN,IL,3.599,41.602800,-87.959900
72118,GAS N WASH,I-355 & SR-7,HOMER GLEN,IL,3.599,41.602800,-87.959900
72118,GAS N WASH,I-355 & SR-7,HOMER GLEN,IL,3.599,41.602800,-87.959900
72118,GAS N WASH,I-355 & SR-7,HOMER GLEN,IL,3.599,41.602800,-87.959900
72118,GAS N WASH,I-355 & SR-7,HOMER GLEN,IL,3.599,41.602800,-87.959900
72118,GAS N WASH,I-355 & SR-7,HOMER GLEN,IL,3.599,41.602800,-87.959900
72119,Gas N Wash Cicero,SR-50,Berwyn,IL,3.599,41.834700,-87.791400
72119,Gas N Wash Cicero,SR-50,Berwyn,IL,3.569,41.834700,-87.791400
72120,GAS PRO TRAVEL CENTER,US-301/25,Statesboro,GA,3.129,32.438925,-81.762450
72122,KWIK TRIP #1115,US-63 & US-8,Turtle Lake,WI,3.65566666,45.421300,-92.178100
72124,GET GO #3016,I-376 & SR-18,Monaca,PA,5.499,40.671800,-80.291700
72125,GETGO #7520,I-65 & US-31,Edinburgh,IN,3.359,39.362600,-85.970700
72126,GETGO #7526,I-69 & SR-332,Yorktown,IN,3.343,40.183600,-85.496000
72128,GETGO #7545,I-65 & SR-400,Whitestown,IN,3.30233333,40.000000,-86.350700
72130,GILBERTS SHELL,SR-72 & CR-59,Gilberts,IL,3.279,42.098400,-88.369100
72132,GO TIME 4,I-64 Exit 94 & SR-1958,Winchester,KY,2.90733333,37.988650,-84.179300
72134,Gulf,US-422 & SR-528/168,Parkman,OH,3.649,41.370600,-81.065100
72136,HANA TRAVEL CENTER,"I-30, EXIT 153 & SR-185",Winfield,TX,3.079,33.167300,-95.111900
72139,HOLMES EXPRESS,US-78 & SR-175,Memphis,TN,3.399,35.159839,-89.969254
72142,CASEYS #3990,"I-90E, exit 96 and SR-17",Elkhart,IN,3.629,41.678825,-85.971125
72143,Caseys #4023,US 36 & US 183,Phillipsburg,KS,3.29233333,39.762300,-99.332800
72144,HUCKS FOOD & FUEL #397,US-68 & SR-432,Bowling Green,KY,3.499,36.960875,-86.420050
72145,JP ZEBULON,US-19,Zebulon,GA,3.135,33.100200,-84.310800
72146,HUTTER'S,SR-72,Jonestown,PA,3.719,40.436100,-76.503800
72148,IRON HORSE TRAVEL CENTER,I-20 EXIT 270 & FM-1235,Merkel,TX,2.87566666,32.444400,-99.992400
72149,IVOR MART,US-460,Hopewell,VA,3.699,37.287600,-77.295000
72150,J AND R MARKET,SR-105 & SR-326,Sour Lake,TX,3.159,30.149100,-94.373300
72153,Jet Food Store,SR-15 & SR-46,Soperton,GA,3.41566666,32.386900,-82.587100
72154,JET FOOD STORE #93,US-280 & SR-135,Vidalia,GA,3.43233333,32.185450,-82.390300
72155,JIFFY TRIP #142,US-77,Newkirk,OK,3.059,36.840000,-97.056100
72156,JORDANS KWIK STOP #5,US-412,Portia,AR,3.37566666,36.086500,-91.067300
72157,JORDANS KWIK STOP #52,US-67 & SR-304,Pocahontas,AR,3.31233333,36.282900,-90.996800
72160,KENJO MARKET #52,US-321,Maryville,TN,3.249,35.724475,-83.982050
72162,Krazy K's,US-45,Buckatunna,MS,3.149,31.539100,-88.528900
72163,KWIK FILL,US-206,Hillsborough,NJ,3.399,40.477500,-74.627200
72170,STRIPES # 41977,"I-2, EXIT 168",La Feria,TX,3.219,26.166600,-97.826100
72171,LAWTEY SHELL SERVICE,US-301,Lawtey,FL,3.599,30.047200,-82.105500
72175,ALLSUPS #2410,"I-35/US-77, EXIT 368 & SR-22",Whitney,TX,2.96566666,31.971300,-97.346300
72180,LITTLEFIELD EXPRESS #4,I-40 Exit 321,Muldrow,OK,3.419,35.402000,-94.633200
72181,LITTLEFIELD EXPRESS #7,US-167,Cave City,AR,3.349,35.951700,-91.544400
72182,LULING MINI MART,I-10 Exit 628 & SR-80,Luling,TX,2.96566666,29.682600,-97.649900
72184,MACS 33,US-49,Florence,MS,2.899,32.153500,-90.131200
72185,Circle K #2709332,US-231/SR-53,Montgomery,AL,3.259,32.302591,-86.244524
72188,MARATHON,US-61 & SR-637,Reserve,LA,3.749,30.060300,-90.551800
72189,MARATHON,I-75 & CR-20,Middletown,OH,3.21566666,39.523600,-84.393950
72190,Minuteman Food Mart #37,US-74,Leland,NC,3.389,34.268000,-78.057800
72191,MARATHON RIVERSIDE GAS,I-80 & CR-6,Elkhart,IN,3.499,41.678825,-85.971125
72192,MASSEY FUEL,"I-95, EXIT 30",Bridgeport,CT,3.399,41.180470,-73.194510
72193,MERRIMAN COUNTRY STORE,SR-1 & CR-3700,Allen,OK,3.099,34.869100,-96.415100
72194,Mobil,I-57,Riverdale,IL,3.699,41.649600,-87.630100
72195,MOBIL,US-46,Columbia,NJ,3.079,40.938800,-75.055000
72196,MORGAN OIL,US-224 & CR-231,Lowellville,OH,3.399,41.050300,-80.541600
72197,MOTOMART #3369,SR-370 E,Saint Charles,MO,3.04233333,38.771325,-90.539550
72199,MPC #99A,I-270 Exit 22B,Hazelwood,MO,3.059,38.780900,-90.366900
72199,ZX,I-270 Exit 22B,Hazelwood,MO,3.059,38.780900,-90.366900
72200,Swift Mart,I-55/SR-7 & US-51,Grenada,MS,3.36566666,33.772050,-89.808550
72201,MUDD CREEK COUNTRY STORE,US-79,Franklin,TX,3.194,31.000100,-96.517100
72202,MUSTANG MARKET,I-80 Exit 73,Sparks,NV,4.199,39.582757,-119.727200
72205,NIC'S,SR-97,Bainbridge,GA,3.379,30.908833,-84.575967
72206,NORTHLAKE BP,I-294 & US-45,Melrose Park,IL,3.699,41.907433,-87.869067
72206,NORTHLAKE BP,I-294 & US-45,Melrose Park,IL,3.599,41.907433,-87.869067
72207,NZT,I-294,Alsip,IL,3.389,41.672100,-87.735700
72207,NZT,I-294,Alsip,IL,3.589,41.672100,-87.735700
72210,CITGO,US-70,Princeton,NC,3.699,35.455800,-78.167400
72212,PARKERS #72,US-52 & SR- 402,Moncks Corner,SC,3.25566666,33.197100,-80.023300
72215,PIT STOP #1,SR-31 & SR-34,Weedsport,NY,3.899,43.048900,-76.542500
72216,Pit Stop #14,US-20/US-16,Worland,WY,3.829,44.013800,-107.956300
72217,PIEDMONT PETROLEUM,US-501,Lynchburg,VA,3.459,37.375244,-79.158544
72219,QUICK FILL,US-78/SR-4,Eastaboga,AL,3.099,33.603100,-85.960800
72222,RAINY LAKE OIL,CR-332 & CR-24,International Falls,MN,3.379,48.601000,-93.411000
72224,RAYMOND TRUCK STOP,US-1/US-9,Newark,NJ,3.259,40.746235,-74.198195
72225,SHEETZ #144,US-220 & SR-55,Moorefield,WV,3.289,38.990700,-78.974500
72226,REBEL GAS MART,SR-7,Oxford,MS,3.049,34.330800,-89.483500
72227,RED BANKS VALERO,I-22 & SR-178,Red Banks,MS,2.999,34.893700,-89.564900
72228,REFUEL #1043,US-15,Sumter,SC,3.09566666,33.910075,-80.362975
72229,REFUEL #1047,US-521,Sumter,SC,3.00566666,33.910075,-80.362975
72230,REFUEL #1116,US-64,Apex,NC,3.799,35.722500,-78.840800
72231,RENO JUNCTION TRAVEL PLAZA,SR-59 & SR-387,Wright,WY,3.509,43.751200,-105.492000
72232,RICKY ROCKETS FUEL,I-294 & US-12,HICKORY HILLS,IL,3.999,41.726200,-87.828900
72232,RICKY ROCKETS FUEL,I-294 & US-12,HICKORY HILLS,IL,3.899,41.726200,-87.828900
72233,ROAD RANGER #284,I-27 & FM-1729,New Deal,TX,2.98566666,33.729600,-101.835500
72235,ROC ONE STOP #1,SR-34,Galatia,IL,3.559,37.827400,-88.623500
72236,ROYAL FARMS #108,US-13,Cape Charles,VA,3.47233333,37.279900,-75.972100
72237,ROYAL FARMS #135,SR-404 & SR-16,Denton,MD,3.339,38.859500,-75.835700
72238,ROYAL FARMS #169,I-895 & US-40,Baltimore,MD,3.259,39.301857,-76.620995
72239,ROYAL FARMS #171,US-13 & SR-24,Laurel,DE,3.259,38.553700,-75.563100
72240,ROYAL FARMS #191,I-83 Exit 20A,Hunt Valley,MD,4.199,39.484400,-76.654550
72241,ROYAL FARMS #242,I-95 Exit 27,Philadelphia,PA,3.799,39.990761,-75.142609
72242,ROYAL FARMS #311,SR-7 & SR-43,Nottingham,MD,3.269,39.391400,-76.487100
72243,Racetrac #2611,"I-65, EXIT 116",Shepherdsville,KY,2.959,37.996500,-85.702350
72247,SEVEN MART,I-20 & SR-17,Delhi,LA,3.199,32.392900,-91.471400
72248,SHELBY EXPRESS,SR-175,Memphis,TN,3.699,35.159839,-89.969254
72250,RACEWAY #6854,US-278 & SR-113,Rockmart,GA,3.17233333,33.997900,-85.059400
72251,SHELL,I-94 & US-12,Detroit,MI,3.699,42.334304,-83.099896
72251,SHELL,I-94 & US-12,Detroit,MI,3.899,42.334304,-83.099896
72256,SHELL,US-1,Warren,ME,3.999,44.127100,-69.247900
72257,DUCK THRU #55,US-13BYP & SR-308,Windsor,NC,3.239,36.015900,-76.933600
72259,SHELL,SR-72 & SR-25,Dundee,IL,3.279,42.096200,-88.290200
72260,Duck Thru #58,US-13 & CR-677,Suffolk,VA,3.449,36.780400,-76.596350
72261,SHELL,US-45 & CR-520,Shannon,MS,3.199,34.121000,-88.734200
72262,7-ELEVEN #38855,"I-95, exit 58",Colonial Heights,VA,3.509,37.270000,-77.403800
72263,SPARTAN FUELS,US-80 & SR-22,Columbus,GA,3.309,32.489893,-84.928814
72264,CIRCLE K #2654249,SR 24 & SR 286,Paris,TX,2.959,33.666500,-95.527967
72266,SHELL SERVICE STATION,I-65 Exit 14 & US-64,Pulaski,TN,3.209,35.209300,-87.039300
72267,SHELL SERVICE STATION,I-90 Exit 52,Elgin,IL,3.279,42.041920,-88.308020
72268,SHORT STOP,US-67/283,Santa Anna,TX,3.499,31.721500,-99.321200
72273,SPINX #341,SR-41,Charleston,SC,3.33233333,32.825244,-79.928263
72274,SPINX #366,SR-642,Summerville,SC,3.279,33.006100,-80.189825
72276,STAR 001,US-20 & SR-23,SOUTH BEND,IN,3.73233333,41.663575,-86.263838
72277,STOP N GAS,SR-15 & SR-39,Yorkshire,NY,4.099,42.524700,-78.475500
72278,SUN DO,I-74 Exit 197,Maxton,NC,3.439,34.733400,-79.309700
72279,AMOCO,US-30,Clarence,IA,3.399,41.889600,-91.060500
72281,SUNOCO,I-95 Exit 77B & SR-24,Edgewood,MD,3.299,39.427700,-76.305500
72282,SUNOCO,I-278 Exit 48,Bronx,NY,4.539,40.848988,-73.878148
72285,CUSSETA TRAVEL CENTER,SR 520,Cusseta,GA,3.199,32.299000,-84.764500
72287,CASEY'S #4522,US-81,Hennessey,OK,3.059,36.086800,-97.892600
72288,S&G #88,I-475 Exit 13 & US-20,Toledo,OH,3.009,41.675647,-83.530619
72289,SUNOCO,SR-12 & FM-1136,Orange,TX,2.899,30.113800,-93.814467
72290,SUNSTOP,US-19,Thomasville,GA,3.28233333,30.841325,-83.953875
72291,Union 76,US-129,Mc Alpin,FL,3.659,30.150900,-82.966200
72292,SUNSTOP #336,SR-121 & CR-18,Lake Butler,FL,3.59233333,30.003500,-82.382800
72293,SUNSTOP INLAND DBA ONE9 #1402,I-10 & SR-71,Marianna,FL,3.299,30.744933,-85.214567
72293,ONE9 #1402,I-10 & SR-71,Marianna,FL,3.299,30.744933,-85.214567
72294,SWANTON SUNOCO,I-89 & SR-78,Swanton,VT,3.539,44.916800,-73.121100
72295,SWIFT,US-69,Nederland,TX,2.98566666,29.971600,-94.001200
72296,SWIFT STOP #5,US-84 & US-380,Post,TX,2.943,33.201700,-101.392200
72297,T & M FOOD STORE,SR-113,Taylorsville,GA,3.367,34.122900,-84.973900
72298,TARZAN AND JANE,I-20 & SR-137,Stanton,TX,3.299,32.140000,-101.809900
72302,TEXACO,SR-114 & SR-156,Pennington,AL,3.19733333,32.209400,-88.049000
72303,TEXACO #378602,I-59 Exit 85 & SR-590,Ellisville,MS,3.199,31.579700,-89.223100
72305,THE ANCHOR,US-60 & CR-3500,Mountain View,MO,3.03233333,36.989200,-91.709900
72308,Racetrac #2609,SR-60,Okeechobee,FL,3.299,27.288133,-80.872067
72309,Racetrac #2608,"I-59, EXIT 181 & SR-77",Gadsden,AL,2.999,33.983600,-85.978417
72310,RACETRAC #2387,US-19,Hudson,FL,3.31566666,28.359933,-82.665967
72313,THOMPSON'S CORNER,US-25,Millen,GA,3.31566666,32.787700,-81.961800
72314,THORNTONS #0333,SR-59 & SR-56,Warrenville,IL,3.549,41.828000,-88.192100
72314,THORNTONS #0333,SR-59 & SR-56,Warrenville,IL,3.599,41.828000,-88.192100
72315,THORNTONS #221343,US-14 & SR-31,Crystal Lake,IL,3.499,42.273933,-88.368733
72315,THORNTONS #221343,US-14 & SR-31,Crystal Lake,IL,3.449,42.273933,-88.368733
72316,THORNTONS #221344,SR-120,Mchenry,IL,3.699,42.342650,-88.262450
72316,THORNTONS #221344,SR-120,Mchenry,IL,3.649,42.342650,-88.262450
72317,THORNTONS #261169,SR-1747 & SR-2052,Louisville,KY,3.28066666,38.208448,-85.696306
72318,THORNTONS #330,I-55 & SR-50,Cicero,IL,3.549,41.837800,-87.760200
72318,THORNTONS #330,I-55 & SR-50,Cicero,IL,3.599,41.837800,-87.760200
72319,THORNTONS #5,I-55 & SR-50,Cicero,IL,3.599,41.837800,-87.760200
72319,THORNTONS #5,I-55 & SR-50,Cicero,IL,3.649,41.837800,-87.760200
72320,THORNTONS #616,SR-265,Lebanon,TN,2.87566666,36.178800,-86.285500
72321,Thorntons #617,I-24 Exit 64,La Vergne,TN,2.88233333,35.936150,-86.490500
72324,TREE CITY TRAVEL PLAZA,US-421,Greensburg,IN,3.989,39.299800,-85.491800
72325,TREX MART #17,I-29 & SR-371,Platte City,MO,2.999,39.360200,-94.789000
72326,CIRCLE K #4700101,I-65 Exit 50,Seymour,IN,3.499,38.957100,-85.882500
72328,Tropic Fleet Hialeah Cardlock,SR-953 & SR-934,Miami,FL,3.479,25.768995,-80.258580
72329,TROTTERS,SR-2,Broken Bow,NE,3.299,41.412600,-99.635500
72330,TRUE NORTH #325,SR-57 & SR-113,Elyria,OH,3.679,41.386950,-82.091100
72331,TUPELO TRAVEL STOP,SR-48 & SR-3,Tupelo,OK,2.999,34.559800,-96.427400
72332,TXB #82 DBA KWIK CHEK FOOD STORES,US-83,Asherton,TX,3.259,28.436400,-99.748600
72333,UNITED MARKET,US-84,Blackshear,GA,3.76566666,31.293100,-82.261700
72335,VALERO,US-30 & SR-598,Galion,OH,3.499,40.730300,-82.793900
72337,VALLEY COUNTRY STORE,I-84 & US-93,Jerome,ID,3.43233333,42.717800,-114.501200
72338,VALLEY MART #05,US-90 & SR-173,Hondo,TX,3.199,29.347500,-99.141400
72339,VP RACING FUEL,US-231,Panama City,FL,3.499,30.195800,-85.664209
72340,WARREN OIL,US-6,Channahon,IL,3.779,41.434700,-88.213800
72340,WARREN OIL,US-6,Channahon,IL,3.629,41.434700,-88.213800
72342,WHITE RIVER,US-231 & SR-58,Bloomfield,IN,3.759,39.029500,-86.867500
72343,WOLF DEN,US-97,Wapato,WA,3.409,46.450700,-120.426500
72344,WOW FOOD MART,I-75 & US-25,Richmond,KY,3.609,37.751250,-84.295100
72345,YAKAMART,US-97,Toppenish,WA,3.509,46.375100,-120.330500
72346,Y-NOT STOP,US-165 & SR-10,Oakdale,LA,3.699,30.817200,-92.664000
72347,MARATHON,I-94 Exit 121,Albion,MI,3.699,42.258100,-84.756100
72348,7-ELEVEN #34718,"I-294, EXIT 25",Hinsdale,IL,3.719,41.819900,-88.008700
72348,7-ELEVEN #34718,"I-294, EXIT 25",Hinsdale,IL,3.739,41.819900,-88.008700
72348,7-ELEVEN #34718,"I-294, EXIT 25",Hinsdale,IL,3.839,41.819900,-88.008700
72349,7-ELEVEN #34713,"I-90, EXIT 24",Belvidere,IL,3.739,42.259500,-88.850900
72349,7-ELEVEN #34713,"I-90, EXIT 24",Belvidere,IL,3.659,42.259500,-88.850900
72349,7-ELEVEN #34713,"I-90, EXIT 24",Belvidere,IL,3.879,42.259500,-88.850900
72350,7-ELEVEN #34709,504 N CREGO RD,Dekalb,IL,4.439,41.900800,-88.754800
72351,LOVES TRAVEL STOP #874,"I-65, EXIT 175 & SR-25",Lafayette,IN,3.67233333,40.376883,-86.871600
72352,LOVES TRAVEL STOP #858,"I-49, EXIT 172 & US-84",Mansfield,LA,3.24566666,32.023900,-93.698000
72360,PUMP & PANTRY #22,SR-91 & SR-11,Burwell,NE,3.299,41.808000,-99.099500
72361,PUMP & PANTRY #39,I-80 Exit 179 & SR-56G,North Platte,NE,3.11566666,41.089500,-100.760750
72362,PUMP & PANTRY #18,US-281 & CR-11,Doniphan,NE,3.30733333,40.770000,-98.379000
72363,PUMP & PANTRY #1,US-30,Grand Island,NE,3.30733333,40.907667,-98.410167
72368,CHEVRON #352416,I-8 Exit 73,Jacumba,CA,6.399,32.624900,-116.195200
72372,Eastland Truck Stop,I-20 Exit 340 & SR-6,Eastland,TX,2.93233333,32.399400,-98.807100
72373,Rusty Lantern,SR-4,Turner,ME,3.899,44.255700,-70.249400
72374,Rusty Lantern,SR-26 & SR-219,West Paris,ME,3.96566666,44.325300,-70.573200
72376,SUNOCO,US 84 & SR 39,Donalsonville,GA,3.499,31.050500,-84.880100
72378,EB SUNOCO,SR-3 & SR-28,Muncie,IN,3.799,40.197586,-85.403243
72380,EXXPRESS MART #12,US-287 & SR-421,Lumberton,TX,2.959,30.281800,-94.219100
72382,EXXPRESS MART #4,SR-105,Beaumont,TX,3.199,30.090154,-94.144269
72385,GAS N WASH,I-57 & SR-17,Kankakee,IL,3.599,41.116600,-87.869600
72387,Williams Fuel Stop,SR-7 & SR-735,Gallipolis,OH,3.54066666,38.814800,-82.229000
72389,PILOT #1354,US 385,Odessa,TX,3.56566666,31.848278,-102.376622
72390,QUIKTRIP #46,US 169 & SR 266,Tulsa,OK,3.14233333,36.138438,-95.970035
72391,QUIKTRIP #56,US-169 & SR-11,Tulsa,OK,3.14233333,36.138438,-95.970035
72394,LOVES TRAVEL STOP #871,"I-85, Exit 32",Piedmont,SC,3.19733333,34.724400,-82.470200
72395,ALLSUPS #2427,US 84,Gatesville,TX,3.00733333,31.411780,-97.793120
72396,RACETRAC #2624,US-1,Marathon,FL,3.23566666,24.727900,-81.038600
72400,HAN DEE HUGOS #21,US-17 & SR-87,Winnabow,NC,3.41233333,34.155300,-78.055800
72402,HAN DEE HUGOS #5,SR-410 & SR-211,Bladenboro,NC,3.20566666,34.565800,-78.779300
72403,HAN DEE HUGOS #67,US-70,Raleigh,NC,3.999,35.808798,-78.633634
72408,JOURNEY FOOD STORE #2,US-301,Callahan,FL,3.399,30.552000,-81.814500
72410,KELLEYS MARKET,I-90 Exit 15 & US-20 BUS,Rockford,IL,3.119,42.284764,-89.089664
72410,KELLEYS MARKET,I-90 Exit 15 & US-20 BUS,Rockford,IL,2.969,42.284764,-89.089664
72412,KELLEYS MARKET,US-20,Cherry Valley,IL,3.699,42.220600,-88.961900
72413,TROPIC OIL COMPANY,SR-17,Lake Wales,FL,3.499,27.880633,-81.592900
72418,SHELL,SR-953,Miami,FL,3.479,25.768995,-80.258580
72419,Denver 39th Ave Cardlock,I-70/US-36 EXIT-281,Denver,CO,3.49066666,39.738727,-104.981688
72420,MAVERIK COUNTRY STORE #620,SR-8,Saint George,UT,3.46233333,37.098850,-113.577600
72424,MIDDLESEX FOOD STORE,CR-604,Carteret,NJ,3.51566666,40.582300,-74.231300
72425,MINUTEMAN FOOD MART #18,SR-87,Tar Heel,NC,4.619,34.746500,-78.813400
72428,QUIKTRIP #7249,US 80 E,Flowood,MS,2.91566666,32.329900,-90.091500
72429,PARKERS #16 (DISCOUNT AVAILABLE),SR-21,Port Wentworth,GA,3.10566666,32.149100,-81.163200
72430,PATRIOT FUELING CENTER,SR-9,Lineville,AL,3.299,33.328600,-85.734600
72432,Yesway #1203,SR-6,Clifton,TX,2.969,31.791800,-97.520300
72433,RENFROE STORE,SR-25,Carthage,MS,4.099,32.785200,-89.524100
72435,Cedar City Cardlock (Bulk Plant),"I-15, EXIT 59",Cedar City,UT,3.459,37.677500,-113.061900
72436,Ricky Rockets,SR-390 &SR-53,Itasca,IL,3.559,41.972000,-88.020200
72436,Ricky Rockets,SR-390 &SR-53,Itasca,IL,3.399,41.972000,-88.020200
72436,Ricky Rockets,SR-390 &SR-53,Itasca,IL,3.499,41.972000,-88.020200
72436,Ricky Rockets,SR-390 &SR-53,Itasca,IL,3.579,41.972000,-88.020200
72437,Tropic Oil,US-191,Moab,UT,4.169,38.567700,-109.527100
72438,QUIKTRIP #7208,I-290 EXIT 18A,Bellwood,IL,3.079,41.882500,-87.878600
72438,QUIKTRIP #7208,I-290 EXIT 18A,Bellwood,IL,3.249,41.882500,-87.878600
72438,QUIKTRIP #7208,I-290 EXIT 18A,Bellwood,IL,3.199,41.882500,-87.878600
72438,QUIKTRIP #7208,I-290 EXIT 18A,Bellwood,IL,3.279,41.882500,-87.878600
72438,QUIKTRIP #7208,I-290 EXIT 18A,Bellwood,IL,3.099,41.882500,-87.878600
72440,Rutters #84,US-15 & SR-340,Emmitsburg,MD,3.91566666,39.694000,-77.335700
72441,SHEETZ #165,US-6,Coudersport,PA,3.699,41.776200,-77.956700
72442,SHEETZ #239,I-70 Exit 57,New Stanton,PA,3.28566666,40.219200,-79.609500
72443,SHEETZ #553,I-81 Exit 3,Greencastle,PA,3.33233333,39.781800,-77.747000
72444,SHEETZ #597,I-40 Exit 126,Hickory,NC,2.859,35.708633,-81.325767
72445,SHEETZ #639,I-80 Exit 223,Youngstown,OH,3.059,41.077573,-80.680313
72446,SHEETZ #656,US-219 & US-6,Kane,PA,3.699,41.661900,-78.797800
72447,SHEETZ #689,I-64 EXIT 197A  & SR-156,Henrico,VA,2.949,37.497618,-77.415636
72448,SHELL SERVICE STATION,SR-55,Morrison,TN,3.499,35.602900,-85.919700
72456,SPINX #161,I-85 Exit 60 & SR-101,Greer,SC,3.159,34.926933,-82.238467
72458,7-ELEVEN #41335,SR-80 & SR-29,Labelle,FL,3.599,26.747700,-81.436400
72459,7-ELEVEN #34154,I-75 Exit 128,Fort Myers,FL,3.299,26.561860,-81.852747
72462,Story Belgrade Cardlock,"I-90, EXIT 298",Belgrade,MT,3.699,45.780100,-111.143900
72466,Holbrook Cardlock,I-40 EXIT 285,Holbrook,AZ,3.23233333,34.908500,-110.143400
72467,SUNOCO SERVICE STATION,I-81 Exit 44 & SR-465,Carlisle,PA,3.889,40.209450,-77.214750
72468,Springerville Cardlock,US-191,Springerville,AZ,3.259,34.170200,-109.331500
72471,THORNTONS #221335,I-55 Exit 263,Bolingbrook,IL,3.699,41.688300,-88.113800
72471,THORNTONS #221335,I-55 Exit 263,Bolingbrook,IL,3.649,41.688300,-88.113800
72473,Loves Travel Stop #885,US 77,Harlingen,TX,3.649,26.203375,-97.713125
72475,Express 24,SR-77 & US-60,Show Low,AZ,3.299,34.298950,-110.017600
72476,Mandan Cardlock (Bulk Plant),"I-94, EXIT 153",Mandan,ND,3.599,46.830600,-100.909200
72477,Racetrac #2618,US-231 & CR-8,Huntsville,AL,2.95066666,34.724517,-86.578767
72478,Racetrac #2621,SR-53,Huntsville,AL,3.099,34.724517,-86.578767
72479,CEFCO #2086,US 180 & 84,Snyder,TX,2.96566666,32.731500,-100.917550
72480,TA Mt Vernon,I-44,Mount Vernon,MO,3.404,37.104500,-93.797600
72481,CASEYS #4323,SR-57 & SR-60,Wanamingo,MN,3.499,44.312100,-92.810300
72482,RUTTERS FARM STORE #80,SR 61,Orwigsburg,PA,3.859,40.643100,-76.084000
72483,Circle K #4700047,I-65 Exit 34A,Austin,IN,3.799,38.747800,-85.796200
72485,ALLSUPS CONVENIENCE STORE #2160,US 70,Roswell,NM,3.25566666,33.438433,-104.445000
72486,QUIKTRIP #4216,"I-70 & SR-79, EXIT 304",Bennett,CO,3.199,39.758900,-104.427500
72487,PILOT #1380,I-2 EXIT 161,Mercedes,TX,3.659,26.151300,-97.918500
72488,MAVERIK COUNTRY STORE #657,I-15 Exit 10,Washington,UT,3.42566666,37.136400,-113.505000
72489,CASEYS #3987,LINCOLN HWY,Wanatah,IN,3.71566666,41.384500,-86.876400
72490,ASAP GENERAL STORE #322,US-281,Hinton,OK,3.13233333,35.467500,-98.331300
72492,CIRCLE K #2709098,US 85,Greeley,CO,3.21066666,40.403067,-104.719583
72493,Chiricahua Apache Plaza,I-10 EXIT 102,Deming,NM,3.03733333,32.235800,-107.743500
72494,7-ELEVEN #42132,"I-35, EXIT 131",Lytle,TX,3.599,29.236600,-98.794500
72495,ROAD RANGER #286,1-40 EXIT 77,Amarillo,TX,2.97233333,35.253452,-101.865656
72496,ROAD RANGER #289,I-45 EXIT 189,Teague,TX,3.39566666,31.632800,-96.277800
72497,ROAD RANGER #290,"I-44, Exit 13",Joplin,MO,3.21233333,37.077950,-94.510500
72498,SHEETZ  #760,"I-71, EXIT 140 Township Rd 256",Marengo,OH,3.06566666,40.389500,-82.812100
72499,Bowie Travel Center,I-10,Bowie,AZ,3.099,32.326500,-109.487000
72499,One9 dba Bowie Travel Center,I-10,Bowie,AZ,3.059,32.326500,-109.487000
72499,Bowie Travel Center Chevron dba One9 #1411,I-10,Bowie,AZ,3.014,32.326500,-109.487000
72500,GAS N WASH,US 34,Plano,IL,3.499,41.667000,-88.538400
72500,GAS N WASH,US 34,Plano,IL,3.599,41.667000,-88.538400
72501,QUIKTRIP #7203,"I-80, EXIT 75 &SR-251",Peru,IL,2.969,41.333000,-89.126500
72501,QUIKTRIP #7203,"I-80, EXIT 75 &SR-251",Peru,IL,3.249,41.333000,-89.126500
72501,QUIKTRIP #7203,"I-80, EXIT 75 &SR-251",Peru,IL,2.999,41.333000,-89.126500
72501,QUIKTRIP #7203,"I-80, EXIT 75 &SR-251",Peru,IL,3.099,41.333000,-89.126500
72501,QUIKTRIP #7203,"I-80, EXIT 75 &SR-251",Peru,IL,3.159,41.333000,-89.126500
72502,QUIKTRIP #7133,"I-95, EXIT 190 & SR-34",Dillon,SC,3.08233333,34.414600,-79.377000
72503,QUIKTRIP #7151,I-55/40 EXIT 278 & SR-191,West Memphis,AR,2.999,35.147450,-90.181200
72505,CASEYS #4379,I-59 HWY,Worthington,MN,3.14233333,43.628600,-95.605900
72506,CASEYS #4273,SR-56,Madison,IN,3.699,38.764900,-85.407000
72507,Golden Gate Fillmore,SR 99,Fillmore,UT,3.29733333,38.980500,-112.331300
72510,STUCK FLEET FUELING,US-19,Waynesburg,PA,4.499,39.891700,-80.179500
72514,Petro-Card 24 #910722,SR-6,Trenton,MO,3.149,40.082300,-93.608600
72515,PETRO-CARD 24 #910520,US-54BUS,Mexico,MO,3.229,39.171200,-91.889500
72519,CIRCLE K #2723050,SR-59,Hope Mills,NC,2.909,34.953600,-78.935400
72520,PETRO-CARD 24 #910160,US-50,Warrensburg,MO,3.299,38.766700,-93.727300
72521,PETRO-CARD 24 #910410,I-44/US-66,Lebanon,MO,3.099,37.685000,-92.655000
72522,MFA #910591,US-63,La Plata,MO,3.339,40.020800,-92.507700
72523,Petro-Card 24 #910820,US-60BUS,Willow Springs,MO,3.399,36.995800,-91.940500
72524,QuickChek #189,US-46,Ridgefield,NJ,3.25233333,40.832600,-74.001500
72526,PETRO-CARD 24 #911251,US-169,King City,MO,3.299,40.065200,-94.523400
72528,MFA #910260,SR-87/240,Glasgow,MO,3.3965,39.225700,-92.831800
72529,PETRO-CARD 24 #910530,US-24,Moberly,MO,3.419,39.420200,-92.435800
72530,PETRO-CARD 24 #910140,US-50 BUS,California,MO,3.459,38.622400,-92.545600
72531,PETRO-CARD 24 #910040,US-60 BUS,Aurora,MO,3.209,36.970900,-93.718000
72533,Fuel 4,US-9,Jersey City,NJ,3.239,40.728808,-74.068792
72534,Petro-Card 24 #911290,US-59,Mound City,MO,3.149,40.136200,-95.213800
72535,MFA #911310,SR-5,Centerville,IA,3.12566666,40.732600,-92.872800
72536,MFA 910281,SR-5,Milan,MO,3.299,40.184400,-93.136100
72537,PETRO-CARD 24 #910210,SR-7,Clinton,MO,3.399,38.401800,-93.785000
72538,Petro-Card 24 #910670,SR-51,Qulin,MO,3.199,36.581800,-90.261700
72540,MFA #910441,US-54,Louisiana,MO,3.049,39.433600,-91.066400
72541,MFA 911021,US-136,Tarkio,MO,3.329,40.441800,-95.378600
72542,MFA #910731,SR-15,Shelbina,MO,2.999,39.694700,-92.037100
72543,PETRO CARD 24,SR-18,Clinton,MO,3.399,38.401800,-93.785000
72544,BJS NEW UNDERWOOD,CR-1416,New Underwood,SD,3.699,44.087400,-102.813600
72546,MFA OIL #2028,SR-53,Poplar Bluff,MO,3.23233333,36.739350,-90.411800
72548,GASQUATCH,US-70/SR-3,Idabel,OK,3.10733333,33.885100,-94.802000
72550,TERRIBLE HERBST #388,I-15 Exit 91,Moapa,NV,3.549,36.675350,-114.658500
72551,Good 2 Go,US-81,Geneva,NE,3.36566666,40.527700,-97.609600
72552,VALLEYWIDE COUNTRY STORE,I- 86 Exit 40,American Falls,ID,3.599,42.635200,-112.945800
72553,Friendly Express,I-71 Exit 186 & US-250,Ashland,OH,3.199,40.855900,-82.318900
72554,CEFCO #422,SR-4,Baker,FL,3.299,30.831600,-86.677000
72556,STARMART,US-183,Goldthwaite,TX,3.099,31.445800,-98.574400
72557,LITTLE NECK SHELL,I-16 Exit 152,Bloomingdale,GA,3.099,32.117700,-81.308500
72558,Circle K #4703975,SR-109 & US-70,Lebanon,TN,2.87233333,36.178800,-86.285500
72559,SUN TRAVEL CENTER,I-55 EXIT 114A,Canton,MS,3.499,32.620500,-90.006100
72560,AMOCO,US 131 & US 12,White Pigeon,MI,3.559,41.792900,-85.675000
72560,AMOCO,US 131 & US 12,White Pigeon,MI,3.599,41.792900,-85.675000
72561,7-ELEVEN #38638,I-25 Exit 235,Erie,CO,3.399,40.059700,-105.068600
72562,7-ELEVEN #17703,US HWY 11,Martinsburg,WV,3.249,39.466000,-77.953640
72563,RACEWAY #6991,I-65 Exit 19 & US-43,Creola,AL,2.949,30.901300,-88.017400
72565,WEIGEL'S #102,I-75 & SR-30,Athens,TN,3.34733333,35.450150,-84.598650
72566,Loves  Travel Stop #826,I-70 Exit 75,Parachute,CO,3.59566666,39.451900,-108.052900
72567,THE TEXAN #12,US 87,La Vernia,TX,3.049,29.350900,-98.113000
72569,RACETRAC #204,US-19 & SR-400,Dawsonville,GA,3.319,34.453700,-84.155000
72570,Lake View Cheese & Liquor,I-43,Belgium,WI,3.25566666,43.499500,-87.850900
72571,MAVERIK #719,I-82 EXIT 33,Yakima,WA,3.909,46.593129,-120.609343
72571,MAVERIK #719,I-82 EXIT 33,Yakima,WA,3.899,46.593129,-120.609343
72571,MAVERIK #719,I-82 EXIT 33,Yakima,WA,3.929,46.593129,-120.609343
72572,GOOD 2 GO #713/ONE9 #1432,I-76 EXIT 21,Brighton,CO,3.269,39.952700,-104.822800
72572,GOOD 2 GO #713 DBA ONE9 #1432,I-76 EXIT 21,Brighton,CO,3.199,39.952700,-104.822800
72574,Loves Travel Stop #831,"I-10 & Fort Grant Rd, Exit 340",Willcox,AZ,3.33233333,32.312950,-109.847550
72575,Loves Travel Stop #864,US-98,Lucedale,MS,3.449,30.866800,-88.649000
72576,Pride Travel Center South,"I-291 & SR-5, EXIT 4",South Windsor,CT,3.909,41.834100,-72.557600
72577,QUIKTRIP #7205,"I-80, EXIT 161",Lansing,IL,3.079,41.566000,-87.544600
72577,QUIKTRIP #7205,"I-80, EXIT 161",Lansing,IL,3.249,41.566000,-87.544600
72577,QUIKTRIP #7205,"I-80, EXIT 161",Lansing,IL,3.179,41.566000,-87.544600
72578,QUIKTRIP #7247,"I-55, EXIT 85",Byram,MS,2.91566666,32.188800,-90.259500
72579,Raceway #6986,US-378 & CR-467,Sumter,SC,2.979,33.910075,-80.362975
72580,KWIK TRIP #1267,SR 29,Chippewa Falls,WI,3.39233333,44.936900,-91.392900
72581,FASTRAC MARKET #500266,I-87 Exit 18,Queensbury,NY,3.999,43.329000,-73.681800
72582,FASTRAC MARKET #500242,SR-12 & SR-5A,Utica,NY,3.999,43.099733,-75.232033
72582,FASTRAC MARKET #500242,SR-12 & SR-5A,Utica,NY,3.899,43.099733,-75.232033
72583,SHEETZ #769,I-80 Exit 232,Bloomsburg,PA,3.329,41.011500,-76.438400
72584,ONE9 #1359,"I-80, EXIT 30",Sparks,NV,3.549,39.582757,-119.727200
72585,GAS N WASH GREEN OAKS,"I-94, EXIT 16",Libertyville,IL,3.559,42.281000,-87.950000
72585,GAS N WASH GREEN OAKS,"I-94, EXIT 16",Libertyville,IL,3.599,42.281000,-87.950000
72586,Loves Travel Stop #875,"I-49, Exit 15",Opelousas,LA,3.08566666,30.523950,-92.085600
72587,Allsups Convenience #2416,I-20 EXIT 244 AND HWY 70,Sweetwater,TX,2.884,32.472600,-100.397900
72588,ALLSUPS CONVENIENCE #2430,US 380,Jacksboro,TX,3.044,33.234700,-98.168100
72589,ALLSUPS CONVENIENCE #2056,US 287,Memphis,TX,2.929,34.712200,-100.534700
72590,MAVERIK #716,I-80 & SR-351,Wells,NV,3.39233333,41.111600,-114.964500
72591,Quiktrip #7173,"I-20, EXIT 156",Pell City,AL,2.999,33.592600,-86.339900
72592,QUIKTRIP #7191,US-45 & I-57,Effingham,IL,3.199,39.121700,-88.561100
72592,QUIKTRIP #7191,US-45 & I-57,Effingham,IL,2.999,39.121700,-88.561100
72594,Quiktrip #7900,I-30 & FM-989,Texarkana,TX,2.85733333,33.435983,-94.078233
72595,CIRCLE K #2654400,SR-115,Kearneysville,WV,3.26566666,39.322000,-77.958800
72596,Hucks Food & Fuel #401 dba Pilot #1360,"I-69, EXIT 25",Mayfield,KY,3.599,36.732700,-88.650600
72597,CIRCLE K #4705697,US 422,Warren,OH,3.61233333,41.257233,-80.803183
72599,FATDOGS LEXINGTON,US-283,Lexington,NE,2.979,40.785000,-99.751500
72603,THORNTONS #170,I-465 Exit 46 & US-40,Indianapolis,IN,3.599,39.800271,-86.136173
72606,PETRO-CARD 24 #910474,US-65,Malta Bend,MO,3.439,39.148100,-93.377600
72607,TOWN PUMP FOOD STORE #6300,I-90 & US-191,Big Timber,MT,3.539,45.828300,-109.963100
72608,Petro-Card 24 #910640,US-61,Perryville,MO,3.099,37.717400,-89.873700
72610,JORDANS KWIK STOP #6,I-55 Exit 48 & SR-140,Osceola,AR,3.01233333,35.701900,-89.979800
72611,Kwik Trip # 1722,SR 35 & SR 553,Gwinn,MI,3.819,46.331100,-87.439700
72612,PETRO-CARD 24 #910411,I-44 & SR-32,Lebanon,MO,3.099,37.685000,-92.655000
72614,FAST FUEL FOOD STORES,SR-4,Gassaway,WV,3.56566666,38.686200,-80.786300
72615,U STOP #4,US-6,Lincoln,NE,3.399,40.817555,-96.688931
72616,PETRO-CARD 24 #910700,SR-32,Sainte Genevieve,MO,3.099,37.865500,-90.175200
72619,MARTYVILLE MARATHON,SR-25,Tishomingo,MS,3.279,34.647800,-88.219400
72620,CENEX,US-2,Leeds,ND,3.249,48.288900,-99.437600
72621,PETRO-CARD 24 #1047,SR-240,Slater,MO,3.459,39.216300,-93.054700
72622,Phillips 66,US- 60 & HWY AD,Dexter,MO,3.40233333,36.788500,-89.963900
72623,LENNYS FOOD N FUEL,US-6,Joliet,IL,3.499,41.513350,-88.070750
72623,LENNYS FOOD N FUEL,US-6,Joliet,IL,3.299,41.513350,-88.070750
72623,LENNYS FOOD N FUEL,US-6,Joliet,IL,3.399,41.513350,-88.070750
72623,LENNYS FOOD N FUEL,US-6,Joliet,IL,3.659,41.513350,-88.070750
72625,PETRO-CARD 24,SR-46 & US-71,Maryville,MO,3.129,40.343400,-94.873500
72626,MFA OIL,SR-18,Lake City,AR,3.399,35.817100,-90.442300
72628,Gas Pro 6,SR-121 & US-25,Trenton,SC,3.46566666,33.693800,-81.853400
72629,MFA #910600,SR-28,Owensville,MO,3.299,38.351100,-91.486700
72630,PETRO-CARD 24 #910250,US-54 BUS,Fulton,MO,3.299,38.851800,-91.960500
72631,THORNTONS #221348,I-355 & SR-7,Homer Glen,IL,3.849,41.602800,-87.959900
72631,THORNTONS #221348,I-355 & SR-7,Homer Glen,IL,3.899,41.602800,-87.959900
72631,THORNTONS #221348,I-355 & SR-7,Homer Glen,IL,3.899,41.602800,-87.959900
72631,THORNTONS #221348,I-355 & SR-7,Homer Glen,IL,3.899,41.602800,-87.959900
72631,THORNTONS #221348,I-355 & SR-7,Homer Glen,IL,3.849,41.602800,-87.959900
72631,THORNTONS #221348,I-355 & SR-7,Homer Glen,IL,3.899,41.602800,-87.959900
72633,Petro-Card 24 #910830,SR-52,Windsor,MO,3.499,38.527200,-93.526900
72634,MURPHY USA #7827,US-385 & US-60,Hereford,TX,2.829,34.837000,-102.405000
72635,GULF,SR-140,Boylston,MA,3.839,42.337700,-71.731000
72637,AZTEX #104,I-40 Exit 398,Knoxville,TN,3.359,35.971652,-83.964548
72639,ALLSUPS #2423,US-377 & US-70,Madill,OK,2.959,34.078400,-96.759700
72640,Kwik Trip # 1721,SR 553 & FM 480,Marquette,MI,3.819,46.578600,-87.454500
72642,LOVES TRAVEL STOP #857,US-95 & US-6,Tonopah,NV,3.71566666,38.067200,-117.230100
72643,ONCUE #147,"I-44, EXIT 12",Oklahoma City,OK,3.049,35.494951,-97.488642
72644,MAVERIK COUNTRY STORE #642,I-25 EXIT 262,Fort Collins,CO,3.259,40.573389,-105.070522
72645,MAVERIK #723,"I-10, EXIT 240",Marana,AZ,3.04566666,32.417600,-111.209750
72646,TOOT N TOTUM #131,US 87,Lamesa,TX,3.109,32.736700,-101.956900
72647,RACEWAY #6972,US-83 & US-43,Demopolis,AL,3.07733333,32.490800,-87.839700
72648,Loves Travel Stop #873,US 50,Canon City,CO,3.509,38.461350,-105.347200
72649,Love's Travel Stop #891,US 93,Jackpot,NV,3.62733333,41.888200,-114.723300
72650,Loves Travel Stop #862,I-35 Exit 65,Cotulla,TX,3.589,28.439800,-99.232800
72651,QUIKTRIP #7132,"I-16, EXIT 152",Bloomingdale,GA,3.03233333,32.117700,-81.308500
72652,Quiktrip #4148,I-35 & GRAND AVE PKWY,Pflugerville,TX,2.88233333,30.440750,-97.624950
72653,Quiktrip #7153,US-78 & EXIT #4,Olive Branch,MS,2.91566666,34.944100,-89.854400
72655,RACEWAY #6988,US-79 & US-41,Clarksville,TN,2.999,36.525360,-87.354700
72656,ALLSUPS #2437,HWY 176 & HWY 115,Andrews,TX,3.39566666,32.320100,-102.540900
72660,RACEWAY #6989,US-157 & COURT ST,Moulton,AL,3.049,34.505800,-87.222400
72663,LOC STOP TRAVEL CENTER,US-82,Dawson,GA,3.499,31.770300,-84.523800
72664,RACETRAC #2606,"I-30, EXIT 32B & SR-181",Grand Prairie,TX,2.92566666,32.694720,-97.017500
72666,CIRCLE K #2707043,"I-75/SR-401, EXIT 39 & SR-37",Adel,GA,2.999,31.125100,-83.421300
72667,LOVES TRAVEL STOP #884,"I-30, Exit 46",Prescott,AR,3.47566666,33.804000,-93.372500
72668,LOVES TRAVEL STOP #350,"I-19, Exit 12",Nogales,AZ,3.609,31.480333,-110.920700
72669,Quiktrip #356,US-81 & S Victoria RD,Wichita,KS,3.194,37.694591,-97.341863
72672,7-Eleven #42205,US 79,Hearne,TX,3.449,30.866900,-96.584300
72674,QUIKTRIP #7190,I-64 EXIT 94,Mount Vernon,IL,3.199,38.317000,-88.910500
72674,QUIKTRIP #7190,I-64 EXIT 94,Mount Vernon,IL,3.099,38.317000,-88.910500
72674,QUIKTRIP #7190,I-64 EXIT 94,Mount Vernon,IL,3.399,38.317000,-88.910500
72675,Maverik Country Store #715,I-80 EXIT 107,Big Springs,NE,3.10066666,41.069600,-102.093300
72676,KWIK TRIP #1212,"I 90, EXIT 43",Worthington,MN,3.164,43.628600,-95.605900
72677,KWIK TRIP #1256,SR 2 E,Iron Mountain,MI,3.279,45.821900,-88.068300
72677,KWIK TRIP #1256,SR 2 E,Iron Mountain,MI,3.399,45.821900,-88.068300
72677,KWIK TRIP #1256,SR 2 E,Iron Mountain,MI,3.289,45.821900,-88.068300
72678,FLYING J #1056,I-90/ I-80,Edon,OH,3.899,41.584200,-84.757000
72679,TEX BEST #532,US-281 & HWY 186,Edinburg,TX,3.02066666,26.373775,-98.175050
72680,RACEWAY #6990,US-98,Foley,AL,3.07566666,30.411450,-87.696050
72681,MAVERIK #691,I-76 EXIT 3,Denver,CO,3.284,39.738727,-104.981688
72682,Maverik #695,I-15 EXIT 276,American Fork,UT,3.349,40.392800,-111.794100
72683,HUCKS FOOD & FUEL #383,SR-57,Evansville,IN,3.759,37.996244,-87.570194
72685,CHUBBYS TRAVEL CENTER,"I-35, Exit 127",Natalia,TX,2.97233333,29.211700,-98.855200
72687,Kwik Trip #1203,US-71 & Airport Rd,Redwood Falls,MN,3.349,44.539400,-95.116900
72688,SHEETZ #772,I-70 EXIT 59,Springfield,OH,3.054,39.927650,-83.808300
72689,ROAD RANGER #285,I-10 EXIT 605,Seguin,TX,3.11066666,29.586550,-97.967000
72690,Noble East Lyme,"I-95, EXIT 75",East Lyme,CT,3.759,41.366800,-72.233000
72691,KUM & GO #2402,US 60,Springfield,MO,3.17566666,37.215575,-93.302606
72693,Kum & Go #2404,US 60,Aurora,MO,3.119,36.970900,-93.718000
72694,7-ELEVEN #42195,I-385 EXIT 23,Fountain Inn,SC,3.11566666,34.657800,-82.244100
72695,Quiktrip #7906,"I-20, EXIT 617 & US-59",Marshall,TX,2.83733333,32.531733,-94.351467
72696,QUIKTRIP #1742,"I-475/SR-408, exit 5 & SR-74",Macon,GA,3.089,32.818930,-83.665100
72698,QUIKTRIP #7242,"I-10, EXIT 31",Gulfport,MS,2.91566666,30.414383,-89.071117
72699,Quiktrip #7195,"I-355, EXIT 29",Addison,IL,3.079,41.933500,-88.005400
72699,Quiktrip #7195,"I-355, EXIT 29",Addison,IL,3.269,41.933500,-88.005400
72699,Quiktrip #7195,"I-355, EXIT 29",Addison,IL,3.179,41.933500,-88.005400
72700,RACEWAY #6726,"I-30, Exit 172",Thomson,GA,3.399,33.477400,-82.494200
72701,Loves Travel Stop #887,I-55 EXIT 178,Herculaneum,MO,3.15566666,38.262500,-90.389600
72702,Loves Travel Stop #854,I-49 EXIT 215,Shreveport,LA,2.93733333,32.553066,-93.759937
72705,SHEETZ #795,US-460 & CR-629,Disputanta,VA,2.98233333,37.148300,-77.273200
72706,Sheetz #790,I-77 EXIT 100,Mount Airy,NC,2.859,36.500700,-80.611900
72707,QUIKTRIP #4299,"I-25, EXIT 158",Monument,CO,3.159,39.100700,-104.854200
72709,KWIK TRIP #1299,FM 164,Sussex,WI,3.28566666,43.144100,-88.227100
72710,KWIK STAR #1285,I-229 EXIT 9,Sioux Falls,SD,2.95233333,43.589987,-96.750673
72711,Kwik Trip #1260,FM 65,Roberts,WI,3.424,44.987400,-92.559800
72713,Kwik Star #1217,FM 11,Sioux Falls,SD,2.939,43.589987,-96.750673
72714,LOVES TRAVEL STOP  #771,I-85 & SR-18,West Point,GA,3.679,32.833700,-85.119700
72715,FLYING J TRAVEL PLAZA #1372,"I-40, EXIT 28",Yucca,AZ,3.849,34.872200,-114.149400
72715,FLYING J #1372,"I-40, EXIT 28",Yucca,AZ,3.999,34.872200,-114.149400
72716,RACEWAY #7000,US-1 & SR-40,Folkston,GA,3.099,30.850800,-82.011600
72719,TA EXPRESS LITTLEFIELD,"I-15, EXIT 8",Littlefield,AZ,3.679,36.887200,-113.929700
72721,Racetrac #2625,SR 72 E & SHIELDS RD,Huntsville,AL,2.97733333,34.724517,-86.578767
72723,ONE9 #1362,"I-40, EXIT 253",Winslow,AZ,3.22566666,35.024200,-110.697400
72724,ONE9 #484,I-40 EXIT 146,Ash Fork,AZ,3.329,35.215000,-112.502700
72725,CASEYS #4481,US 75,Denison,TX,2.93566666,33.730950,-96.536550
72727,CASEYS #4319,SR-141,Perry,IA,3.129,41.839700,-94.102200
72728,CASEYS #4304,FM 103 & Belten Dr,Crete,NE,3.45733333,40.619300,-96.956700
72732,KUM & GO #2212,I-35 EXIT 89,Ankeny,IA,3.13233333,41.720300,-93.597400
72733,Parker's #94,US-17 N,Georgetown,SC,2.989,33.417250,-79.274950
72734,7-ELEVEN #41940,I-95,West Haven,CT,3.999,41.270100,-72.963800
72735,7-Eleven #41376,I-26 Exit 154B,Orangeburg,SC,3.22566666,33.514425,-80.866075
72736,FRIENDLY GUS STORE #12,I-16 Exit 49,Dublin,GA,3.27566666,32.499700,-82.926550
72737,Mollys Food and Fuel,"I-20, EXIT 175 & SR-150",Thomson,GA,3.499,33.477400,-82.494200
72738,BREAK TIME #3172,US-50/US-63,Jefferson City,MO,3.33566666,38.569818,-92.184918
72739,MAVERIK #712,US 70 & US 54,Alamogordo,NM,3.05566666,32.896350,-105.954400
72740,Caseys #4303,"I-80, EXIT 257 & US-183",Elm Creek,NE,3.03233333,40.730100,-99.372800
72741,Caseys #4298,"I-55, EXIT 220 & SR-47",Dwight,IL,3.349,41.088700,-88.415900
72742,Racetrac #2612,I-675 EXIT 7,Ellenwood,GA,3.109,33.616600,-84.293900
72743,PEOTONE TRAVEL CENTER,I-57 & SR-25,Peotone,IL,3.459,41.336100,-87.789700
72743,PEOTONE TRAVEL CENTER,I-57 & SR-25,Peotone,IL,3.499,41.336100,-87.789700
72745,Loves Travel Stop #870,US-81 Exit 12 & SR-12,Watertown,NY,4.149,43.941500,-75.904450
72746,PARKERS #103,"I-26, Exit 205A",Ladson,SC,3.28233333,32.993000,-80.125700
72747,One9 #1358,"I-40,  EXIT 16",Gallup,NM,3.24566666,35.494833,-108.751500
72748,HORIZON TRAVEL PLAZA,US-411,Cartersville,GA,2.934,34.197450,-84.793850
72749,KWIK TRIP #1282,FM 42 & S Duluth Ave,Sturgeon Bay,WI,3.50733333,44.843800,-87.375300
72750,QUIKTRIP #1943,I-35 EXIT 368 & SR 22,Hillsboro,TX,2.919,32.014900,-97.119800
72752,QUIKTRIP #7178,I-65 EXIT 13 & SR 158,Saraland,AL,2.95733333,30.833200,-88.093400
72753,QUIKTRIP #7908,I-40 EXIT 73,Amarillo,TX,2.874,35.253452,-101.865656
72754,RACETRAC #2495,US 41 & US 19,Griffin,GA,3.229,33.247650,-84.273100
72755,RACETRAC #2620,I-465 Exit 42,Indianapolis,IN,3.159,39.800271,-86.136173
72756,Loves Travel Stop #876,I-94 Exit 34A,Michigan City,IN,3.789,41.700750,-86.892500
72757,Loves Travel Stop #860,I-59 EXIT 1,Picayune,MS,3.15566666,30.541800,-89.691000
72758,CEFCO #1117,I-20 EXIT 617,Marshall,TX,2.83233333,32.531733,-94.351467
72759,Allsups Convenience Store #2461,US-87 & SR-137,Lamesa,TX,3.099,32.736700,-101.956900
72760,RaceWay #6999,US-84 & US-319,Thomasville,GA,3.16566666,30.841325,-83.953875
72761,RACETRAC #2629,US-72/US-43 & SR-20,Tuscumbia,AL,2.999,34.687400,-87.683300
72763,FASTRAC MARKET #500270,SR-5/SR-13,Canastota,NY,4.349,43.087800,-75.760200
72763,FASTRAC MARKET #500270,SR-5/SR-13,Canastota,NY,4.449,43.087800,-75.760200
72764,CUMBERLAND FARMS #004783,US-5,East Windsor,CT,4.049,41.909900,-72.602900
72765,FASTRAC MARKET #500203,SR-104 & CR-256,Wolcott,NY,3.819,43.234100,-76.821700
72765,FASTRAC MARKET #500203,SR-104 & CR-256,Wolcott,NY,3.799,43.234100,-76.821700
72766,QUIKTRIP #1873,US 287  33.054731932354194,Rhome,TX,2.899,33.054000,-97.481700
72767,QUIKTRIP #4227,I-25 EXIT 243,Mead,CO,3.14733333,40.234700,-104.999400
72768,ROAD RANGER #287,I-57 EXIT 318,Bourbonnais,IL,3.339,41.166100,-87.879000
72768,ROAD RANGER #287,I-57 EXIT 318,Bourbonnais,IL,3.379,41.166100,-87.879000
72769,TOOT N TOTUM #132,US 84,Lubbock,TX,2.97066666,33.574273,-101.871115
72770,RACETRAC #2634,I-95 Exit 77 & US-78,Saint George,SC,2.999,33.184500,-80.573200
72771,RACETRAC #2635,I-85 EXIT 44A,Greenville,SC,2.899,34.855065,-82.412500
72772,RACEWAY #6998,US-501 & SR-576,Marion,SC,3.01566666,34.156200,-79.389800
72773,RaceTrac #2626,I-20 Exit 472,Dallas,TX,2.864,32.788556,-96.787156
72774,STUCKEYS TRAVEL CENTER,I-10 EXIT 451,Orange,TX,2.80733333,30.113800,-93.814467
72775,CEFCO #2089,I-20 EXIT 288,Abilene,TX,2.76566666,32.446560,-99.739430
72776,MARATHON,"1-75, Exit 80",Sycamore,GA,3.299,31.655300,-83.606400
72778,KWIK STAR #1208,US-75,Sioux Center,IA,3.199,43.081400,-96.180000
72779,KWIK TRIP #1276,"I-90/I-39, EXIT 1 & SR-75",South Beloit,IL,3.469,42.483700,-89.029800
72779,KWIK TRIP #1276,"I-90/I-39, EXIT 1 & SR-75",South Beloit,IL,3.299,42.483700,-89.029800
72779,KWIK TRIP #1276,"I-90/I-39, EXIT 1 & SR-75",South Beloit,IL,3.449,42.483700,-89.029800
72781,SHEETZ #774,I-70 & SR-83,New Concord,OH,3.059,40.008800,-81.738700
72782,SHEETZ #791,"I-76, Exit 57",North Jackson,OH,3.06566666,41.088000,-80.862300
72783,SHEETZ #770,I-70 & US-42,London,OH,2.999,39.900100,-83.443900
72784,Maverik Country Store #724,"I-80/US-30, EXIT 221",Rawlins,WY,3.289,41.795100,-107.234900
72785,GAS N WASH,US 30,Crest Hill,IL,3.359,41.554800,-88.098700
72785,GAS N WASH,US 30,Crest Hill,IL,3.299,41.554800,-88.098700
72786,QUIKTRIP #333,"I-135, EXIT 31",Newton,KS,2.949,38.045100,-97.343500
72787,QUIKTRIP #7011,"I-35, EXIT 118",Oklahoma City,OK,3.03233333,35.494951,-97.488642
72788,MAVERIK #700,I-25 EXIT 215,Denver,CO,3.289,39.738727,-104.981688
72789,RACETRAC #237,HWY 30 & ROBERT WILSON RD,Gonzales,LA,3.17233333,30.226000,-90.893750
72791,LOVES TRAVEL STOP #850,SR-491 & RD. G,Cortez,CO,3.48233333,37.354900,-108.583700
72792,QUICKLEES,"I-190, EXIT 23",Niagara Falls,NY,3.999,43.096640,-79.027460
72793,TA EXPRESS BLAINE #917,"I-5, Exit 275",Blaine,WA,4.139,48.978650,-122.739700
72795,REFUEL #1337,SR-45/CR-1625,Buda,TX,2.999,30.091800,-97.853400
72796,PILOT #1399,"SR-303, EXIT 107",Litchfield Park,AZ,3.599,33.509800,-112.413500
72796,PILOT DEALER #1399,"SR-303, EXIT 107",Litchfield Park,AZ,3.584,33.509800,-112.413500
72797,KWIK TRIP #1215,"I-94, EXIT 135",Melrose,MN,3.32733333,45.658200,-94.819800
72798,Casey's #4539,US-75,Rock Rapids,IA,3.349,43.427200,-96.178100
72799,CASEYS #4384,"I-88 & SR-26, EXIT 54",Dixon,IL,3.479,41.847800,-89.489300
72799,CASEYS #4384,"I-88 & SR-26, EXIT 54",Dixon,IL,3.499,41.847800,-89.489300
72801,CASEYS #4388,"US-64, EXIT 29",Beebe,AR,3.189,35.093700,-91.907400
72802,Racing Mart Store,"I-495, Exit 36A",Wrentham,MA,3.899,42.061700,-71.339600
72803,Llanos Country Corner,"I-10/US-83, EXIT 456 & US-377",Junction,TX,2.919,30.475400,-99.747300
72804,7-Eleven #42174,"I-24, EXIT 211 & US-70",Nashville,TN,3.249,36.166456,-86.785662
72805,Stripes #42242,"SR 181, HWY 188",Sinton,TX,3.259,28.033900,-97.519600
72806,TA HOSSTON #939,"I-49, Exit 237",Hosston,LA,2.92233333,32.896700,-93.883400
72808,Allsups Convenience #2463,US-377,Aubrey,TX,2.899,33.292000,-96.987900
72809,LOVES TRAVEL STOP #894,I-95 EXIT 305,Saint Augustine,FL,3.44233333,29.906433,-81.385533
72810,QUIKTRIP #7,"I-244/US-412, Exit 10",Tulsa,OK,3.119,36.138438,-95.970035
72811,QUIKTRIP #50,SR-51,Broken Arrow,OK,3.129,36.035625,-95.783825
72812,Kwik Trip #748,US 8,Barron,WI,3.664,45.400500,-91.850000
72813,Allsups #2425,Hwy 144,Granbury,TX,3.029,32.436900,-97.751350
72814,ALLSUPS #2468,"I35, EXIT 5",Thackerville,OK,2.91733333,33.788200,-97.136300
72815,QUIKTRIP #7194,I-74 EXIT 182,Champaign,IL,3.299,40.115983,-88.275500
72815,QUIKTRIP #7194,I-74 EXIT 182,Champaign,IL,3.199,40.115983,-88.275500
72815,QUIKTRIP #7194,I-74 EXIT 182,Champaign,IL,3.099,40.115983,-88.275500
72816,QUIKTRIP #7914,I-27 EXIT 117,Amarillo,TX,2.84566666,35.253452,-101.865656
72817,QUIKTRIP #4174,I-35 Exit 285,Salado,TX,2.91566666,30.949400,-97.533000
72818,QUIKTRIP #7174,"I-65, EXIT 168",Montgomery,AL,2.999,32.302591,-86.244524
72819,QUIKTRIP #7925,I-69W,Laredo,TX,2.85066666,27.518557,-99.461743
72820,QUARLES #54232,us-385,Crane,TX,3.88566666,31.396900,-102.354400
72821,QUARLES #54231,CR-23 & CR-33,Eunice,NM,3.699,32.439200,-103.159400
72822,QUARLES #54225,US-83,Abilene,TX,3.499,32.446560,-99.739430
72827,QUARLES #54259,FM-1936,Odessa,TX,3.699,31.848278,-102.376622
72828,QUARLES #54250,US-80,Abilene,TX,3.31233333,32.446560,-99.739430
72830,QUARLES #54261,"I-20, EXIT 37",Pecos,TX,3.749,31.446700,-103.579100
72831,QUARLES #54262,CR-64,Hobbs,NM,3.699,32.745700,-103.162100
72835,QUARLES #54277,SR-137,Big Lake,TX,3.849,31.417000,-101.542300
72836,QUARLES #54281,SR-208,Snyder,TX,3.66566666,32.731500,-100.917550
72837,QUARLES #54284,US-285,Loving,NM,3.799,32.274000,-104.091400
72839,QUARLES #54293,CR-64,Hobbs,NM,3.699,32.745700,-103.162100
72841,QUARLES #54296,SR-214 & CR-370,Denver City,TX,3.799,32.971100,-102.831300
72844,QUARLES #54332,US-285,Pecos,TX,3.759,31.446700,-103.579100
72847,QUARLES #54341,US-87,Big Spring,TX,3.649,32.276000,-101.415900
72848,QUARLES #54347,US-67,Rankin,TX,3.699,31.226600,-101.944100
72849,QUARLES #54349,CR-1140,Midland,TX,3.66566666,31.939173,-102.066982
72851,QUARLES #54367,FM-1787,Midland,TX,3.799,31.939173,-102.066982
72853,QUARLES #54520,SR-589,Purvis,MS,2.979,31.149600,-89.462300
72855,GAS N WASH,SR 59,Plainfield,IL,3.559,41.606967,-88.212500
72855,GAS N WASH,SR 59,Plainfield,IL,3.599,41.606967,-88.212500
72857,7-ELEVEN #42019,SR-3 & SR-4,Yukon,OK,3.159,35.493600,-97.741150
72859,CASEYS #4286,SR-32,Crawfordsville,IN,3.56233333,40.032500,-86.907400
72860,Circle K #2707070,"SR 378, Route 467",Sumter,SC,2.99233333,33.910075,-80.362975
72861,SPRINT MART #4143,"I-20, EXIT 89",Vance,AL,3.059,33.175000,-87.257400
72863,Double Quick #92,US-61,Cleveland,MS,3.18233333,33.683500,-90.775200
72864,SUNSTOP #430,US-27,Bainbridge,GA,3.599,30.908833,-84.575967
72867,Maverik #731,I-15 EXIT 190,Helena,MT,3.549,46.619712,-112.017250
72868,MAVERIK #737,I-15 EXIT 116,Idaho Falls,ID,3.40566666,43.484743,-112.004357
72869,MAVERIK #738,I-90 EXIT 129,Gillette,WY,3.359,44.171633,-105.514167
72871,Maverik #727,I-8 EXIT 3,Yuma,AZ,3.179,32.680540,-114.558540
72872,QUIKTRIP #7926,US 59 & SR 20,Laredo,TX,2.859,27.518557,-99.461743
72873,QUIKTRIP #7206,I-39 EXIT 15 & US 20,Rockford,IL,3.199,42.284764,-89.089664
72873,QUIKTRIP #7206,I-39 EXIT 15 & US 20,Rockford,IL,3.119,42.284764,-89.089664
72873,QUIKTRIP #7206,I-39 EXIT 15 & US 20,Rockford,IL,2.969,42.284764,-89.089664
72873,QUIKTRIP #7206,I-39 EXIT 15 & US 20,Rockford,IL,3.019,42.284764,-89.089664
72874,QUIKTRIP #4076,I-35 EXIT 191,New Braunfels,TX,2.91566666,29.721350,-98.130375
72875,QUIKTRIP #4183,SR 195 & Shell RD,Georgetown,TX,2.91566666,30.656125,-97.713325
72876,QUIKTRIP #1139,"I-385, EXIT 23",Fountain Inn,SC,3.01733333,34.657800,-82.244100
72877,QUIKTRIP #7177,"I-10, EXIT 15A",Theodore,AL,2.88233333,30.516200,-88.217000
72879,QUIKTRIP #4002,US-87,Comfort,TX,2.96566666,29.967700,-98.905000
72880,PARKERS #97,US 80,Bloomingdale,GA,3.03233333,32.117700,-81.308500
72882,CASEYS #4330,"I-40, EXIT 221",Okemah,OK,2.92566666,35.464700,-96.328700
72884,CEFCO #435,"I-10, EXIT 44 & US-90",Loxley,AL,3.02566666,30.618000,-87.756200
72885,RACEWAY #6960,US-431 & Westgate PKWY,Dothan,AL,3.199,31.202760,-85.399620
72886,PILOT #1381,US-190 & Rose Marie Blvd,Hearne,TX,3.499,30.866900,-96.584300
72888,STRIPES #42591,US-87,Mason,TX,3.299,30.743400,-99.226100
72889,DK,SR 83,Denver City,TX,3.319,32.971100,-102.831300
72891,GAS N WASH,"I-57, EXIT 354",Alsip,IL,3.599,41.672100,-87.735700
72891,GAS N WASH,"I-57, EXIT 354",Alsip,IL,3.399,41.672100,-87.735700
72893,Racetrac #2586,I-95 & 20th ST,Vero Beach,FL,3.159,27.644930,-80.432060
72894,Allsups Convenience Store #2458,US-287 & FM-1655,Alvord,TX,2.899,33.369800,-97.688500
72895,Allsups#2465,SR 7,Davis,OK,2.96733333,34.500650,-97.110750
72896,PILOT #1283,I-45 & SR-31,Corsicana,TX,3.04233333,32.047633,-96.456533
72899,RACEWAY #7002,US 79 & 59,Carthage,TX,2.82066666,32.154400,-94.352700
72901,FATDOGS GRAND ISLAND TRAVEL CENTER,I-80 & HWY 281,Grand Island,NE,2.979,40.907667,-98.410167
72902,CIRCLE K #2704593,SR-24 &  SR-690,Spring Lake,NC,3.079,35.183000,-78.978600
72903,Kent Kwik #221,SR-338,Odessa,TX,2.989,31.848278,-102.376622
72904,CEFCO #112,US-281,Marble Falls,TX,2.929,30.578400,-98.275100
72905,TA EXPRESS PLEASANTON #445,I-37 EXIT 109,Pleasanton,TX,3.099,28.992400,-98.483100
72906,Maverik #734,I-25 EXIT 94,Pueblo,CO,3.289,38.230442,-104.604475
72907,QUIKTRIP #7913,"I-20, EXIT 20 & SR-18",Monahans,TX,2.859,31.581300,-102.900300
72908,QUIKTRIP #1042,"I-85, EXIT 17B & US-321",Gastonia,NC,3.264,35.254140,-81.176140
72909,FAT DOGS LINCOLN TC,"I-80, EXIT 399",Lincoln,NE,3.099,40.817555,-96.688931
72910,Ogden Cardlock (Bulk Plant),I-15 EXIT 343,Ogden,UT,3.489,41.239508,-111.965408
72912,Salina Cardlock (Bulk Plant),I-70 EXIT 56,Salina,UT,3.449,38.956000,-111.881100
72916,CASEYS #2562,SR 140 & SR 156,Ellsworth,KS,3.46566666,38.731200,-98.205700
72918,QUIKTRIP #7076,"I-75, EXIT 101",Cordele,GA,3.03233333,31.936900,-83.784450
72919,QUIKTRIP #7096,I-75 & EXIT 51,Dayton,OH,3.03233333,39.746584,-84.199540
72920,Circle K #4701686,"I-70, Exit 224 & SR-370",Saint Peters,MO,3.05066666,38.780200,-90.622800
72921,CIRCLE K #4701677,"I-44, Exit 226",Sullivan,MO,3.324,38.230700,-91.156700
72922,SUNOCO,SR-640,Willoughby,OH,3.859,41.635000,-81.407050
72923,76,US-84,Brookhaven,MS,3.149,31.577167,-90.463133
72924,SHERMAN TRAVEL CENTER,SR-9,Senatobia,MS,3.029,34.632300,-89.885500
72925,AMOCO,US-52 & SR-340,Darlington,SC,3.199,34.342300,-79.857700
72926,Amoco,US-31 & US-10,Scottville,MI,3.359,43.954700,-86.280100
72926,Amoco,US-31 & US-10,Scottville,MI,3.399,43.954700,-86.280100
72926,Amoco,US-31 & US-10,Scottville,MI,3.379,43.954700,-86.280100
72927,Bell Stores #165,US-30,Wooster,OH,3.51566666,40.809400,-81.948300
72930,SPARTA CO-OP,SR-27,Sparta,WI,3.189,43.954000,-90.814600
72933,CHEVRON #385988,SR-124,Lithonia,GA,3.399,33.708950,-84.130950
72934,CIRCLE K #2706987,"I-37, Exit 118",Corpus Christi,TX,3.099,27.762360,-97.434843
72935,Circle K #2722258,US-17 & SR-40,Pierson,FL,3.40233333,29.222600,-81.435300
72936,Circle K #2707549,SR-471 & SR-48,Bushnell,FL,3.499,28.661100,-82.155300
72937,CIRCLE K #2723997,SR024,Stedman,NC,3.399,35.034700,-78.694900
72938,CIRCLE K #2723205,I-285 & CR-1642,Winston Salem,NC,3.52066666,36.065508,-80.241000
72939,CIRCLE K #2655872,"I-75, Exit 252B",Atlanta,GA,3.50566666,33.817077,-84.380226
72940,Circle K #3909,SR-236,Clarksville,TN,3.329,36.525360,-87.354700
72941,CIRCLE K #2740389,I-55 & US-51,Hammond,LA,3.249,30.507200,-90.475225
72942,CIRCLE K #2742777,US-62/180,El Paso,TX,3.19066666,31.722307,-106.343082
72943,CIRCLE K #2706805,SR-415 & SR-76,Port Allen,LA,3.359,30.472000,-91.254100
72944,Circle K #2709094,US-62 & SR-327,Lubbock,TX,3.099,33.574273,-101.871115
72945,CIRCLE K #2707057,SR-59 & CR-12,Foley,AL,3.09233333,30.411450,-87.696050
72947,Circle K #9556,SR-202,Phoenix,AZ,3.38566666,33.491612,-112.079255
72948,CIRCLE K #2746514,SR-23,Watford City,ND,3.599,47.804300,-103.258200
72949,BOURBON TRAVEL PLAZA,US-30,Bourbon,IN,3.499,41.309800,-86.117400
72950,Conoco,US-95,MC DERMITT,NV,4.299,41.970800,-117.673700
72951,DK,SR-36,Abilene,TX,2.849,32.446560,-99.739430
72953,GRAND AVENUE EXPRESS,I-35 & FM-372,Gainesville,TX,2.999,33.632550,-97.097600
72956,Handee Hugos #1,SR-87,Riegelwood,NC,3.49733333,34.347100,-78.257500
72957,IRVING,SR-11,Augusta,ME,3.899,44.334840,-69.779080
72958,Jack Flash Pana,SR-16,Pana,IL,3.199,39.397100,-89.104800
72958,Jack Flash Pana,SR-16,Pana,IL,3.159,39.397100,-89.104800
72958,Jack Flash Pana,SR-16,Pana,IL,3.099,39.397100,-89.104800
72959,JORDANS #75,US-67,Newport,AR,3.299,35.598800,-91.257100
72960,KENT KWIK #206,FM-2020,Odessa,TX,3.02566666,31.848278,-102.376622
72963,MAVERIK #5358,"I-25, Exit 145",Colorado Springs,CO,3.33066666,38.844228,-104.767930
72965,Maverik #674,"I-15, Exit 45",North Las Vegas,NV,3.28233333,36.252260,-115.145260
72966,MCCLURE STORE #15,SR-9,Marion,IN,3.694,40.555100,-85.667850
72967,BINKS TENAHA QUICK STOP,US-59/US-84,Tenaha,TX,3.059,31.940800,-94.248800
72968,LOVES TRAVEL STOP #883,US-52 EXIT 120,Rural Hall,NC,3.57733333,36.237625,-80.293450
72969,LOVES TRAVEL STOP #555,US-30,Delphos,OH,3.30566666,40.833600,-84.324700
72970,PAC PRIDE,"I-96, Exit 26",Grand Rapids,MI,3.729,42.979527,-85.613319
72970,PAC PRIDE,"I-96, Exit 26",Grand Rapids,MI,3.659,42.979527,-85.613319
72970,PAC PRIDE,"I-96, Exit 26",Grand Rapids,MI,3.679,42.979527,-85.613319
72972,LOVES TRAVEL STOP #886,I-44 EXIT 29,Sarcoxie,MO,3.40066666,37.072400,-94.115100
72973,PETE'S 49,US-166 & US-169,Coffeyville,KS,3.214,37.044100,-95.632800
72974,USTOP 34,US-77,Lincoln,NE,3.499,40.817555,-96.688931
72975,SHEETZ #804,"I-95, Exit 41",Hope Mills,NC,2.859,34.953600,-78.935400
72976,RED DOG,"I-10, EXIT 72",Egan,LA,3.049,30.251000,-92.500200
72978,SHELL SERVICE STATION,SR-302,Byhalia,MS,3.099,34.885400,-89.676300
72979,RICKY ROCKETS,"I-57, EXIT 312",Kankakee,IL,3.399,41.116600,-87.869600
72979,RICKY ROCKETS,"I-57, EXIT 312",Kankakee,IL,3.379,41.116600,-87.869600
72981,Sprint Mart #2301,I-565 & CR-115,Madison,AL,3.49233333,34.710667,-86.767833
72982,SUNOCO,I-10 & SR-328,Breaux Bridge,LA,2.85566666,30.294800,-91.829600
72983,SUNSTOP #303,SR-100,Lake City,FL,3.55066666,30.181375,-82.648025
72984,TERRIBLE HERBST #341,US-95,Indian Springs,NV,3.899,36.569700,-115.670600
72985,THE PRIDE OF VILLA PARK,SR-64,Villa Park,IL,3.299,41.879900,-87.978200
72985,THE PRIDE OF VILLA PARK,SR-64,Villa Park,IL,3.349,41.879900,-87.978200
72986,THE PRIDE OF ELGIN,SR-31,Elgin,IL,3.499,42.041920,-88.308020
72987,The Texan,US-285 & CR-116,Pecos,TX,2.999,31.446700,-103.579100
72988,Thorntons #221354,US-12,Lake Zurich,IL,3.399,42.216500,-88.076900
72988,Thorntons #221354,US-12,Lake Zurich,IL,3.349,42.216500,-88.076900
72989,THORNTONS #442562,SR-63,Monroe,OH,3.199,39.441300,-84.365200
72990,TA Express Jonesboro,I-555 EXIT 39,Jonesboro,AR,3.39233333,35.806140,-90.717060
72991,THORNTONS #221345,US-20,Hanover Park,IL,3.759,41.999500,-88.145100
72993,H AND R OIL COMPANY,"SR-4, EXIT 8",Lexington,KY,3.249,38.029579,-84.484936
72995,LOVES TRAVEL STOP #569,I-84 EXIT 304,Baker City,OR,3.45733333,44.774900,-117.834400
72996,LOVES TRAVEL STOP #504,I-76 EXIT 232,North Lima,OH,3.78733333,40.964900,-80.654900
72998,83 FUEL STOP,US-83,Catarina,TX,2.959,28.359800,-99.586000
72999,Aeg Petroleum,US-70 & SR-467,Portales,NM,3.68566666,34.179900,-103.336300
73000,TXB,FM-2147,Horseshoe Bay,TX,2.929,30.544300,-98.373900
73003,GAS PRO TRAVEL CENTER,US-25 & SR-88,Hephzibah,GA,3.599,33.343300,-82.088700
73005,NOBLE,US-20,Sturbridge,MA,3.999,42.112600,-72.084200
73007,VALERO,"I-85, EXIT 28 & SR-100",Hogansville,GA,3.66566666,33.164400,-84.930900
73008,MUSTANG XPRESS,US-183 & FM-1327,Austin,TX,3.33233333,30.309436,-97.762286
73009,THRIFT BULL TRUCK STOP,SR-103,San Augustine,TX,3.499,31.515200,-94.132600
73012,FUELPORT # 1,FM-143,San Antonio,TX,3.049,29.464699,-98.498407
73013,247 TRUCK STOP,I-40 EXIT 247,Widener,AR,2.999,35.059200,-90.629300
73014,CIRCLE K #2726298,SR 33 & SR 50,Mascotte,FL,3.539,28.583000,-81.894100
73015,76,US 40,Franklinville,NJ,3.169,39.615600,-75.040900
73016,PARKERS #112,SR 67,Statesboro,GA,3.199,32.438925,-81.762450
73017,U Stop #36,US 136 & SR 50,Tecumseh,NE,3.399,40.369700,-96.205000
73018,Smart Stop Travel Center,US 271 & SR 37,Bogata,TX,3.199,33.469900,-95.193700
73021,Circle K #2746245,I 35W EXIT 6,Minneapolis,MN,3.599,44.982377,-93.296100
73025,151 TRAVEL CENTER,SR 34 & N Central Rd,Darlington,SC,3.299,34.342300,-79.857700
73026,Gas N Wash,SR-171,Lemont,IL,3.299,41.707400,-87.975600
73026,Gas N Wash,SR-171,Lemont,IL,3.599,41.707400,-87.975600
73026,Gas N Wash,SR-171,Lemont,IL,3.499,41.707400,-87.975600
73028,PETRO HENDERSON #968,"I-11, EXIT 15A",Henderson,NV,3.639,35.996950,-115.020883
73029,One9 #1417,I-35 Exit 323,Lorena,TX,2.90233333,31.409300,-97.230200
73030,SPEED TREK TRAVEL CENTER,I-90 EXIT 25,Belvidere,IL,3.899,42.259500,-88.850900
73030,SPEED TREK TRAVEL CENTER,I-90 EXIT 25,Belvidere,IL,3.699,42.259500,-88.850900
73030,SPEED TREK TRAVEL CENTER,I-90 EXIT 25,Belvidere,IL,3.799,42.259500,-88.850900
73031,Travel Refresh,US 59,Corrigan,TX,2.949,31.040800,-94.812400
73032,Parkers #110,SR 56,Augusta,GA,3.19233333,33.432962,-82.075146
73033,QUARLES #54242,SR-152,Pampa,TX,3.499,35.535700,-100.956950
73035,QUIKTRIP #7909,US-10,El Paso,TX,2.849,31.722307,-106.343082
73036,Maverik Country Store #741,US-80,Rock Springs,WY,3.30733333,41.596750,-109.216450
73037,TA EXPRESS #567,"I-20, EXIT 81 & SR-149",Ruston,LA,3.114,32.554367,-92.647200
73039,Spinx  #292,"I-26, EXIT 10",Inman,SC,3.16566666,35.052800,-82.054000
73040,TAILGATE #3,SR 21,Bryan,TX,3.599,30.685714,-96.367071
73041,Racetrac #182,US- 19,Hampton,GA,2.999,33.412400,-84.294700
73042,MAVERIK #728,Hwy 483,Lovington,NM,3.094,32.951200,-103.348800
73043,MAVERIK #740,"I-25, EXIT 347",Las Vegas,NM,3.16233333,35.594900,-105.227200
73044,Maverik #732,"US 20, EXIT 310",Idaho Falls,ID,3.394,43.484743,-112.004357
73045,MAVERIK #717,US-395,Spokane,WA,3.979,47.664696,-117.398543
73045,MAVERIK #717,US-395,Spokane,WA,3.999,47.664696,-117.398543
73046,Refuel #63,US 501 & SR 544,Conway,SC,3.134,33.863867,-79.040733
73047,RACETRAC #2642,"I-70, EXIT 77",Indianapolis,IN,3.259,39.800271,-86.136173
73048,ALLSUPS CONVENIENCE STORE #2473,US-287,Bowie,TX,2.899,33.556800,-97.837300
73051,CIRCLE K #2709540,"I-10, EXIT 10 & SR-90",Sierra Vista,AZ,3.629,31.562225,-110.266425
73052,Circle K #2701875,US-78 E,Grovetown,GA,3.499,33.450400,-82.198200
73053,Circle K #2746108,"I-90/US-212, EXIT 447",Billings,MT,3.579,45.796836,-108.515986
73055,CIRCLE K #4707124,SR-3,Liberty,ME,4.099,44.374100,-69.330600
73056,CIRCLE K #2723033,"I-295, EXIT 21A & I-95",Fayetteville,NC,3.279,35.044870,-78.905890
73057,CIRCLE K #2703586,US-550 & SR-516,Flora Vista,NM,3.719,36.802800,-108.082700
73058,CIRCLE K #4707605,SR-365/SR-69/SR-49 & SR-26,Rome,NY,3.999,43.224450,-75.447950
73059,CIRCLE K #4705626,"I-77/US-62, EXIT 105 & SR-172",Canton,OH,3.459,40.814772,-81.382900
73061,Circle K #2709045,"US-62 & SR-375, EXIT 39",El Paso,TX,3.20233333,31.722307,-106.343082
73062,CIRCLE K #2741849,SR-358 & SR-286,Corpus Christi,TX,3.124,27.762360,-97.434843
73063,HOLIDAY STATIONSTORE #2746223,"I-35, EXIT 135 & US-61",Andover,MN,3.499,45.237700,-93.272400
73064,7-ELEVEN #42315,"I-85, Exit 88",Lexington,NC,3.399,35.849600,-80.276600
73065,RACETRAC #2631,"I-75, EXIT 285 & US-41/SR-3",Emerson,GA,2.88733333,34.120000,-84.757000
73066,QUIKTRIP #1499,I-10 EXIT 267,Tucson,AZ,3.06233333,32.225478,-110.944676
73067,J STARR,I-29 EXIT 8,Hankinson,ND,3.499,46.055800,-96.899100
73068,MAVERIK #5369,SR 21,Colorado Springs,CO,3.499,38.844228,-104.767930
73071,7-Eleven #42340,SR-340/SR-6,Woodway,TX,2.93233333,31.505100,-97.231100
73072,QUIKTRIP #7204,"I-57, EXIT 337 & SR-50",University Park,IL,3.249,41.441800,-87.710100
73072,QUIKTRIP #7204,"I-57, EXIT 337 & SR-50",University Park,IL,3.079,41.441800,-87.710100
73072,QUIKTRIP #7204,"I-57, EXIT 337 & SR-50",University Park,IL,3.179,41.441800,-87.710100
73073,QUIKTRIP #7075,"I-16/SR-404, EXIT 51 & US-441",Dublin,GA,2.999,32.499700,-82.926550
73074,RACETRAC #2641,HWY 59 & FM 989,Texarkana,TX,2.85733333,33.435983,-94.078233
73075,ALLSUPS CONVENIENCE STORE #2470,SR 18,Eunice,NM,3.099,32.439200,-103.159400
73076,MAVERIK #5148,US 40,Kremmling,CO,3.679,40.063200,-106.395500
73078,Shelee's Travel Center,"I-10, Exit 146",Coachella,CA,3.949,33.675000,-116.177200
73078,Shelee's Travel Center,"I-10, Exit 146",Coachella,CA,3.959,33.675000,-116.177200
73079,PILOT DEALER #1433,I-10 EXIT 160,Chandler,AZ,3.504,33.292587,-111.850238
73079,PILOT #1433,I-10 EXIT 160,Chandler,AZ,3.499,33.292587,-111.850238
73080,Circle K #2707255,"I-75, Exit 60",Tifton,GA,3.06233333,31.462900,-83.543600
73081,ALLSUPS #2476,I-40 EXIT 38 & SR 6,Elk City,OK,2.93066666,35.411200,-99.412700
73082,KWIK STAR #1153,US 71,Milford,IA,3.324,43.319600,-95.161500
73083,Kwik Star #1213,I-380 EXIT 2,North Liberty,IA,3.159,41.744300,-91.606100
73084,Kwik Trip #747,I-94 ALT & US-12,Baldwin,WI,3.499,44.965700,-92.365500
73085,Loves Travel Stop #550,I-75 EXIT 13,Valdosta,GA,3.22233333,30.842343,-83.269800
73088,Pilot #1390,I-16 Exit  143,Ellabell,GA,3.30566666,32.127300,-81.498300
73088,Pilot Travel Center #1390,I-16 Exit  143,Ellabell,GA,3.28566666,32.127300,-81.498300
73090,Quiktrip #1148,I-26 EXIT 53,Flat Rock,NC,2.849,35.289000,-82.391600
73092,QUIKTRIP #4042,I-10,Converse,TX,2.94566666,29.517300,-98.321700
73093,GAS N WASH,I-355 EXIT 7,Lockport,IL,3.499,41.593000,-88.050700
73093,GAS N WASH,I-355 EXIT 7,Lockport,IL,3.399,41.593000,-88.050700
73094,MARATHON,US-24,Taylor,MI,3.539,42.231700,-83.267300
73094,MARATHON,US-24,Taylor,MI,3.499,42.231700,-83.267300
73095,Quiktrip #7250,US 49,Richland,MS,2.91566666,32.228700,-90.159100
73096,KWIK TRIP #748,US 8,Barron,WI,3.64733333,45.400500,-91.850000
73098,KWIK TRIP #1269,SR 27,Cadott,WI,3.40066666,44.963000,-91.169900
73099,Kwik Star #1296,SR 115,Harrisburg,SD,2.939,43.446000,-96.686400
73100,MAVERIK #747,I-215 Exit 21,Salt Lake City,UT,3.39233333,40.709875,-111.888812
73101,7-ELEVEN 42279,"I-76, Exit 39",Keenesburg,CO,3.149,40.095800,-104.446400
73103,RaceTrac #2654,I-20 EXIT 130,Greensboro,GA,3.399,33.563700,-83.170200
73106,ALLSUPS CONVENIENCE STORE #2472,US-75,Atoka,OK,2.96733333,34.344500,-96.141800
73112,SHEETZ #831,I-26 EXIT 44 & US 25,Hendersonville,NC,2.859,35.329900,-82.488750
73114,ROAD RANGER #319,"I-35E, EXIT 381",Milford,TX,3.03066666,32.148200,-96.961200
73117,MAVERIK #722,"I-29, EXIT 304",Baker City,OR,3.459,44.774900,-117.834400
73118,ALLSUPS #2432,US 287 & SR 34,Ennis,TX,2.929,32.333400,-96.627950
73119,Stinker #122,I-84 EXIT 36,Nampa,ID,3.40233333,43.602680,-116.612120
73120,Kwik Star #1184,US 61,Dubuque,IA,3.489,42.498660,-90.686480
73125,KWIK TRIP #1283,SR 83 & W CAPITOL DR,Hartland,WI,3.749,43.117200,-88.344600
73126,Kwik Trip #1298,US 10,Mondovi,WI,3.349,44.487700,-91.680700
73127,Gas N Wash,"I-55, EXIT 285",Chicago,IL,3.399,41.854213,-87.676050
73128,ALLSUPS CONVENIENCE STORE #2477,HWY 69 & 11th st,Kiowa,OK,2.95733333,34.727800,-95.932800
73129,SHEETZ #837,I-94,Romulus,MI,3.099,42.222300,-83.396600
73130,A One Stop,"I-45, EXIT 246",Ennis,TX,2.93566666,32.333400,-96.627950
73131,Sheetz #838,"I-85, Exit 71",Salisbury,NC,2.859,35.658650,-80.482425
